[0m09:23:50.162353 [debug] [MainThread]: Sending event: {'category': 'dbt', 'action': 'invocation', 'label': 'start', 'context': [<snowplow_tracker.self_describing_json.SelfDescribingJson object at 0x000001FC43313DD0>, <snowplow_tracker.self_describing_json.SelfDescribingJson object at 0x000001FC432CC8D0>, <snowplow_tracker.self_describing_json.SelfDescribingJson object at 0x000001FC432CE590>]}


============================== 09:23:50.193180 | aaf9455a-a8d0-4908-9f05-37fde149e6ea ==============================
[0m09:23:50.193180 [info ] [MainThread]: Running with dbt=1.9.4
[0m09:23:50.194182 [debug] [MainThread]: running dbt with arguments {'printer_width': '80', 'indirect_selection': 'eager', 'write_json': 'True', 'log_cache_events': 'False', 'partial_parse': 'True', 'cache_selected_only': 'False', 'warn_error': 'None', 'version_check': 'True', 'fail_fast': 'False', 'log_path': 'logs', 'profiles_dir': 'C:\\Users\\Rajiv Nair\\.dbt', 'debug': 'False', 'use_colors': 'True', 'use_experimental_parser': 'False', 'no_print': 'None', 'quiet': 'False', 'empty': 'None', 'log_format': 'default', 'static_parser': 'True', 'invocation_command': 'dbt debug', 'introspect': 'True', 'target_path': 'None', 'warn_error_options': 'WarnErrorOptions(include=[], exclude=[])', 'send_anonymous_usage_stats': 'True'}
[0m09:23:50.371666 [info ] [MainThread]: dbt version: 1.9.4
[0m09:23:50.373680 [info ] [MainThread]: python version: 3.11.0
[0m09:23:50.374676 [info ] [MainThread]: python path: C:\Users\Rajiv Nair\AppData\Local\Programs\Python\Python311\python.exe
[0m09:23:50.375675 [info ] [MainThread]: os info: Windows-10-10.0.26120-SP0
[0m09:23:55.195109 [info ] [MainThread]: Using profiles dir at C:\Users\Rajiv Nair\.dbt
[0m09:23:55.196066 [info ] [MainThread]: Using profiles.yml file at C:\Users\Rajiv Nair\.dbt\profiles.yml
[0m09:23:55.198105 [info ] [MainThread]: Using dbt_project.yml file at C:\Users\Rajiv Nair\jeans_mfg_data_pipeline\dbt_project.yml
[0m09:23:55.198945 [error] [MainThread]: Encountered an error:
Internal Error
  Profile should not be None if loading profile completed
[0m09:23:55.200992 [debug] [MainThread]: Command `dbt debug` failed at 09:23:55.200992 after 5.20 seconds
[0m09:23:55.201951 [debug] [MainThread]: Sending event: {'category': 'dbt', 'action': 'invocation', 'label': 'end', 'context': [<snowplow_tracker.self_describing_json.SelfDescribingJson object at 0x000001FC43313E10>, <snowplow_tracker.self_describing_json.SelfDescribingJson object at 0x000001FC432F5B90>, <snowplow_tracker.self_describing_json.SelfDescribingJson object at 0x000001FC3C879090>]}
[0m09:23:55.201951 [debug] [MainThread]: Flushing usage events
[0m09:23:55.806784 [debug] [MainThread]: An error was encountered while trying to flush usage events
[0m00:59:52.911444 [debug] [MainThread]: Sending event: {'category': 'dbt', 'action': 'invocation', 'label': 'start', 'context': [<snowplow_tracker.self_describing_json.SelfDescribingJson object at 0x00000226F9CA8890>, <snowplow_tracker.self_describing_json.SelfDescribingJson object at 0x00000226F9AC2710>, <snowplow_tracker.self_describing_json.SelfDescribingJson object at 0x00000226F9AC1F50>]}


============================== 00:59:52.944904 | e7f35dfc-4b20-47ad-834f-128245bebdfc ==============================
[0m00:59:52.944904 [info ] [MainThread]: Running with dbt=1.9.4
[0m00:59:52.951406 [debug] [MainThread]: running dbt with arguments {'printer_width': '80', 'indirect_selection': 'eager', 'write_json': 'True', 'log_cache_events': 'False', 'partial_parse': 'True', 'cache_selected_only': 'False', 'profiles_dir': 'C:\\Users\\Rajiv Nair\\.dbt', 'debug': 'False', 'warn_error': 'None', 'log_path': 'logs', 'fail_fast': 'False', 'version_check': 'True', 'use_colors': 'True', 'use_experimental_parser': 'False', 'empty': 'None', 'quiet': 'False', 'no_print': 'None', 'warn_error_options': 'WarnErrorOptions(include=[], exclude=[])', 'static_parser': 'True', 'introspect': 'True', 'invocation_command': 'dbt debug', 'target_path': 'None', 'log_format': 'default', 'send_anonymous_usage_stats': 'True'}
[0m00:59:53.171212 [info ] [MainThread]: dbt version: 1.9.4
[0m00:59:53.181504 [info ] [MainThread]: python version: 3.11.0
[0m00:59:53.188588 [info ] [MainThread]: python path: C:\Users\Rajiv Nair\AppData\Local\Programs\Python\Python311\python.exe
[0m00:59:53.199706 [info ] [MainThread]: os info: Windows-10-10.0.26120-SP0
[0m00:59:58.131155 [info ] [MainThread]: Using profiles dir at C:\Users\Rajiv Nair\.dbt
[0m00:59:58.131155 [info ] [MainThread]: Using profiles.yml file at C:\Users\Rajiv Nair\.dbt\profiles.yml
[0m00:59:58.131155 [info ] [MainThread]: Using dbt_project.yml file at C:\Users\Rajiv Nair\jeans_mfg_data_pipeline\dbt_project.yml
[0m00:59:58.131155 [error] [MainThread]: Encountered an error:
Internal Error
  Profile should not be None if loading profile completed
[0m00:59:58.141536 [debug] [MainThread]: Command `dbt debug` failed at 00:59:58.141536 after 5.43 seconds
[0m00:59:58.142873 [debug] [MainThread]: Sending event: {'category': 'dbt', 'action': 'invocation', 'label': 'end', 'context': [<snowplow_tracker.self_describing_json.SelfDescribingJson object at 0x00000226F9CEF810>, <snowplow_tracker.self_describing_json.SelfDescribingJson object at 0x00000226F3229090>, <snowplow_tracker.self_describing_json.SelfDescribingJson object at 0x00000226F3229C10>]}
[0m00:59:58.142873 [debug] [MainThread]: Flushing usage events
[0m00:59:58.766832 [debug] [MainThread]: An error was encountered while trying to flush usage events
[0m18:45:03.173796 [debug] [MainThread]: Sending event: {'category': 'dbt', 'action': 'invocation', 'label': 'start', 'context': [<snowplow_tracker.self_describing_json.SelfDescribingJson object at 0x00000243F76182D0>, <snowplow_tracker.self_describing_json.SelfDescribingJson object at 0x00000243F79AB4D0>, <snowplow_tracker.self_describing_json.SelfDescribingJson object at 0x00000243F794E5D0>]}


============================== 18:45:03.205763 | edbad488-53de-4a61-9646-1252ddfee795 ==============================
[0m18:45:03.205763 [info ] [MainThread]: Running with dbt=1.10.5
[0m18:45:03.206768 [debug] [MainThread]: running dbt with arguments {'printer_width': '80', 'indirect_selection': 'eager', 'log_cache_events': 'False', 'write_json': 'True', 'partial_parse': 'True', 'cache_selected_only': 'False', 'warn_error': 'None', 'version_check': 'True', 'fail_fast': 'False', 'log_path': 'logs', 'debug': 'False', 'profiles_dir': 'C:\\Users\\Rajiv Nair\\.dbt', 'use_colors': 'True', 'use_experimental_parser': 'False', 'empty': 'None', 'quiet': 'False', 'no_print': 'None', 'warn_error_options': 'WarnErrorOptionsV2(error=[], warn=[], silence=[])', 'static_parser': 'True', 'invocation_command': 'dbt debug', 'introspect': 'True', 'target_path': 'None', 'log_format': 'default', 'send_anonymous_usage_stats': 'True'}
[0m18:45:03.422877 [info ] [MainThread]: dbt version: 1.10.5
[0m18:45:03.424876 [info ] [MainThread]: python version: 3.11.0
[0m18:45:03.424876 [info ] [MainThread]: python path: C:\Users\Rajiv Nair\AppData\Local\Programs\Python\Python311\python.exe
[0m18:45:03.425924 [info ] [MainThread]: os info: Windows-10-10.0.26220-SP0
[0m18:45:14.872950 [debug] [MainThread]: Spark adapter: Setting pyhive.hive logging to ERROR
[0m18:45:14.874949 [debug] [MainThread]: Spark adapter: Setting thrift.transport logging to ERROR
[0m18:45:14.875968 [debug] [MainThread]: Spark adapter: Setting thrift.protocol logging to ERROR
[0m18:45:28.765811 [info ] [MainThread]: Using profiles dir at C:\Users\Rajiv Nair\.dbt
[0m18:45:28.767896 [info ] [MainThread]: Using profiles.yml file at C:\Users\Rajiv Nair\.dbt\profiles.yml
[0m18:45:28.768869 [info ] [MainThread]: Using dbt_project.yml file at C:\Data Engineering\jeans_mfg_data_pipeline\dbt_project.yml
[0m18:45:28.769868 [error] [MainThread]: Encountered an error:
Internal Error
  Profile should not be None if loading profile completed
[0m18:45:28.772154 [debug] [MainThread]: Command `dbt debug` failed at 18:45:28.772154 after 25.77 seconds
[0m18:45:28.773155 [debug] [MainThread]: Sending event: {'category': 'dbt', 'action': 'invocation', 'label': 'end', 'context': [<snowplow_tracker.self_describing_json.SelfDescribingJson object at 0x00000243F79AB4D0>, <snowplow_tracker.self_describing_json.SelfDescribingJson object at 0x00000243F79AAF90>, <snowplow_tracker.self_describing_json.SelfDescribingJson object at 0x00000243F79AA110>]}
[0m18:45:28.774122 [debug] [MainThread]: Flushing usage events
[0m18:45:29.382696 [debug] [MainThread]: An error was encountered while trying to flush usage events
[0m18:49:48.136370 [debug] [MainThread]: Sending event: {'category': 'dbt', 'action': 'invocation', 'label': 'start', 'context': [<snowplow_tracker.self_describing_json.SelfDescribingJson object at 0x00000247BA54EA10>, <snowplow_tracker.self_describing_json.SelfDescribingJson object at 0x00000247BA54E850>, <snowplow_tracker.self_describing_json.SelfDescribingJson object at 0x00000247BA54E9D0>]}


============================== 18:49:48.142394 | c183deb3-fed2-4b77-bf8c-61fc2638aa06 ==============================
[0m18:49:48.142394 [info ] [MainThread]: Running with dbt=1.10.5
[0m18:49:48.143395 [debug] [MainThread]: running dbt with arguments {'printer_width': '80', 'indirect_selection': 'eager', 'write_json': 'True', 'log_cache_events': 'False', 'partial_parse': 'True', 'cache_selected_only': 'False', 'warn_error': 'None', 'version_check': 'True', 'fail_fast': 'False', 'log_path': 'logs', 'debug': 'False', 'profiles_dir': 'C:\\Users\\Rajiv Nair\\.dbt', 'use_colors': 'True', 'use_experimental_parser': 'False', 'empty': 'None', 'quiet': 'False', 'no_print': 'None', 'log_format': 'default', 'invocation_command': 'dbt debug', 'warn_error_options': 'WarnErrorOptionsV2(error=[], warn=[], silence=[])', 'introspect': 'True', 'target_path': 'None', 'static_parser': 'True', 'send_anonymous_usage_stats': 'True'}
[0m18:49:48.189252 [info ] [MainThread]: dbt version: 1.10.5
[0m18:49:48.191268 [info ] [MainThread]: python version: 3.11.0
[0m18:49:48.192302 [info ] [MainThread]: python path: C:\Users\Rajiv Nair\AppData\Local\Programs\Python\Python311\python.exe
[0m18:49:48.193265 [info ] [MainThread]: os info: Windows-10-10.0.26220-SP0
[0m18:49:49.631160 [debug] [MainThread]: Spark adapter: Setting pyhive.hive logging to ERROR
[0m18:49:49.632117 [debug] [MainThread]: Spark adapter: Setting thrift.transport logging to ERROR
[0m18:49:49.633114 [debug] [MainThread]: Spark adapter: Setting thrift.protocol logging to ERROR
[0m18:49:51.743993 [info ] [MainThread]: Using profiles dir at C:\Users\Rajiv Nair\.dbt
[0m18:49:51.744971 [info ] [MainThread]: Using profiles.yml file at C:\Users\Rajiv Nair\.dbt\profiles.yml
[0m18:49:51.745973 [info ] [MainThread]: Using dbt_project.yml file at C:\Data Engineering\jeans_mfg_data_pipeline\dbt_project.yml
[0m18:49:51.746981 [error] [MainThread]: Encountered an error:
Internal Error
  Profile should not be None if loading profile completed
[0m18:49:51.748752 [debug] [MainThread]: Command `dbt debug` failed at 18:49:51.748752 after 3.72 seconds
[0m18:49:51.749751 [debug] [MainThread]: Sending event: {'category': 'dbt', 'action': 'invocation', 'label': 'end', 'context': [<snowplow_tracker.self_describing_json.SelfDescribingJson object at 0x00000247BA5B0790>, <snowplow_tracker.self_describing_json.SelfDescribingJson object at 0x00000247BA5B27D0>, <snowplow_tracker.self_describing_json.SelfDescribingJson object at 0x00000247BA5B0B90>]}
[0m18:49:51.749751 [debug] [MainThread]: Flushing usage events
[0m18:49:52.283771 [debug] [MainThread]: An error was encountered while trying to flush usage events
[0m18:53:44.165361 [debug] [MainThread]: Sending event: {'category': 'dbt', 'action': 'invocation', 'label': 'start', 'context': [<snowplow_tracker.self_describing_json.SelfDescribingJson object at 0x000002C683884690>, <snowplow_tracker.self_describing_json.SelfDescribingJson object at 0x000002C687994710>, <snowplow_tracker.self_describing_json.SelfDescribingJson object at 0x000002C6879EB990>]}


============================== 18:53:44.174317 | 87bb024d-66ed-4845-b37e-561894fdcda9 ==============================
[0m18:53:44.174317 [info ] [MainThread]: Running with dbt=1.10.5
[0m18:53:44.178317 [debug] [MainThread]: running dbt with arguments {'printer_width': '80', 'indirect_selection': 'eager', 'log_cache_events': 'False', 'write_json': 'True', 'partial_parse': 'True', 'cache_selected_only': 'False', 'warn_error': 'None', 'debug': 'False', 'profiles_dir': 'C:\\Users\\Rajiv Nair\\.dbt', 'log_path': 'logs', 'fail_fast': 'False', 'version_check': 'True', 'use_colors': 'True', 'use_experimental_parser': 'False', 'empty': 'None', 'quiet': 'False', 'no_print': 'None', 'warn_error_options': 'WarnErrorOptionsV2(error=[], warn=[], silence=[])', 'introspect': 'True', 'static_parser': 'True', 'log_format': 'default', 'target_path': 'None', 'invocation_command': 'dbt debug', 'send_anonymous_usage_stats': 'True'}
[0m18:53:44.259339 [info ] [MainThread]: dbt version: 1.10.5
[0m18:53:44.261863 [info ] [MainThread]: python version: 3.11.0
[0m18:53:44.264878 [info ] [MainThread]: python path: C:\Users\Rajiv Nair\AppData\Local\Programs\Python\Python311\python.exe
[0m18:53:44.266886 [info ] [MainThread]: os info: Windows-10-10.0.26220-SP0
[0m18:53:44.692907 [info ] [MainThread]: Using profiles dir at C:\Users\Rajiv Nair\.dbt
[0m18:53:44.694908 [info ] [MainThread]: Using profiles.yml file at C:\Users\Rajiv Nair\.dbt\profiles.yml
[0m18:53:44.695908 [info ] [MainThread]: Using dbt_project.yml file at C:\Data Engineering\jeans_mfg_data_pipeline\dbt_project.yml
[0m18:53:44.707907 [info ] [MainThread]: adapter type: postgres
[0m18:53:44.711908 [info ] [MainThread]: adapter version: 1.8.2
[0m18:53:44.717910 [info ] [MainThread]: Configuration:
[0m18:53:44.719907 [info ] [MainThread]:   profiles.yml file [[32mOK found and valid[0m]
[0m18:53:44.721905 [info ] [MainThread]:   dbt_project.yml file [[31mERROR not found[0m]
[0m18:53:44.723916 [info ] [MainThread]: Required dependencies:
[0m18:53:44.725908 [debug] [MainThread]: Executing "git --help"
[0m18:53:45.087366 [debug] [MainThread]: STDOUT: "b"usage: git [-v | --version] [-h | --help] [-C <path>] [-c <name>=<value>]\n           [--exec-path[=<path>]] [--html-path] [--man-path] [--info-path]\n           [-p | --paginate | -P | --no-pager] [--no-replace-objects] [--no-lazy-fetch]\n           [--no-optional-locks] [--no-advice] [--bare] [--git-dir=<path>]\n           [--work-tree=<path>] [--namespace=<name>] [--config-env=<name>=<envvar>]\n           <command> [<args>]\n\nThese are common Git commands used in various situations:\n\nstart a working area (see also: git help tutorial)\n   clone      Clone a repository into a new directory\n   init       Create an empty Git repository or reinitialize an existing one\n\nwork on the current change (see also: git help everyday)\n   add        Add file contents to the index\n   mv         Move or rename a file, a directory, or a symlink\n   restore    Restore working tree files\n   rm         Remove files from the working tree and from the index\n\nexamine the history and state (see also: git help revisions)\n   bisect     Use binary search to find the commit that introduced a bug\n   diff       Show changes between commits, commit and working tree, etc\n   grep       Print lines matching a pattern\n   log        Show commit logs\n   show       Show various types of objects\n   status     Show the working tree status\n\ngrow, mark and tweak your common history\n   backfill   Download missing objects in a partial clone\n   branch     List, create, or delete branches\n   commit     Record changes to the repository\n   merge      Join two or more development histories together\n   rebase     Reapply commits on top of another base tip\n   reset      Reset current HEAD to the specified state\n   switch     Switch branches\n   tag        Create, list, delete or verify a tag object signed with GPG\n\ncollaborate (see also: git help workflows)\n   fetch      Download objects and refs from another repository\n   pull       Fetch from and integrate with another repository or a local branch\n   push       Update remote refs along with associated objects\n\n'git help -a' and 'git help -g' list available subcommands and some\nconcept guides. See 'git help <command>' or 'git help <concept>'\nto read about a specific subcommand or concept.\nSee 'git help git' for an overview of the system.\n""
[0m18:53:45.089359 [debug] [MainThread]: STDERR: "b''"
[0m18:53:45.090357 [info ] [MainThread]:  - git [[32mOK found[0m]

[0m18:53:45.092365 [info ] [MainThread]: Connection:
[0m18:53:45.094356 [info ] [MainThread]:   host: postgres_airflow_db
[0m18:53:45.097366 [info ] [MainThread]:   port: 5432
[0m18:53:45.099356 [info ] [MainThread]:   user: airflow
[0m18:53:45.101362 [info ] [MainThread]:   database: airflow
[0m18:53:45.103367 [info ] [MainThread]:   schema: public
[0m18:53:45.104356 [info ] [MainThread]:   connect_timeout: 10
[0m18:53:45.106356 [info ] [MainThread]:   role: None
[0m18:53:45.109357 [info ] [MainThread]:   search_path: None
[0m18:53:45.111355 [info ] [MainThread]:   keepalives_idle: 0
[0m18:53:45.116378 [info ] [MainThread]:   sslmode: None
[0m18:53:45.119355 [info ] [MainThread]:   sslcert: None
[0m18:53:45.121361 [info ] [MainThread]:   sslkey: None
[0m18:53:45.123363 [info ] [MainThread]:   sslrootcert: None
[0m18:53:45.124369 [info ] [MainThread]:   application_name: dbt
[0m18:53:45.129356 [info ] [MainThread]:   retries: 1
[0m18:53:45.132358 [info ] [MainThread]: Registered adapter: postgres=1.8.2
[0m18:53:46.553196 [debug] [MainThread]: Acquiring new postgres connection 'debug'
[0m18:53:46.720087 [debug] [MainThread]: Using postgres connection "debug"
[0m18:53:46.721086 [debug] [MainThread]: On debug: select 1 as id
[0m18:53:46.722091 [debug] [MainThread]: Opening a new connection, currently in state init
[0m18:53:48.038785 [debug] [MainThread]: Postgres adapter: Got a retryable error when attempting to open a postgres connection.
1 attempts remaining. Retrying in 0 seconds.
Error:
could not translate host name "postgres_airflow_db" to address: No such host is known. 

[0m18:53:48.891395 [debug] [MainThread]: Postgres adapter: Error running SQL: select 1 as id
[0m18:53:48.893392 [debug] [MainThread]: Postgres adapter: Rolling back transaction.
[0m18:53:48.895394 [debug] [MainThread]: On debug: No close available on handle
[0m18:53:48.896393 [info ] [MainThread]:   Connection test: [[31mERROR[0m]

[0m18:53:48.902413 [info ] [MainThread]: [31m2 checks failed:[0m
[0m18:53:48.904406 [info ] [MainThread]: Project loading failed for the following reason:
 project path <C:\Data Engineering\jeans_mfg_data_pipeline\dbt_project.yml> not found

[0m18:53:48.910401 [info ] [MainThread]: dbt was unable to connect to the specified database.
The database returned the following error:

  >Database Error
  could not translate host name "postgres_airflow_db" to address: No such host is known. 
  

Check your database credentials and try again. For more information, visit:
https://docs.getdbt.com/docs/configure-your-profile


[0m18:53:48.914392 [debug] [MainThread]: Command `dbt debug` failed at 18:53:48.914392 after 4.89 seconds
[0m18:53:48.915408 [debug] [MainThread]: Connection 'debug' was properly closed.
[0m18:53:48.916402 [debug] [MainThread]: Sending event: {'category': 'dbt', 'action': 'invocation', 'label': 'end', 'context': [<snowplow_tracker.self_describing_json.SelfDescribingJson object at 0x000002C6879EBA90>, <snowplow_tracker.self_describing_json.SelfDescribingJson object at 0x000002C680CD5A10>, <snowplow_tracker.self_describing_json.SelfDescribingJson object at 0x000002C680CD65D0>]}
[0m18:53:48.917403 [debug] [MainThread]: Flushing usage events
[0m18:53:49.441358 [debug] [MainThread]: An error was encountered while trying to flush usage events
[0m22:32:51.381139 [debug] [MainThread]: Sending event: {'category': 'dbt', 'action': 'invocation', 'label': 'start', 'context': [<snowplow_tracker.self_describing_json.SelfDescribingJson object at 0x00000163FD48F350>, <snowplow_tracker.self_describing_json.SelfDescribingJson object at 0x00000163FD4C8190>, <snowplow_tracker.self_describing_json.SelfDescribingJson object at 0x00000163FD4C8110>]}


============================== 22:32:51.413867 | 00ac4941-fc89-4276-bc03-a5f4684c4bd1 ==============================
[0m22:32:51.413867 [info ] [MainThread]: Running with dbt=1.10.5
[0m22:32:51.414862 [debug] [MainThread]: running dbt with arguments {'printer_width': '80', 'indirect_selection': 'eager', 'log_cache_events': 'False', 'write_json': 'True', 'partial_parse': 'True', 'cache_selected_only': 'False', 'warn_error': 'None', 'version_check': 'True', 'debug': 'False', 'log_path': 'logs', 'profiles_dir': 'C:\\Users\\Rajiv Nair\\.dbt', 'fail_fast': 'False', 'use_colors': 'True', 'use_experimental_parser': 'False', 'empty': 'None', 'quiet': 'False', 'no_print': 'None', 'warn_error_options': 'WarnErrorOptionsV2(error=[], warn=[], silence=[])', 'static_parser': 'True', 'invocation_command': 'dbt debug', 'log_format': 'default', 'target_path': 'None', 'introspect': 'True', 'send_anonymous_usage_stats': 'True'}
[0m22:32:51.584661 [info ] [MainThread]: dbt version: 1.10.5
[0m22:32:51.585659 [info ] [MainThread]: python version: 3.11.0
[0m22:32:51.586656 [info ] [MainThread]: python path: C:\Users\Rajiv Nair\AppData\Local\Programs\Python\Python311\python.exe
[0m22:32:51.586656 [info ] [MainThread]: os info: Windows-10-10.0.26220-SP0
[0m22:32:51.836360 [info ] [MainThread]: Using profiles dir at C:\Users\Rajiv Nair\.dbt
[0m22:32:51.837320 [info ] [MainThread]: Using profiles.yml file at C:\Users\Rajiv Nair\.dbt\profiles.yml
[0m22:32:51.837971 [info ] [MainThread]: Using dbt_project.yml file at C:\Data Engineering\jeans_mfg_data_pipeline\dbt_project.yml
[0m22:32:51.840530 [info ] [MainThread]: adapter type: postgres
[0m22:32:51.841360 [info ] [MainThread]: adapter version: 1.8.2
[0m22:32:51.842374 [info ] [MainThread]: Configuration:
[0m22:32:51.844395 [info ] [MainThread]:   profiles.yml file [[32mOK found and valid[0m]
[0m22:32:51.845407 [info ] [MainThread]:   dbt_project.yml file [[31mERROR not found[0m]
[0m22:32:51.846396 [info ] [MainThread]: Required dependencies:
[0m22:32:51.846396 [debug] [MainThread]: Executing "git --help"
[0m22:32:52.174535 [debug] [MainThread]: STDOUT: "b"usage: git [-v | --version] [-h | --help] [-C <path>] [-c <name>=<value>]\n           [--exec-path[=<path>]] [--html-path] [--man-path] [--info-path]\n           [-p | --paginate | -P | --no-pager] [--no-replace-objects] [--no-lazy-fetch]\n           [--no-optional-locks] [--no-advice] [--bare] [--git-dir=<path>]\n           [--work-tree=<path>] [--namespace=<name>] [--config-env=<name>=<envvar>]\n           <command> [<args>]\n\nThese are common Git commands used in various situations:\n\nstart a working area (see also: git help tutorial)\n   clone      Clone a repository into a new directory\n   init       Create an empty Git repository or reinitialize an existing one\n\nwork on the current change (see also: git help everyday)\n   add        Add file contents to the index\n   mv         Move or rename a file, a directory, or a symlink\n   restore    Restore working tree files\n   rm         Remove files from the working tree and from the index\n\nexamine the history and state (see also: git help revisions)\n   bisect     Use binary search to find the commit that introduced a bug\n   diff       Show changes between commits, commit and working tree, etc\n   grep       Print lines matching a pattern\n   log        Show commit logs\n   show       Show various types of objects\n   status     Show the working tree status\n\ngrow, mark and tweak your common history\n   backfill   Download missing objects in a partial clone\n   branch     List, create, or delete branches\n   commit     Record changes to the repository\n   merge      Join two or more development histories together\n   rebase     Reapply commits on top of another base tip\n   reset      Reset current HEAD to the specified state\n   switch     Switch branches\n   tag        Create, list, delete or verify a tag object signed with GPG\n\ncollaborate (see also: git help workflows)\n   fetch      Download objects and refs from another repository\n   pull       Fetch from and integrate with another repository or a local branch\n   push       Update remote refs along with associated objects\n\n'git help -a' and 'git help -g' list available subcommands and some\nconcept guides. See 'git help <command>' or 'git help <concept>'\nto read about a specific subcommand or concept.\nSee 'git help git' for an overview of the system.\n""
[0m22:32:52.175541 [debug] [MainThread]: STDERR: "b''"
[0m22:32:52.176534 [info ] [MainThread]:  - git [[32mOK found[0m]

[0m22:32:52.177541 [info ] [MainThread]: Connection:
[0m22:32:52.177541 [info ] [MainThread]:   host: localhost
[0m22:32:52.178534 [info ] [MainThread]:   port: 5432
[0m22:32:52.180226 [info ] [MainThread]:   user: airflow
[0m22:32:52.180713 [info ] [MainThread]:   database: airflow
[0m22:32:52.181559 [info ] [MainThread]:   schema: public
[0m22:32:52.182566 [info ] [MainThread]:   connect_timeout: 10
[0m22:32:52.183571 [info ] [MainThread]:   role: None
[0m22:32:52.184565 [info ] [MainThread]:   search_path: None
[0m22:32:52.185566 [info ] [MainThread]:   keepalives_idle: 0
[0m22:32:52.186614 [info ] [MainThread]:   sslmode: None
[0m22:32:52.187570 [info ] [MainThread]:   sslcert: None
[0m22:32:52.188568 [info ] [MainThread]:   sslkey: None
[0m22:32:52.191571 [info ] [MainThread]:   sslrootcert: None
[0m22:32:52.194612 [info ] [MainThread]:   application_name: dbt
[0m22:32:52.195566 [info ] [MainThread]:   retries: 1
[0m22:32:52.197613 [info ] [MainThread]: Registered adapter: postgres=1.8.2
[0m22:32:52.878086 [debug] [MainThread]: Acquiring new postgres connection 'debug'
[0m22:32:53.255607 [debug] [MainThread]: Using postgres connection "debug"
[0m22:32:53.256605 [debug] [MainThread]: On debug: select 1 as id
[0m22:32:53.256605 [debug] [MainThread]: Opening a new connection, currently in state init
[0m22:32:53.774747 [debug] [MainThread]: Postgres adapter: Got a retryable error when attempting to open a postgres connection.
1 attempts remaining. Retrying in 0 seconds.
Error:
connection to server at "localhost" (::1), port 5432 failed: FATAL:  password authentication failed for user "airflow"

[0m22:32:53.845742 [debug] [MainThread]: Postgres adapter: Error running SQL: select 1 as id
[0m22:32:53.846741 [debug] [MainThread]: Postgres adapter: Rolling back transaction.
[0m22:32:53.846741 [debug] [MainThread]: On debug: No close available on handle
[0m22:32:53.847743 [info ] [MainThread]:   Connection test: [[31mERROR[0m]

[0m22:32:53.848740 [info ] [MainThread]: [31m2 checks failed:[0m
[0m22:32:53.849751 [info ] [MainThread]: Project loading failed for the following reason:
 project path <C:\Data Engineering\jeans_mfg_data_pipeline\dbt_project.yml> not found

[0m22:32:53.851746 [info ] [MainThread]: dbt was unable to connect to the specified database.
The database returned the following error:

  >Database Error
  connection to server at "localhost" (::1), port 5432 failed: FATAL:  password authentication failed for user "airflow"
  

Check your database credentials and try again. For more information, visit:
https://docs.getdbt.com/docs/configure-your-profile


[0m22:32:53.853790 [debug] [MainThread]: Command `dbt debug` failed at 22:32:53.852743 after 2.58 seconds
[0m22:32:53.853790 [debug] [MainThread]: Connection 'debug' was properly closed.
[0m22:32:53.854741 [debug] [MainThread]: Sending event: {'category': 'dbt', 'action': 'invocation', 'label': 'end', 'context': [<snowplow_tracker.self_describing_json.SelfDescribingJson object at 0x00000163F67565D0>, <snowplow_tracker.self_describing_json.SelfDescribingJson object at 0x00000163F6755A10>, <snowplow_tracker.self_describing_json.SelfDescribingJson object at 0x00000163FD48FF90>]}
[0m22:32:53.855741 [debug] [MainThread]: Flushing usage events
[0m22:32:54.461693 [debug] [MainThread]: An error was encountered while trying to flush usage events
[0m22:40:51.076138 [debug] [MainThread]: Sending event: {'category': 'dbt', 'action': 'invocation', 'label': 'start', 'context': [<snowplow_tracker.self_describing_json.SelfDescribingJson object at 0x00000196E03A6210>, <snowplow_tracker.self_describing_json.SelfDescribingJson object at 0x00000196E03A5B90>, <snowplow_tracker.self_describing_json.SelfDescribingJson object at 0x00000196E03A7310>]}


============================== 22:40:51.081174 | 879662bc-ab32-48ef-885e-d51cb37a3e6d ==============================
[0m22:40:51.081174 [info ] [MainThread]: Running with dbt=1.10.5
[0m22:40:51.082129 [debug] [MainThread]: running dbt with arguments {'printer_width': '80', 'indirect_selection': 'eager', 'write_json': 'True', 'log_cache_events': 'False', 'partial_parse': 'True', 'cache_selected_only': 'False', 'profiles_dir': 'C:\\Data Engineering\\jeans_mfg_data_pipeline', 'fail_fast': 'False', 'version_check': 'True', 'log_path': 'C:\\Data Engineering\\jeans_mfg_data_pipeline\\logs', 'warn_error': 'None', 'debug': 'False', 'use_colors': 'True', 'use_experimental_parser': 'False', 'empty': 'None', 'quiet': 'False', 'no_print': 'None', 'log_format': 'default', 'static_parser': 'True', 'warn_error_options': 'WarnErrorOptionsV2(error=[], warn=[], silence=[])', 'invocation_command': 'dbt debug', 'target_path': 'None', 'introspect': 'True', 'send_anonymous_usage_stats': 'True'}
[0m22:40:51.133154 [info ] [MainThread]: dbt version: 1.10.5
[0m22:40:51.135142 [info ] [MainThread]: python version: 3.11.0
[0m22:40:51.137144 [info ] [MainThread]: python path: C:\Users\Rajiv Nair\AppData\Local\Programs\Python\Python311\python.exe
[0m22:40:51.139137 [info ] [MainThread]: os info: Windows-10-10.0.26220-SP0
[0m22:40:51.146674 [info ] [MainThread]: Using profiles dir at C:\Data Engineering\jeans_mfg_data_pipeline
[0m22:40:51.147675 [info ] [MainThread]: Using profiles.yml file at C:\Data Engineering\jeans_mfg_data_pipeline\profiles.yml
[0m22:40:51.150669 [info ] [MainThread]: Using dbt_project.yml file at C:\Data Engineering\jeans_mfg_data_pipeline\dbt_project.yml
[0m22:40:51.302057 [info ] [MainThread]: Configuration:
[0m22:40:51.303264 [info ] [MainThread]:   profiles.yml file [[31mERROR invalid[0m]
[0m22:40:51.304272 [info ] [MainThread]:   dbt_project.yml file [[31mERROR invalid[0m]
[0m22:40:51.305273 [info ] [MainThread]: Required dependencies:
[0m22:40:51.306273 [debug] [MainThread]: Executing "git --help"
[0m22:40:51.401813 [debug] [MainThread]: STDOUT: "b"usage: git [-v | --version] [-h | --help] [-C <path>] [-c <name>=<value>]\n           [--exec-path[=<path>]] [--html-path] [--man-path] [--info-path]\n           [-p | --paginate | -P | --no-pager] [--no-replace-objects] [--no-lazy-fetch]\n           [--no-optional-locks] [--no-advice] [--bare] [--git-dir=<path>]\n           [--work-tree=<path>] [--namespace=<name>] [--config-env=<name>=<envvar>]\n           <command> [<args>]\n\nThese are common Git commands used in various situations:\n\nstart a working area (see also: git help tutorial)\n   clone      Clone a repository into a new directory\n   init       Create an empty Git repository or reinitialize an existing one\n\nwork on the current change (see also: git help everyday)\n   add        Add file contents to the index\n   mv         Move or rename a file, a directory, or a symlink\n   restore    Restore working tree files\n   rm         Remove files from the working tree and from the index\n\nexamine the history and state (see also: git help revisions)\n   bisect     Use binary search to find the commit that introduced a bug\n   diff       Show changes between commits, commit and working tree, etc\n   grep       Print lines matching a pattern\n   log        Show commit logs\n   show       Show various types of objects\n   status     Show the working tree status\n\ngrow, mark and tweak your common history\n   backfill   Download missing objects in a partial clone\n   branch     List, create, or delete branches\n   commit     Record changes to the repository\n   merge      Join two or more development histories together\n   rebase     Reapply commits on top of another base tip\n   reset      Reset current HEAD to the specified state\n   switch     Switch branches\n   tag        Create, list, delete or verify a tag object signed with GPG\n\ncollaborate (see also: git help workflows)\n   fetch      Download objects and refs from another repository\n   pull       Fetch from and integrate with another repository or a local branch\n   push       Update remote refs along with associated objects\n\n'git help -a' and 'git help -g' list available subcommands and some\nconcept guides. See 'git help <command>' or 'git help <concept>'\nto read about a specific subcommand or concept.\nSee 'git help git' for an overview of the system.\n""
[0m22:40:51.402810 [debug] [MainThread]: STDERR: "b''"
[0m22:40:51.403811 [info ] [MainThread]:  - git [[32mOK found[0m]

[0m22:40:51.404826 [info ] [MainThread]: Connection test skipped since no profile was found
[0m22:40:51.405842 [info ] [MainThread]: [31m2 checks failed:[0m
[0m22:40:51.406882 [info ] [MainThread]: Profile loading failed for the following reason:
Runtime Error
  Could not find profile named 'jeans_mfg_data_pipeline'


[0m22:40:51.408837 [info ] [MainThread]: Project loading failed for the following reason:
Runtime Error
  at path ['sources']: [{'name': 'raw_data', 'tables': [{'name': 'raw_orders'}, {'name': 'raw_bill_of_materials'}], 'config': {'database': 'airflow', 'schema': 'public'}}] is not of type 'object'

Error encountered in C:\Data Engineering\jeans_mfg_data_pipeline\dbt_project.yml


[0m22:40:51.410845 [debug] [MainThread]: Command `dbt debug` failed at 22:40:51.410845 after 0.50 seconds
[0m22:40:51.411847 [debug] [MainThread]: Sending event: {'category': 'dbt', 'action': 'invocation', 'label': 'end', 'context': [<snowplow_tracker.self_describing_json.SelfDescribingJson object at 0x00000196D9695A50>, <snowplow_tracker.self_describing_json.SelfDescribingJson object at 0x00000196D9696590>, <snowplow_tracker.self_describing_json.SelfDescribingJson object at 0x00000196E0519B50>]}
[0m22:40:51.412860 [debug] [MainThread]: Flushing usage events
[0m22:40:51.900249 [debug] [MainThread]: An error was encountered while trying to flush usage events
[0m22:42:50.646380 [debug] [MainThread]: Sending event: {'category': 'dbt', 'action': 'invocation', 'label': 'start', 'context': [<snowplow_tracker.self_describing_json.SelfDescribingJson object at 0x000001E5205AB910>, <snowplow_tracker.self_describing_json.SelfDescribingJson object at 0x000001E520544710>, <snowplow_tracker.self_describing_json.SelfDescribingJson object at 0x000001E520547550>]}


============================== 22:42:50.652379 | 103cced5-d2e7-47af-b8a4-b0a4b7a9da43 ==============================
[0m22:42:50.652379 [info ] [MainThread]: Running with dbt=1.10.5
[0m22:42:50.654366 [debug] [MainThread]: running dbt with arguments {'printer_width': '80', 'indirect_selection': 'eager', 'log_cache_events': 'False', 'write_json': 'True', 'partial_parse': 'True', 'cache_selected_only': 'False', 'warn_error': 'None', 'fail_fast': 'False', 'debug': 'False', 'log_path': 'C:\\Data Engineering\\jeans_mfg_data_pipeline\\logs', 'profiles_dir': 'C:\\Data Engineering\\jeans_mfg_data_pipeline', 'version_check': 'True', 'use_colors': 'True', 'use_experimental_parser': 'False', 'empty': 'None', 'quiet': 'False', 'no_print': 'None', 'warn_error_options': 'WarnErrorOptionsV2(error=[], warn=[], silence=[])', 'introspect': 'True', 'static_parser': 'True', 'log_format': 'default', 'target_path': 'None', 'invocation_command': 'dbt debug', 'send_anonymous_usage_stats': 'True'}
[0m22:42:50.704372 [info ] [MainThread]: dbt version: 1.10.5
[0m22:42:50.705367 [info ] [MainThread]: python version: 3.11.0
[0m22:42:50.707367 [info ] [MainThread]: python path: C:\Users\Rajiv Nair\AppData\Local\Programs\Python\Python311\python.exe
[0m22:42:50.708376 [info ] [MainThread]: os info: Windows-10-10.0.26220-SP0
[0m22:42:50.714381 [info ] [MainThread]: Using profiles dir at C:\Data Engineering\jeans_mfg_data_pipeline
[0m22:42:50.715410 [info ] [MainThread]: Using profiles.yml file at C:\Data Engineering\jeans_mfg_data_pipeline\profiles.yml
[0m22:42:50.717378 [info ] [MainThread]: Using dbt_project.yml file at C:\Data Engineering\jeans_mfg_data_pipeline\dbt_project.yml
[0m22:42:50.853039 [info ] [MainThread]: Configuration:
[0m22:42:50.855044 [info ] [MainThread]:   profiles.yml file [[31mERROR invalid[0m]
[0m22:42:50.856073 [info ] [MainThread]:   dbt_project.yml file [[31mERROR invalid[0m]
[0m22:42:50.857084 [info ] [MainThread]: Required dependencies:
[0m22:42:50.858043 [debug] [MainThread]: Executing "git --help"
[0m22:42:51.019575 [debug] [MainThread]: STDOUT: "b"usage: git [-v | --version] [-h | --help] [-C <path>] [-c <name>=<value>]\n           [--exec-path[=<path>]] [--html-path] [--man-path] [--info-path]\n           [-p | --paginate | -P | --no-pager] [--no-replace-objects] [--no-lazy-fetch]\n           [--no-optional-locks] [--no-advice] [--bare] [--git-dir=<path>]\n           [--work-tree=<path>] [--namespace=<name>] [--config-env=<name>=<envvar>]\n           <command> [<args>]\n\nThese are common Git commands used in various situations:\n\nstart a working area (see also: git help tutorial)\n   clone      Clone a repository into a new directory\n   init       Create an empty Git repository or reinitialize an existing one\n\nwork on the current change (see also: git help everyday)\n   add        Add file contents to the index\n   mv         Move or rename a file, a directory, or a symlink\n   restore    Restore working tree files\n   rm         Remove files from the working tree and from the index\n\nexamine the history and state (see also: git help revisions)\n   bisect     Use binary search to find the commit that introduced a bug\n   diff       Show changes between commits, commit and working tree, etc\n   grep       Print lines matching a pattern\n   log        Show commit logs\n   show       Show various types of objects\n   status     Show the working tree status\n\ngrow, mark and tweak your common history\n   backfill   Download missing objects in a partial clone\n   branch     List, create, or delete branches\n   commit     Record changes to the repository\n   merge      Join two or more development histories together\n   rebase     Reapply commits on top of another base tip\n   reset      Reset current HEAD to the specified state\n   switch     Switch branches\n   tag        Create, list, delete or verify a tag object signed with GPG\n\ncollaborate (see also: git help workflows)\n   fetch      Download objects and refs from another repository\n   pull       Fetch from and integrate with another repository or a local branch\n   push       Update remote refs along with associated objects\n\n'git help -a' and 'git help -g' list available subcommands and some\nconcept guides. See 'git help <command>' or 'git help <concept>'\nto read about a specific subcommand or concept.\nSee 'git help git' for an overview of the system.\n""
[0m22:42:51.020575 [debug] [MainThread]: STDERR: "b''"
[0m22:42:51.021578 [info ] [MainThread]:  - git [[32mOK found[0m]

[0m22:42:51.022585 [info ] [MainThread]: Connection test skipped since no profile was found
[0m22:42:51.024586 [info ] [MainThread]: [31m2 checks failed:[0m
[0m22:42:51.025591 [info ] [MainThread]: Profile loading failed for the following reason:
Runtime Error
  Could not find profile named 'jeans_mfg_data_pipeline'


[0m22:42:51.026590 [info ] [MainThread]: Project loading failed for the following reason:
Runtime Error
  at path ['sources']: [{'name': 'raw_data', 'tables': [{'name': 'raw_orders'}, {'name': 'raw_bill_of_materials'}], 'config': {'database': 'airflow', 'schema': 'public'}}] is not of type 'object'

Error encountered in C:\Data Engineering\jeans_mfg_data_pipeline\dbt_project.yml


[0m22:42:51.029602 [debug] [MainThread]: Command `dbt debug` failed at 22:42:51.029602 after 0.52 seconds
[0m22:42:51.030596 [debug] [MainThread]: Sending event: {'category': 'dbt', 'action': 'invocation', 'label': 'end', 'context': [<snowplow_tracker.self_describing_json.SelfDescribingJson object at 0x000001E5198065D0>, <snowplow_tracker.self_describing_json.SelfDescribingJson object at 0x000001E519805A10>, <snowplow_tracker.self_describing_json.SelfDescribingJson object at 0x000001E51F141F10>]}
[0m22:42:51.032586 [debug] [MainThread]: Flushing usage events
[0m22:42:51.523413 [debug] [MainThread]: An error was encountered while trying to flush usage events
[0m22:44:24.951329 [debug] [MainThread]: Sending event: {'category': 'dbt', 'action': 'invocation', 'label': 'start', 'context': [<snowplow_tracker.self_describing_json.SelfDescribingJson object at 0x000001B3494852D0>, <snowplow_tracker.self_describing_json.SelfDescribingJson object at 0x000001B3494858D0>, <snowplow_tracker.self_describing_json.SelfDescribingJson object at 0x000001B349486010>]}


============================== 22:44:24.957740 | d5896936-50f7-4a19-9c70-c8dcb0575fed ==============================
[0m22:44:24.957740 [info ] [MainThread]: Running with dbt=1.10.5
[0m22:44:24.959743 [debug] [MainThread]: running dbt with arguments {'printer_width': '80', 'indirect_selection': 'eager', 'log_cache_events': 'False', 'write_json': 'True', 'partial_parse': 'True', 'cache_selected_only': 'False', 'warn_error': 'None', 'version_check': 'True', 'fail_fast': 'False', 'log_path': 'C:\\Data Engineering\\jeans_mfg_data_pipeline\\logs', 'debug': 'False', 'profiles_dir': 'C:\\Data Engineering\\jeans_mfg_data_pipeline', 'use_colors': 'True', 'use_experimental_parser': 'False', 'empty': 'None', 'quiet': 'False', 'no_print': 'None', 'warn_error_options': 'WarnErrorOptionsV2(error=[], warn=[], silence=[])', 'invocation_command': 'dbt debug', 'static_parser': 'True', 'introspect': 'True', 'target_path': 'None', 'log_format': 'default', 'send_anonymous_usage_stats': 'True'}
[0m22:44:25.006728 [info ] [MainThread]: dbt version: 1.10.5
[0m22:44:25.008727 [info ] [MainThread]: python version: 3.11.0
[0m22:44:25.009728 [info ] [MainThread]: python path: C:\Users\Rajiv Nair\AppData\Local\Programs\Python\Python311\python.exe
[0m22:44:25.011742 [info ] [MainThread]: os info: Windows-10-10.0.26220-SP0
[0m22:44:25.018738 [info ] [MainThread]: Using profiles dir at C:\Data Engineering\jeans_mfg_data_pipeline
[0m22:44:25.020728 [info ] [MainThread]: Using profiles.yml file at C:\Data Engineering\jeans_mfg_data_pipeline\profiles.yml
[0m22:44:25.022729 [info ] [MainThread]: Using dbt_project.yml file at C:\Data Engineering\jeans_mfg_data_pipeline\dbt_project.yml
[0m22:44:25.207294 [info ] [MainThread]: Configuration:
[0m22:44:25.208645 [info ] [MainThread]:   profiles.yml file [[31mERROR invalid[0m]
[0m22:44:25.210661 [info ] [MainThread]:   dbt_project.yml file [[32mOK found and valid[0m]
[0m22:44:25.211666 [info ] [MainThread]: Required dependencies:
[0m22:44:25.212702 [debug] [MainThread]: Executing "git --help"
[0m22:44:25.301216 [debug] [MainThread]: STDOUT: "b"usage: git [-v | --version] [-h | --help] [-C <path>] [-c <name>=<value>]\n           [--exec-path[=<path>]] [--html-path] [--man-path] [--info-path]\n           [-p | --paginate | -P | --no-pager] [--no-replace-objects] [--no-lazy-fetch]\n           [--no-optional-locks] [--no-advice] [--bare] [--git-dir=<path>]\n           [--work-tree=<path>] [--namespace=<name>] [--config-env=<name>=<envvar>]\n           <command> [<args>]\n\nThese are common Git commands used in various situations:\n\nstart a working area (see also: git help tutorial)\n   clone      Clone a repository into a new directory\n   init       Create an empty Git repository or reinitialize an existing one\n\nwork on the current change (see also: git help everyday)\n   add        Add file contents to the index\n   mv         Move or rename a file, a directory, or a symlink\n   restore    Restore working tree files\n   rm         Remove files from the working tree and from the index\n\nexamine the history and state (see also: git help revisions)\n   bisect     Use binary search to find the commit that introduced a bug\n   diff       Show changes between commits, commit and working tree, etc\n   grep       Print lines matching a pattern\n   log        Show commit logs\n   show       Show various types of objects\n   status     Show the working tree status\n\ngrow, mark and tweak your common history\n   backfill   Download missing objects in a partial clone\n   branch     List, create, or delete branches\n   commit     Record changes to the repository\n   merge      Join two or more development histories together\n   rebase     Reapply commits on top of another base tip\n   reset      Reset current HEAD to the specified state\n   switch     Switch branches\n   tag        Create, list, delete or verify a tag object signed with GPG\n\ncollaborate (see also: git help workflows)\n   fetch      Download objects and refs from another repository\n   pull       Fetch from and integrate with another repository or a local branch\n   push       Update remote refs along with associated objects\n\n'git help -a' and 'git help -g' list available subcommands and some\nconcept guides. See 'git help <command>' or 'git help <concept>'\nto read about a specific subcommand or concept.\nSee 'git help git' for an overview of the system.\n""
[0m22:44:25.302247 [debug] [MainThread]: STDERR: "b''"
[0m22:44:25.303249 [info ] [MainThread]:  - git [[32mOK found[0m]

[0m22:44:25.304206 [info ] [MainThread]: Connection test skipped since no profile was found
[0m22:44:25.305206 [info ] [MainThread]: [31m1 check failed:[0m
[0m22:44:25.306217 [info ] [MainThread]: Profile loading failed for the following reason:
Runtime Error
  Could not find profile named 'jeans_mfg_data_pipeline'


[0m22:44:25.308250 [debug] [MainThread]: Command `dbt debug` failed at 22:44:25.308250 after 0.48 seconds
[0m22:44:25.308250 [debug] [MainThread]: Sending event: {'category': 'dbt', 'action': 'invocation', 'label': 'end', 'context': [<snowplow_tracker.self_describing_json.SelfDescribingJson object at 0x000001B3494F6910>, <snowplow_tracker.self_describing_json.SelfDescribingJson object at 0x000001B3494F6DD0>, <snowplow_tracker.self_describing_json.SelfDescribingJson object at 0x000001B3494F5490>]}
[0m22:44:25.309251 [debug] [MainThread]: Flushing usage events
[0m22:44:25.838682 [debug] [MainThread]: An error was encountered while trying to flush usage events
[0m22:46:15.110654 [debug] [MainThread]: Sending event: {'category': 'dbt', 'action': 'invocation', 'label': 'start', 'context': [<snowplow_tracker.self_describing_json.SelfDescribingJson object at 0x000001B398DD4CD0>, <snowplow_tracker.self_describing_json.SelfDescribingJson object at 0x000001B398DD7810>, <snowplow_tracker.self_describing_json.SelfDescribingJson object at 0x000001B398BAB290>]}


============================== 22:46:15.117317 | f107a4c3-529d-41cf-a8b6-dc584eb22c23 ==============================
[0m22:46:15.117317 [info ] [MainThread]: Running with dbt=1.10.5
[0m22:46:15.118812 [debug] [MainThread]: running dbt with arguments {'printer_width': '80', 'indirect_selection': 'eager', 'write_json': 'True', 'log_cache_events': 'False', 'partial_parse': 'True', 'cache_selected_only': 'False', 'warn_error': 'None', 'fail_fast': 'False', 'debug': 'False', 'log_path': 'C:\\Data Engineering\\jeans_mfg_data_pipeline\\logs', 'version_check': 'True', 'profiles_dir': 'C:\\Data Engineering\\jeans_mfg_data_pipeline', 'use_colors': 'True', 'use_experimental_parser': 'False', 'empty': 'None', 'quiet': 'False', 'no_print': 'None', 'warn_error_options': 'WarnErrorOptionsV2(error=[], warn=[], silence=[])', 'invocation_command': 'dbt debug', 'static_parser': 'True', 'log_format': 'default', 'target_path': 'None', 'introspect': 'True', 'send_anonymous_usage_stats': 'True'}
[0m22:46:15.170558 [info ] [MainThread]: dbt version: 1.10.5
[0m22:46:15.172559 [info ] [MainThread]: python version: 3.11.0
[0m22:46:15.173556 [info ] [MainThread]: python path: C:\Users\Rajiv Nair\AppData\Local\Programs\Python\Python311\python.exe
[0m22:46:15.174565 [info ] [MainThread]: os info: Windows-10-10.0.26220-SP0
[0m22:46:15.181083 [info ] [MainThread]: Using profiles dir at C:\Data Engineering\jeans_mfg_data_pipeline
[0m22:46:15.183100 [info ] [MainThread]: Using profiles.yml file at C:\Data Engineering\jeans_mfg_data_pipeline\profiles.yml
[0m22:46:15.184093 [info ] [MainThread]: Using dbt_project.yml file at C:\Data Engineering\jeans_mfg_data_pipeline\dbt_project.yml
[0m22:46:15.355626 [info ] [MainThread]: Configuration:
[0m22:46:15.356637 [info ] [MainThread]:   profiles.yml file [[31mERROR invalid[0m]
[0m22:46:15.357625 [info ] [MainThread]:   dbt_project.yml file [[32mOK found and valid[0m]
[0m22:46:15.358488 [info ] [MainThread]: Required dependencies:
[0m22:46:15.359444 [debug] [MainThread]: Executing "git --help"
[0m22:46:15.440873 [debug] [MainThread]: STDOUT: "b"usage: git [-v | --version] [-h | --help] [-C <path>] [-c <name>=<value>]\n           [--exec-path[=<path>]] [--html-path] [--man-path] [--info-path]\n           [-p | --paginate | -P | --no-pager] [--no-replace-objects] [--no-lazy-fetch]\n           [--no-optional-locks] [--no-advice] [--bare] [--git-dir=<path>]\n           [--work-tree=<path>] [--namespace=<name>] [--config-env=<name>=<envvar>]\n           <command> [<args>]\n\nThese are common Git commands used in various situations:\n\nstart a working area (see also: git help tutorial)\n   clone      Clone a repository into a new directory\n   init       Create an empty Git repository or reinitialize an existing one\n\nwork on the current change (see also: git help everyday)\n   add        Add file contents to the index\n   mv         Move or rename a file, a directory, or a symlink\n   restore    Restore working tree files\n   rm         Remove files from the working tree and from the index\n\nexamine the history and state (see also: git help revisions)\n   bisect     Use binary search to find the commit that introduced a bug\n   diff       Show changes between commits, commit and working tree, etc\n   grep       Print lines matching a pattern\n   log        Show commit logs\n   show       Show various types of objects\n   status     Show the working tree status\n\ngrow, mark and tweak your common history\n   backfill   Download missing objects in a partial clone\n   branch     List, create, or delete branches\n   commit     Record changes to the repository\n   merge      Join two or more development histories together\n   rebase     Reapply commits on top of another base tip\n   reset      Reset current HEAD to the specified state\n   switch     Switch branches\n   tag        Create, list, delete or verify a tag object signed with GPG\n\ncollaborate (see also: git help workflows)\n   fetch      Download objects and refs from another repository\n   pull       Fetch from and integrate with another repository or a local branch\n   push       Update remote refs along with associated objects\n\n'git help -a' and 'git help -g' list available subcommands and some\nconcept guides. See 'git help <command>' or 'git help <concept>'\nto read about a specific subcommand or concept.\nSee 'git help git' for an overview of the system.\n""
[0m22:46:15.441860 [debug] [MainThread]: STDERR: "b''"
[0m22:46:15.442863 [info ] [MainThread]:  - git [[32mOK found[0m]

[0m22:46:15.443697 [info ] [MainThread]: Connection test skipped since no profile was found
[0m22:46:15.444713 [info ] [MainThread]: [31m1 check failed:[0m
[0m22:46:15.445710 [info ] [MainThread]: Profile loading failed for the following reason:
Runtime Error
  Could not find profile named 'jeans_mfg_data_pipeline'


[0m22:46:15.447765 [debug] [MainThread]: Command `dbt debug` failed at 22:46:15.447765 after 0.45 seconds
[0m22:46:15.448748 [debug] [MainThread]: Sending event: {'category': 'dbt', 'action': 'invocation', 'label': 'end', 'context': [<snowplow_tracker.self_describing_json.SelfDescribingJson object at 0x000001B397DFBB50>, <snowplow_tracker.self_describing_json.SelfDescribingJson object at 0x000001B397DFBD50>, <snowplow_tracker.self_describing_json.SelfDescribingJson object at 0x000001B397DF9E90>]}
[0m22:46:15.449749 [debug] [MainThread]: Flushing usage events
[0m22:46:15.972111 [debug] [MainThread]: An error was encountered while trying to flush usage events
[0m22:49:09.910091 [debug] [MainThread]: Sending event: {'category': 'dbt', 'action': 'invocation', 'label': 'start', 'context': [<snowplow_tracker.self_describing_json.SelfDescribingJson object at 0x000001B10AB54E50>, <snowplow_tracker.self_describing_json.SelfDescribingJson object at 0x000001B10AB55710>, <snowplow_tracker.self_describing_json.SelfDescribingJson object at 0x000001B10AB541D0>]}


============================== 22:49:09.915134 | 95817e0d-d850-48b3-b9c6-70ba2246c8ae ==============================
[0m22:49:09.915134 [info ] [MainThread]: Running with dbt=1.10.5
[0m22:49:09.917143 [debug] [MainThread]: running dbt with arguments {'printer_width': '80', 'indirect_selection': 'eager', 'log_cache_events': 'False', 'write_json': 'True', 'partial_parse': 'True', 'cache_selected_only': 'False', 'warn_error': 'None', 'debug': 'False', 'fail_fast': 'False', 'log_path': 'C:\\Data Engineering\\jeans_mfg_data_pipeline\\logs', 'profiles_dir': 'C:\\Data Engineering\\jeans_mfg_data_pipeline', 'version_check': 'True', 'use_colors': 'True', 'use_experimental_parser': 'False', 'empty': 'None', 'quiet': 'False', 'no_print': 'None', 'log_format': 'default', 'invocation_command': 'dbt debug', 'warn_error_options': 'WarnErrorOptionsV2(error=[], warn=[], silence=[])', 'static_parser': 'True', 'target_path': 'None', 'introspect': 'True', 'send_anonymous_usage_stats': 'True'}
[0m22:49:09.959972 [info ] [MainThread]: dbt version: 1.10.5
[0m22:49:09.960925 [info ] [MainThread]: python version: 3.11.0
[0m22:49:09.961932 [info ] [MainThread]: python path: C:\Users\Rajiv Nair\AppData\Local\Programs\Python\Python311\python.exe
[0m22:49:09.962926 [info ] [MainThread]: os info: Windows-10-10.0.26220-SP0
[0m22:49:10.064650 [info ] [MainThread]: Using profiles dir at C:\Data Engineering\jeans_mfg_data_pipeline
[0m22:49:10.065605 [info ] [MainThread]: Using profiles.yml file at C:\Data Engineering\jeans_mfg_data_pipeline\profiles.yml
[0m22:49:10.066607 [info ] [MainThread]: Using dbt_project.yml file at C:\Data Engineering\jeans_mfg_data_pipeline\dbt_project.yml
[0m22:49:10.068606 [info ] [MainThread]: adapter type: postgres
[0m22:49:10.069611 [info ] [MainThread]: adapter version: 1.8.2
[0m22:49:10.216211 [info ] [MainThread]: Configuration:
[0m22:49:10.217175 [info ] [MainThread]:   profiles.yml file [[32mOK found and valid[0m]
[0m22:49:10.218061 [info ] [MainThread]:   dbt_project.yml file [[32mOK found and valid[0m]
[0m22:49:10.219075 [info ] [MainThread]: Required dependencies:
[0m22:49:10.220068 [debug] [MainThread]: Executing "git --help"
[0m22:49:10.298072 [debug] [MainThread]: STDOUT: "b"usage: git [-v | --version] [-h | --help] [-C <path>] [-c <name>=<value>]\n           [--exec-path[=<path>]] [--html-path] [--man-path] [--info-path]\n           [-p | --paginate | -P | --no-pager] [--no-replace-objects] [--no-lazy-fetch]\n           [--no-optional-locks] [--no-advice] [--bare] [--git-dir=<path>]\n           [--work-tree=<path>] [--namespace=<name>] [--config-env=<name>=<envvar>]\n           <command> [<args>]\n\nThese are common Git commands used in various situations:\n\nstart a working area (see also: git help tutorial)\n   clone      Clone a repository into a new directory\n   init       Create an empty Git repository or reinitialize an existing one\n\nwork on the current change (see also: git help everyday)\n   add        Add file contents to the index\n   mv         Move or rename a file, a directory, or a symlink\n   restore    Restore working tree files\n   rm         Remove files from the working tree and from the index\n\nexamine the history and state (see also: git help revisions)\n   bisect     Use binary search to find the commit that introduced a bug\n   diff       Show changes between commits, commit and working tree, etc\n   grep       Print lines matching a pattern\n   log        Show commit logs\n   show       Show various types of objects\n   status     Show the working tree status\n\ngrow, mark and tweak your common history\n   backfill   Download missing objects in a partial clone\n   branch     List, create, or delete branches\n   commit     Record changes to the repository\n   merge      Join two or more development histories together\n   rebase     Reapply commits on top of another base tip\n   reset      Reset current HEAD to the specified state\n   switch     Switch branches\n   tag        Create, list, delete or verify a tag object signed with GPG\n\ncollaborate (see also: git help workflows)\n   fetch      Download objects and refs from another repository\n   pull       Fetch from and integrate with another repository or a local branch\n   push       Update remote refs along with associated objects\n\n'git help -a' and 'git help -g' list available subcommands and some\nconcept guides. See 'git help <command>' or 'git help <concept>'\nto read about a specific subcommand or concept.\nSee 'git help git' for an overview of the system.\n""
[0m22:49:10.299063 [debug] [MainThread]: STDERR: "b''"
[0m22:49:10.300022 [info ] [MainThread]:  - git [[32mOK found[0m]

[0m22:49:10.301018 [info ] [MainThread]: Connection:
[0m22:49:10.302024 [info ] [MainThread]:   host: localhost
[0m22:49:10.303018 [info ] [MainThread]:   port: 5432
[0m22:49:10.304023 [info ] [MainThread]:   user: postgres
[0m22:49:10.305018 [info ] [MainThread]:   database: postgres
[0m22:49:10.306022 [info ] [MainThread]:   schema: public
[0m22:49:10.307026 [info ] [MainThread]:   connect_timeout: 10
[0m22:49:10.308018 [info ] [MainThread]:   role: None
[0m22:49:10.309016 [info ] [MainThread]:   search_path: None
[0m22:49:10.311026 [info ] [MainThread]:   keepalives_idle: 0
[0m22:49:10.314020 [info ] [MainThread]:   sslmode: None
[0m22:49:10.316054 [info ] [MainThread]:   sslcert: None
[0m22:49:10.318076 [info ] [MainThread]:   sslkey: None
[0m22:49:10.319076 [info ] [MainThread]:   sslrootcert: None
[0m22:49:10.320075 [info ] [MainThread]:   application_name: dbt
[0m22:49:10.321127 [info ] [MainThread]:   retries: 1
[0m22:49:10.323081 [info ] [MainThread]: Registered adapter: postgres=1.8.2
[0m22:49:11.034080 [debug] [MainThread]: Acquiring new postgres connection 'debug'
[0m22:49:11.203102 [debug] [MainThread]: Using postgres connection "debug"
[0m22:49:11.204057 [debug] [MainThread]: On debug: select 1 as id
[0m22:49:11.204057 [debug] [MainThread]: Opening a new connection, currently in state init
[0m22:49:11.293449 [debug] [MainThread]: Postgres adapter: Got a retryable error when attempting to open a postgres connection.
1 attempts remaining. Retrying in 0 seconds.
Error:
connection to server at "localhost" (::1), port 5432 failed: FATAL:  password authentication failed for user "postgres"

[0m22:49:11.354334 [debug] [MainThread]: Postgres adapter: Error running SQL: select 1 as id
[0m22:49:11.355346 [debug] [MainThread]: Postgres adapter: Rolling back transaction.
[0m22:49:11.356387 [debug] [MainThread]: On debug: No close available on handle
[0m22:49:11.356387 [info ] [MainThread]:   Connection test: [[31mERROR[0m]

[0m22:49:11.357384 [info ] [MainThread]: [31m1 check failed:[0m
[0m22:49:11.358334 [info ] [MainThread]: dbt was unable to connect to the specified database.
The database returned the following error:

  >Database Error
  connection to server at "localhost" (::1), port 5432 failed: FATAL:  password authentication failed for user "postgres"
  

Check your database credentials and try again. For more information, visit:
https://docs.getdbt.com/docs/configure-your-profile


[0m22:49:11.360334 [debug] [MainThread]: Command `dbt debug` failed at 22:49:11.360334 after 1.57 seconds
[0m22:49:11.361335 [debug] [MainThread]: Connection 'debug' was properly closed.
[0m22:49:11.362334 [debug] [MainThread]: Sending event: {'category': 'dbt', 'action': 'invocation', 'label': 'end', 'context': [<snowplow_tracker.self_describing_json.SelfDescribingJson object at 0x000001B103E86690>, <snowplow_tracker.self_describing_json.SelfDescribingJson object at 0x000001B103E859D0>, <snowplow_tracker.self_describing_json.SelfDescribingJson object at 0x000001B10AD4C2D0>]}
[0m22:49:11.363345 [debug] [MainThread]: Flushing usage events
[0m22:49:11.875095 [debug] [MainThread]: An error was encountered while trying to flush usage events
[0m22:53:13.607660 [debug] [MainThread]: Sending event: {'category': 'dbt', 'action': 'invocation', 'label': 'start', 'context': [<snowplow_tracker.self_describing_json.SelfDescribingJson object at 0x000002A587E278D0>, <snowplow_tracker.self_describing_json.SelfDescribingJson object at 0x000002A587E86D50>, <snowplow_tracker.self_describing_json.SelfDescribingJson object at 0x000002A587BFB5D0>]}


============================== 22:53:13.614536 | 735bfe10-956e-4c66-937e-e2f8f0d06c90 ==============================
[0m22:53:13.614536 [info ] [MainThread]: Running with dbt=1.10.5
[0m22:53:13.617109 [debug] [MainThread]: running dbt with arguments {'printer_width': '80', 'indirect_selection': 'eager', 'write_json': 'True', 'log_cache_events': 'False', 'partial_parse': 'True', 'cache_selected_only': 'False', 'profiles_dir': 'C:\\Data Engineering\\jeans_mfg_data_pipeline', 'version_check': 'True', 'debug': 'False', 'log_path': 'C:\\Data Engineering\\jeans_mfg_data_pipeline\\logs', 'warn_error': 'None', 'fail_fast': 'False', 'use_colors': 'True', 'use_experimental_parser': 'False', 'empty': 'None', 'quiet': 'False', 'no_print': 'None', 'warn_error_options': 'WarnErrorOptionsV2(error=[], warn=[], silence=[])', 'introspect': 'True', 'invocation_command': 'dbt debug', 'log_format': 'default', 'target_path': 'None', 'static_parser': 'True', 'send_anonymous_usage_stats': 'True'}
[0m22:53:13.662365 [info ] [MainThread]: dbt version: 1.10.5
[0m22:53:13.663375 [info ] [MainThread]: python version: 3.11.0
[0m22:53:13.664371 [info ] [MainThread]: python path: C:\Users\Rajiv Nair\AppData\Local\Programs\Python\Python311\python.exe
[0m22:53:13.666387 [info ] [MainThread]: os info: Windows-10-10.0.26220-SP0
[0m22:53:13.767521 [info ] [MainThread]: Using profiles dir at C:\Data Engineering\jeans_mfg_data_pipeline
[0m22:53:13.769457 [info ] [MainThread]: Using profiles.yml file at C:\Data Engineering\jeans_mfg_data_pipeline\profiles.yml
[0m22:53:13.770464 [info ] [MainThread]: Using dbt_project.yml file at C:\Data Engineering\jeans_mfg_data_pipeline\dbt_project.yml
[0m22:53:13.772467 [info ] [MainThread]: adapter type: postgres
[0m22:53:13.774460 [info ] [MainThread]: adapter version: 1.8.2
[0m22:53:13.938432 [info ] [MainThread]: Configuration:
[0m22:53:13.940388 [info ] [MainThread]:   profiles.yml file [[32mOK found and valid[0m]
[0m22:53:13.941395 [info ] [MainThread]:   dbt_project.yml file [[32mOK found and valid[0m]
[0m22:53:13.942387 [info ] [MainThread]: Required dependencies:
[0m22:53:13.943396 [debug] [MainThread]: Executing "git --help"
[0m22:53:14.043452 [debug] [MainThread]: STDOUT: "b"usage: git [-v | --version] [-h | --help] [-C <path>] [-c <name>=<value>]\n           [--exec-path[=<path>]] [--html-path] [--man-path] [--info-path]\n           [-p | --paginate | -P | --no-pager] [--no-replace-objects] [--no-lazy-fetch]\n           [--no-optional-locks] [--no-advice] [--bare] [--git-dir=<path>]\n           [--work-tree=<path>] [--namespace=<name>] [--config-env=<name>=<envvar>]\n           <command> [<args>]\n\nThese are common Git commands used in various situations:\n\nstart a working area (see also: git help tutorial)\n   clone      Clone a repository into a new directory\n   init       Create an empty Git repository or reinitialize an existing one\n\nwork on the current change (see also: git help everyday)\n   add        Add file contents to the index\n   mv         Move or rename a file, a directory, or a symlink\n   restore    Restore working tree files\n   rm         Remove files from the working tree and from the index\n\nexamine the history and state (see also: git help revisions)\n   bisect     Use binary search to find the commit that introduced a bug\n   diff       Show changes between commits, commit and working tree, etc\n   grep       Print lines matching a pattern\n   log        Show commit logs\n   show       Show various types of objects\n   status     Show the working tree status\n\ngrow, mark and tweak your common history\n   backfill   Download missing objects in a partial clone\n   branch     List, create, or delete branches\n   commit     Record changes to the repository\n   merge      Join two or more development histories together\n   rebase     Reapply commits on top of another base tip\n   reset      Reset current HEAD to the specified state\n   switch     Switch branches\n   tag        Create, list, delete or verify a tag object signed with GPG\n\ncollaborate (see also: git help workflows)\n   fetch      Download objects and refs from another repository\n   pull       Fetch from and integrate with another repository or a local branch\n   push       Update remote refs along with associated objects\n\n'git help -a' and 'git help -g' list available subcommands and some\nconcept guides. See 'git help <command>' or 'git help <concept>'\nto read about a specific subcommand or concept.\nSee 'git help git' for an overview of the system.\n""
[0m22:53:14.045455 [debug] [MainThread]: STDERR: "b''"
[0m22:53:14.048446 [info ] [MainThread]:  - git [[32mOK found[0m]

[0m22:53:14.049441 [info ] [MainThread]: Connection:
[0m22:53:14.050441 [info ] [MainThread]:   host: localhost
[0m22:53:14.051453 [info ] [MainThread]:   port: 5432
[0m22:53:14.052441 [info ] [MainThread]:   user: postgres
[0m22:53:14.053464 [info ] [MainThread]:   database: postgres
[0m22:53:14.054443 [info ] [MainThread]:   schema: public
[0m22:53:14.055450 [info ] [MainThread]:   connect_timeout: 10
[0m22:53:14.057442 [info ] [MainThread]:   role: None
[0m22:53:14.058448 [info ] [MainThread]:   search_path: None
[0m22:53:14.060454 [info ] [MainThread]:   keepalives_idle: 0
[0m22:53:14.063498 [info ] [MainThread]:   sslmode: None
[0m22:53:14.064443 [info ] [MainThread]:   sslcert: None
[0m22:53:14.067453 [info ] [MainThread]:   sslkey: None
[0m22:53:14.068444 [info ] [MainThread]:   sslrootcert: None
[0m22:53:14.070585 [info ] [MainThread]:   application_name: dbt
[0m22:53:14.072566 [info ] [MainThread]:   retries: 1
[0m22:53:14.074557 [info ] [MainThread]: Registered adapter: postgres=1.8.2
[0m22:53:14.819716 [debug] [MainThread]: Acquiring new postgres connection 'debug'
[0m22:53:14.965195 [debug] [MainThread]: Using postgres connection "debug"
[0m22:53:14.966155 [debug] [MainThread]: On debug: select 1 as id
[0m22:53:14.966155 [debug] [MainThread]: Opening a new connection, currently in state init
[0m22:53:15.041865 [debug] [MainThread]: Postgres adapter: Got a retryable error when attempting to open a postgres connection.
1 attempts remaining. Retrying in 0 seconds.
Error:
connection to server at "localhost" (::1), port 5432 failed: FATAL:  password authentication failed for user "postgres"

[0m22:53:15.208866 [debug] [MainThread]: Postgres adapter: Error running SQL: select 1 as id
[0m22:53:15.209865 [debug] [MainThread]: Postgres adapter: Rolling back transaction.
[0m22:53:15.210935 [debug] [MainThread]: On debug: No close available on handle
[0m22:53:15.211937 [info ] [MainThread]:   Connection test: [[31mERROR[0m]

[0m22:53:15.212951 [info ] [MainThread]: [31m1 check failed:[0m
[0m22:53:15.214938 [info ] [MainThread]: dbt was unable to connect to the specified database.
The database returned the following error:

  >Database Error
  connection to server at "localhost" (::1), port 5432 failed: FATAL:  password authentication failed for user "postgres"
  

Check your database credentials and try again. For more information, visit:
https://docs.getdbt.com/docs/configure-your-profile


[0m22:53:15.217970 [debug] [MainThread]: Command `dbt debug` failed at 22:53:15.216945 after 1.73 seconds
[0m22:53:15.218944 [debug] [MainThread]: Connection 'debug' was properly closed.
[0m22:53:15.218944 [debug] [MainThread]: Sending event: {'category': 'dbt', 'action': 'invocation', 'label': 'end', 'context': [<snowplow_tracker.self_describing_json.SelfDescribingJson object at 0x000002A587E96B90>, <snowplow_tracker.self_describing_json.SelfDescribingJson object at 0x000002A5880AF3D0>, <snowplow_tracker.self_describing_json.SelfDescribingJson object at 0x000002A588018450>]}
[0m22:53:15.219943 [debug] [MainThread]: Flushing usage events
[0m22:53:15.776849 [debug] [MainThread]: An error was encountered while trying to flush usage events
[0m22:54:44.984889 [debug] [MainThread]: Sending event: {'category': 'dbt', 'action': 'invocation', 'label': 'start', 'context': [<snowplow_tracker.self_describing_json.SelfDescribingJson object at 0x000001AD08AA5B10>, <snowplow_tracker.self_describing_json.SelfDescribingJson object at 0x000001AD08AA4FD0>, <snowplow_tracker.self_describing_json.SelfDescribingJson object at 0x000001AD08AA5110>]}


============================== 22:54:44.998240 | 3c0d7397-1705-4422-9262-748700d3daac ==============================
[0m22:54:44.998240 [info ] [MainThread]: Running with dbt=1.10.5
[0m22:54:45.001112 [debug] [MainThread]: running dbt with arguments {'printer_width': '80', 'indirect_selection': 'eager', 'write_json': 'True', 'log_cache_events': 'False', 'partial_parse': 'True', 'cache_selected_only': 'False', 'warn_error': 'None', 'fail_fast': 'False', 'version_check': 'True', 'log_path': 'C:\\Data Engineering\\jeans_mfg_data_pipeline\\logs', 'debug': 'False', 'profiles_dir': 'C:\\Data Engineering\\jeans_mfg_data_pipeline', 'use_colors': 'True', 'use_experimental_parser': 'False', 'empty': 'None', 'quiet': 'False', 'no_print': 'None', 'log_format': 'default', 'introspect': 'True', 'warn_error_options': 'WarnErrorOptionsV2(error=[], warn=[], silence=[])', 'static_parser': 'True', 'target_path': 'None', 'invocation_command': 'dbt debug', 'send_anonymous_usage_stats': 'True'}
[0m22:54:45.063441 [info ] [MainThread]: dbt version: 1.10.5
[0m22:54:45.071436 [info ] [MainThread]: python version: 3.11.0
[0m22:54:45.072433 [info ] [MainThread]: python path: C:\Users\Rajiv Nair\AppData\Local\Programs\Python\Python311\python.exe
[0m22:54:45.075445 [info ] [MainThread]: os info: Windows-10-10.0.26220-SP0
[0m22:54:45.298124 [info ] [MainThread]: Using profiles dir at C:\Data Engineering\jeans_mfg_data_pipeline
[0m22:54:45.299132 [info ] [MainThread]: Using profiles.yml file at C:\Data Engineering\jeans_mfg_data_pipeline\profiles.yml
[0m22:54:45.300133 [info ] [MainThread]: Using dbt_project.yml file at C:\Data Engineering\jeans_mfg_data_pipeline\dbt_project.yml
[0m22:54:45.303173 [info ] [MainThread]: adapter type: postgres
[0m22:54:45.305125 [info ] [MainThread]: adapter version: 1.8.2
[0m22:54:45.489317 [info ] [MainThread]: Configuration:
[0m22:54:45.491290 [info ] [MainThread]:   profiles.yml file [[32mOK found and valid[0m]
[0m22:54:45.492288 [info ] [MainThread]:   dbt_project.yml file [[32mOK found and valid[0m]
[0m22:54:45.494282 [info ] [MainThread]: Required dependencies:
[0m22:54:45.495282 [debug] [MainThread]: Executing "git --help"
[0m22:54:45.600483 [debug] [MainThread]: STDOUT: "b"usage: git [-v | --version] [-h | --help] [-C <path>] [-c <name>=<value>]\n           [--exec-path[=<path>]] [--html-path] [--man-path] [--info-path]\n           [-p | --paginate | -P | --no-pager] [--no-replace-objects] [--no-lazy-fetch]\n           [--no-optional-locks] [--no-advice] [--bare] [--git-dir=<path>]\n           [--work-tree=<path>] [--namespace=<name>] [--config-env=<name>=<envvar>]\n           <command> [<args>]\n\nThese are common Git commands used in various situations:\n\nstart a working area (see also: git help tutorial)\n   clone      Clone a repository into a new directory\n   init       Create an empty Git repository or reinitialize an existing one\n\nwork on the current change (see also: git help everyday)\n   add        Add file contents to the index\n   mv         Move or rename a file, a directory, or a symlink\n   restore    Restore working tree files\n   rm         Remove files from the working tree and from the index\n\nexamine the history and state (see also: git help revisions)\n   bisect     Use binary search to find the commit that introduced a bug\n   diff       Show changes between commits, commit and working tree, etc\n   grep       Print lines matching a pattern\n   log        Show commit logs\n   show       Show various types of objects\n   status     Show the working tree status\n\ngrow, mark and tweak your common history\n   backfill   Download missing objects in a partial clone\n   branch     List, create, or delete branches\n   commit     Record changes to the repository\n   merge      Join two or more development histories together\n   rebase     Reapply commits on top of another base tip\n   reset      Reset current HEAD to the specified state\n   switch     Switch branches\n   tag        Create, list, delete or verify a tag object signed with GPG\n\ncollaborate (see also: git help workflows)\n   fetch      Download objects and refs from another repository\n   pull       Fetch from and integrate with another repository or a local branch\n   push       Update remote refs along with associated objects\n\n'git help -a' and 'git help -g' list available subcommands and some\nconcept guides. See 'git help <command>' or 'git help <concept>'\nto read about a specific subcommand or concept.\nSee 'git help git' for an overview of the system.\n""
[0m22:54:45.601483 [debug] [MainThread]: STDERR: "b''"
[0m22:54:45.602483 [info ] [MainThread]:  - git [[32mOK found[0m]

[0m22:54:45.603483 [info ] [MainThread]: Connection:
[0m22:54:45.605483 [info ] [MainThread]:   host: localhost
[0m22:54:45.606481 [info ] [MainThread]:   port: 5432
[0m22:54:45.607490 [info ] [MainThread]:   user: postgres
[0m22:54:45.608481 [info ] [MainThread]:   database: postgres
[0m22:54:45.610507 [info ] [MainThread]:   schema: public
[0m22:54:45.611484 [info ] [MainThread]:   connect_timeout: 10
[0m22:54:45.613498 [info ] [MainThread]:   role: None
[0m22:54:45.614485 [info ] [MainThread]:   search_path: None
[0m22:54:45.618484 [info ] [MainThread]:   keepalives_idle: 0
[0m22:54:45.620487 [info ] [MainThread]:   sslmode: None
[0m22:54:45.622484 [info ] [MainThread]:   sslcert: None
[0m22:54:45.623483 [info ] [MainThread]:   sslkey: None
[0m22:54:45.625483 [info ] [MainThread]:   sslrootcert: None
[0m22:54:45.626492 [info ] [MainThread]:   application_name: dbt
[0m22:54:45.628486 [info ] [MainThread]:   retries: 1
[0m22:54:45.632524 [info ] [MainThread]: Registered adapter: postgres=1.8.2
[0m22:54:46.659771 [debug] [MainThread]: Acquiring new postgres connection 'debug'
[0m22:54:51.972371 [debug] [MainThread]: Using postgres connection "debug"
[0m22:54:51.973328 [debug] [MainThread]: On debug: select 1 as id
[0m22:54:51.974323 [debug] [MainThread]: Opening a new connection, currently in state init
[0m22:54:52.054770 [debug] [MainThread]: Postgres adapter: Got a retryable error when attempting to open a postgres connection.
1 attempts remaining. Retrying in 0 seconds.
Error:
connection to server at "localhost" (::1), port 5432 failed: FATAL:  password authentication failed for user "postgres"

[0m22:54:52.123671 [debug] [MainThread]: Postgres adapter: Error running SQL: select 1 as id
[0m22:54:52.125659 [debug] [MainThread]: Postgres adapter: Rolling back transaction.
[0m22:54:52.126659 [debug] [MainThread]: On debug: No close available on handle
[0m22:54:52.127659 [info ] [MainThread]:   Connection test: [[31mERROR[0m]

[0m22:54:52.128706 [info ] [MainThread]: [31m1 check failed:[0m
[0m22:54:52.129659 [info ] [MainThread]: dbt was unable to connect to the specified database.
The database returned the following error:

  >Database Error
  connection to server at "localhost" (::1), port 5432 failed: FATAL:  password authentication failed for user "postgres"
  

Check your database credentials and try again. For more information, visit:
https://docs.getdbt.com/docs/configure-your-profile


[0m22:54:52.131672 [debug] [MainThread]: Command `dbt debug` failed at 22:54:52.131672 after 7.35 seconds
[0m22:54:52.132656 [debug] [MainThread]: Connection 'debug' was properly closed.
[0m22:54:52.133664 [debug] [MainThread]: Sending event: {'category': 'dbt', 'action': 'invocation', 'label': 'end', 'context': [<snowplow_tracker.self_describing_json.SelfDescribingJson object at 0x000001AD01DC6590>, <snowplow_tracker.self_describing_json.SelfDescribingJson object at 0x000001AD01DC5A50>, <snowplow_tracker.self_describing_json.SelfDescribingJson object at 0x000001AD08C9C650>]}
[0m22:54:52.134676 [debug] [MainThread]: Flushing usage events
[0m22:54:52.627063 [debug] [MainThread]: An error was encountered while trying to flush usage events
[0m00:04:43.976989 [debug] [MainThread]: Sending event: {'category': 'dbt', 'action': 'invocation', 'label': 'start', 'context': [<snowplow_tracker.self_describing_json.SelfDescribingJson object at 0x0000024754DC8750>, <snowplow_tracker.self_describing_json.SelfDescribingJson object at 0x0000024754DCB990>, <snowplow_tracker.self_describing_json.SelfDescribingJson object at 0x0000024754D65710>]}


============================== 00:04:44.004567 | 3836a3c8-062a-421d-93b3-fe61de4d12b9 ==============================
[0m00:04:44.004567 [info ] [MainThread]: Running with dbt=1.10.5
[0m00:04:44.005592 [debug] [MainThread]: running dbt with arguments {'printer_width': '80', 'indirect_selection': 'eager', 'log_cache_events': 'False', 'write_json': 'True', 'partial_parse': 'True', 'cache_selected_only': 'False', 'profiles_dir': 'C:\\Data Engineering\\jeans_mfg_data_pipeline', 'fail_fast': 'False', 'version_check': 'True', 'log_path': 'C:\\Data Engineering\\jeans_mfg_data_pipeline\\logs', 'debug': 'False', 'warn_error': 'None', 'use_colors': 'True', 'use_experimental_parser': 'False', 'no_print': 'None', 'quiet': 'False', 'empty': 'None', 'log_format': 'default', 'invocation_command': 'dbt debug', 'introspect': 'True', 'warn_error_options': 'WarnErrorOptionsV2(error=[], warn=[], silence=[])', 'target_path': 'None', 'static_parser': 'True', 'send_anonymous_usage_stats': 'True'}
[0m00:04:44.160447 [info ] [MainThread]: dbt version: 1.10.5
[0m00:04:44.161452 [info ] [MainThread]: python version: 3.11.0
[0m00:04:44.162447 [info ] [MainThread]: python path: C:\Users\Rajiv Nair\AppData\Local\Programs\Python\Python311\python.exe
[0m00:04:44.163447 [info ] [MainThread]: os info: Windows-10-10.0.26220-SP0
[0m00:04:44.506374 [info ] [MainThread]: Using profiles dir at C:\Data Engineering\jeans_mfg_data_pipeline
[0m00:04:44.507209 [info ] [MainThread]: Using profiles.yml file at C:\Data Engineering\jeans_mfg_data_pipeline\profiles.yml
[0m00:04:44.508420 [info ] [MainThread]: Using dbt_project.yml file at C:\Data Engineering\jeans_mfg_data_pipeline\dbt_project.yml
[0m00:04:44.512413 [info ] [MainThread]: adapter type: postgres
[0m00:04:44.513376 [info ] [MainThread]: adapter version: 1.8.2
[0m00:04:44.683270 [info ] [MainThread]: Configuration:
[0m00:04:44.684957 [info ] [MainThread]:   profiles.yml file [[32mOK found and valid[0m]
[0m00:04:44.686673 [info ] [MainThread]:   dbt_project.yml file [[32mOK found and valid[0m]
[0m00:04:44.687240 [info ] [MainThread]: Required dependencies:
[0m00:04:44.688364 [debug] [MainThread]: Executing "git --help"
[0m00:04:44.953585 [debug] [MainThread]: STDOUT: "b"usage: git [-v | --version] [-h | --help] [-C <path>] [-c <name>=<value>]\n           [--exec-path[=<path>]] [--html-path] [--man-path] [--info-path]\n           [-p | --paginate | -P | --no-pager] [--no-replace-objects] [--no-lazy-fetch]\n           [--no-optional-locks] [--no-advice] [--bare] [--git-dir=<path>]\n           [--work-tree=<path>] [--namespace=<name>] [--config-env=<name>=<envvar>]\n           <command> [<args>]\n\nThese are common Git commands used in various situations:\n\nstart a working area (see also: git help tutorial)\n   clone      Clone a repository into a new directory\n   init       Create an empty Git repository or reinitialize an existing one\n\nwork on the current change (see also: git help everyday)\n   add        Add file contents to the index\n   mv         Move or rename a file, a directory, or a symlink\n   restore    Restore working tree files\n   rm         Remove files from the working tree and from the index\n\nexamine the history and state (see also: git help revisions)\n   bisect     Use binary search to find the commit that introduced a bug\n   diff       Show changes between commits, commit and working tree, etc\n   grep       Print lines matching a pattern\n   log        Show commit logs\n   show       Show various types of objects\n   status     Show the working tree status\n\ngrow, mark and tweak your common history\n   backfill   Download missing objects in a partial clone\n   branch     List, create, or delete branches\n   commit     Record changes to the repository\n   merge      Join two or more development histories together\n   rebase     Reapply commits on top of another base tip\n   reset      Reset current HEAD to the specified state\n   switch     Switch branches\n   tag        Create, list, delete or verify a tag object signed with GPG\n\ncollaborate (see also: git help workflows)\n   fetch      Download objects and refs from another repository\n   pull       Fetch from and integrate with another repository or a local branch\n   push       Update remote refs along with associated objects\n\n'git help -a' and 'git help -g' list available subcommands and some\nconcept guides. See 'git help <command>' or 'git help <concept>'\nto read about a specific subcommand or concept.\nSee 'git help git' for an overview of the system.\n""
[0m00:04:44.955094 [debug] [MainThread]: STDERR: "b''"
[0m00:04:44.956104 [info ] [MainThread]:  - git [[32mOK found[0m]

[0m00:04:44.957382 [info ] [MainThread]: Connection:
[0m00:04:44.958409 [info ] [MainThread]:   host: localhost
[0m00:04:44.959388 [info ] [MainThread]:   port: 5432
[0m00:04:44.960394 [info ] [MainThread]:   user: postgres
[0m00:04:44.962391 [info ] [MainThread]:   database: postgres
[0m00:04:44.963396 [info ] [MainThread]:   schema: public
[0m00:04:44.964902 [info ] [MainThread]:   connect_timeout: 10
[0m00:04:44.965426 [info ] [MainThread]:   role: None
[0m00:04:44.967439 [info ] [MainThread]:   search_path: None
[0m00:04:44.968442 [info ] [MainThread]:   keepalives_idle: 0
[0m00:04:44.971448 [info ] [MainThread]:   sslmode: None
[0m00:04:44.973456 [info ] [MainThread]:   sslcert: None
[0m00:04:44.974973 [info ] [MainThread]:   sslkey: None
[0m00:04:44.977399 [info ] [MainThread]:   sslrootcert: None
[0m00:04:44.978518 [info ] [MainThread]:   application_name: dbt
[0m00:04:44.981519 [info ] [MainThread]:   retries: 1
[0m00:04:44.983552 [info ] [MainThread]: Registered adapter: postgres=1.8.2
[0m00:04:46.015533 [debug] [MainThread]: Acquiring new postgres connection 'debug'
[0m00:04:50.220083 [debug] [MainThread]: Using postgres connection "debug"
[0m00:04:50.221083 [debug] [MainThread]: On debug: select 1 as id
[0m00:04:50.222082 [debug] [MainThread]: Opening a new connection, currently in state init
[0m00:04:50.309411 [debug] [MainThread]: Postgres adapter: Got a retryable error when attempting to open a postgres connection.
1 attempts remaining. Retrying in 0 seconds.
Error:
connection to server at "localhost" (::1), port 5432 failed: FATAL:  password authentication failed for user "postgres"

[0m00:04:50.366878 [debug] [MainThread]: Postgres adapter: Error running SQL: select 1 as id
[0m00:04:50.367879 [debug] [MainThread]: Postgres adapter: Rolling back transaction.
[0m00:04:50.368878 [debug] [MainThread]: On debug: No close available on handle
[0m00:04:50.368878 [info ] [MainThread]:   Connection test: [[31mERROR[0m]

[0m00:04:50.370879 [info ] [MainThread]: [31m1 check failed:[0m
[0m00:04:50.371879 [info ] [MainThread]: dbt was unable to connect to the specified database.
The database returned the following error:

  >Database Error
  connection to server at "localhost" (::1), port 5432 failed: FATAL:  password authentication failed for user "postgres"
  

Check your database credentials and try again. For more information, visit:
https://docs.getdbt.com/docs/configure-your-profile


[0m00:04:50.373877 [debug] [MainThread]: Command `dbt debug` failed at 00:04:50.373877 after 6.57 seconds
[0m00:04:50.374878 [debug] [MainThread]: Connection 'debug' was properly closed.
[0m00:04:50.375892 [debug] [MainThread]: Sending event: {'category': 'dbt', 'action': 'invocation', 'label': 'end', 'context': [<snowplow_tracker.self_describing_json.SelfDescribingJson object at 0x000002475446ECD0>, <snowplow_tracker.self_describing_json.SelfDescribingJson object at 0x000002474E0265D0>, <snowplow_tracker.self_describing_json.SelfDescribingJson object at 0x000002474E025A10>]}
[0m00:04:50.377250 [debug] [MainThread]: Flushing usage events
[0m00:04:51.026632 [debug] [MainThread]: An error was encountered while trying to flush usage events
[0m00:06:23.278048 [debug] [MainThread]: Sending event: {'category': 'dbt', 'action': 'invocation', 'label': 'start', 'context': [<snowplow_tracker.self_describing_json.SelfDescribingJson object at 0x000001FEF5F46350>, <snowplow_tracker.self_describing_json.SelfDescribingJson object at 0x000001FEF5F78050>, <snowplow_tracker.self_describing_json.SelfDescribingJson object at 0x000001FEF5F7A4D0>]}


============================== 00:06:23.283584 | 7242a587-e4e5-4ea0-9c26-0871e1010dd3 ==============================
[0m00:06:23.283584 [info ] [MainThread]: Running with dbt=1.10.5
[0m00:06:23.285622 [debug] [MainThread]: running dbt with arguments {'printer_width': '80', 'indirect_selection': 'eager', 'write_json': 'True', 'log_cache_events': 'False', 'partial_parse': 'True', 'cache_selected_only': 'False', 'warn_error': 'None', 'debug': 'False', 'profiles_dir': 'C:\\Data Engineering\\jeans_mfg_data_pipeline', 'log_path': 'C:\\Data Engineering\\jeans_mfg_data_pipeline\\logs', 'fail_fast': 'False', 'version_check': 'True', 'use_colors': 'True', 'use_experimental_parser': 'False', 'empty': 'None', 'quiet': 'False', 'no_print': 'None', 'log_format': 'default', 'static_parser': 'True', 'warn_error_options': 'WarnErrorOptionsV2(error=[], warn=[], silence=[])', 'introspect': 'True', 'target_path': 'None', 'invocation_command': 'dbt debug', 'send_anonymous_usage_stats': 'True'}
[0m00:06:23.329450 [info ] [MainThread]: dbt version: 1.10.5
[0m00:06:23.330454 [info ] [MainThread]: python version: 3.11.0
[0m00:06:23.331451 [info ] [MainThread]: python path: C:\Users\Rajiv Nair\AppData\Local\Programs\Python\Python311\python.exe
[0m00:06:23.332455 [info ] [MainThread]: os info: Windows-10-10.0.26220-SP0
[0m00:06:23.439787 [info ] [MainThread]: Using profiles dir at C:\Data Engineering\jeans_mfg_data_pipeline
[0m00:06:23.441239 [info ] [MainThread]: Using profiles.yml file at C:\Data Engineering\jeans_mfg_data_pipeline\profiles.yml
[0m00:06:23.442254 [info ] [MainThread]: Using dbt_project.yml file at C:\Data Engineering\jeans_mfg_data_pipeline\dbt_project.yml
[0m00:06:23.444840 [info ] [MainThread]: adapter type: postgres
[0m00:06:23.445888 [info ] [MainThread]: adapter version: 1.8.2
[0m00:06:23.619808 [info ] [MainThread]: Configuration:
[0m00:06:23.620751 [info ] [MainThread]:   profiles.yml file [[32mOK found and valid[0m]
[0m00:06:23.622757 [info ] [MainThread]:   dbt_project.yml file [[32mOK found and valid[0m]
[0m00:06:23.623753 [info ] [MainThread]: Required dependencies:
[0m00:06:23.624855 [debug] [MainThread]: Executing "git --help"
[0m00:06:23.712414 [debug] [MainThread]: STDOUT: "b"usage: git [-v | --version] [-h | --help] [-C <path>] [-c <name>=<value>]\n           [--exec-path[=<path>]] [--html-path] [--man-path] [--info-path]\n           [-p | --paginate | -P | --no-pager] [--no-replace-objects] [--no-lazy-fetch]\n           [--no-optional-locks] [--no-advice] [--bare] [--git-dir=<path>]\n           [--work-tree=<path>] [--namespace=<name>] [--config-env=<name>=<envvar>]\n           <command> [<args>]\n\nThese are common Git commands used in various situations:\n\nstart a working area (see also: git help tutorial)\n   clone      Clone a repository into a new directory\n   init       Create an empty Git repository or reinitialize an existing one\n\nwork on the current change (see also: git help everyday)\n   add        Add file contents to the index\n   mv         Move or rename a file, a directory, or a symlink\n   restore    Restore working tree files\n   rm         Remove files from the working tree and from the index\n\nexamine the history and state (see also: git help revisions)\n   bisect     Use binary search to find the commit that introduced a bug\n   diff       Show changes between commits, commit and working tree, etc\n   grep       Print lines matching a pattern\n   log        Show commit logs\n   show       Show various types of objects\n   status     Show the working tree status\n\ngrow, mark and tweak your common history\n   backfill   Download missing objects in a partial clone\n   branch     List, create, or delete branches\n   commit     Record changes to the repository\n   merge      Join two or more development histories together\n   rebase     Reapply commits on top of another base tip\n   reset      Reset current HEAD to the specified state\n   switch     Switch branches\n   tag        Create, list, delete or verify a tag object signed with GPG\n\ncollaborate (see also: git help workflows)\n   fetch      Download objects and refs from another repository\n   pull       Fetch from and integrate with another repository or a local branch\n   push       Update remote refs along with associated objects\n\n'git help -a' and 'git help -g' list available subcommands and some\nconcept guides. See 'git help <command>' or 'git help <concept>'\nto read about a specific subcommand or concept.\nSee 'git help git' for an overview of the system.\n""
[0m00:06:23.713872 [debug] [MainThread]: STDERR: "b''"
[0m00:06:23.714883 [info ] [MainThread]:  - git [[32mOK found[0m]

[0m00:06:23.715406 [info ] [MainThread]: Connection:
[0m00:06:23.716421 [info ] [MainThread]:   host: localhost
[0m00:06:23.717390 [info ] [MainThread]:   port: 5432
[0m00:06:23.718398 [info ] [MainThread]:   user: dbt_user
[0m00:06:23.719398 [info ] [MainThread]:   database: postgres
[0m00:06:23.720402 [info ] [MainThread]:   schema: public
[0m00:06:23.721403 [info ] [MainThread]:   connect_timeout: 10
[0m00:06:23.723412 [info ] [MainThread]:   role: None
[0m00:06:23.723412 [info ] [MainThread]:   search_path: None
[0m00:06:23.724920 [info ] [MainThread]:   keepalives_idle: 0
[0m00:06:23.725965 [info ] [MainThread]:   sslmode: None
[0m00:06:23.727765 [info ] [MainThread]:   sslcert: None
[0m00:06:23.728780 [info ] [MainThread]:   sslkey: None
[0m00:06:23.729774 [info ] [MainThread]:   sslrootcert: None
[0m00:06:23.730780 [info ] [MainThread]:   application_name: dbt
[0m00:06:23.731777 [info ] [MainThread]:   retries: 1
[0m00:06:23.732772 [info ] [MainThread]: Registered adapter: postgres=1.8.2
[0m00:06:24.436827 [debug] [MainThread]: Acquiring new postgres connection 'debug'
[0m00:06:24.580258 [debug] [MainThread]: Using postgres connection "debug"
[0m00:06:24.580258 [debug] [MainThread]: On debug: select 1 as id
[0m00:06:24.581306 [debug] [MainThread]: Opening a new connection, currently in state init
[0m00:06:24.641867 [debug] [MainThread]: Postgres adapter: Got a retryable error when attempting to open a postgres connection.
1 attempts remaining. Retrying in 0 seconds.
Error:
connection to server at "localhost" (::1), port 5432 failed: FATAL:  password authentication failed for user "dbt_user"

[0m00:06:24.694690 [debug] [MainThread]: Postgres adapter: Error running SQL: select 1 as id
[0m00:06:24.695702 [debug] [MainThread]: Postgres adapter: Rolling back transaction.
[0m00:06:24.697035 [debug] [MainThread]: On debug: No close available on handle
[0m00:06:24.697612 [info ] [MainThread]:   Connection test: [[31mERROR[0m]

[0m00:06:24.698625 [info ] [MainThread]: [31m1 check failed:[0m
[0m00:06:24.699624 [info ] [MainThread]: dbt was unable to connect to the specified database.
The database returned the following error:

  >Database Error
  connection to server at "localhost" (::1), port 5432 failed: FATAL:  password authentication failed for user "dbt_user"
  

Check your database credentials and try again. For more information, visit:
https://docs.getdbt.com/docs/configure-your-profile


[0m00:06:24.701650 [debug] [MainThread]: Command `dbt debug` failed at 00:06:24.700622 after 1.55 seconds
[0m00:06:24.701650 [debug] [MainThread]: Connection 'debug' was properly closed.
[0m00:06:24.702620 [debug] [MainThread]: Sending event: {'category': 'dbt', 'action': 'invocation', 'label': 'end', 'context': [<snowplow_tracker.self_describing_json.SelfDescribingJson object at 0x000001FEEF255A50>, <snowplow_tracker.self_describing_json.SelfDescribingJson object at 0x000001FEEF2566D0>, <snowplow_tracker.self_describing_json.SelfDescribingJson object at 0x000001FEF5F3BF90>]}
[0m00:06:24.703622 [debug] [MainThread]: Flushing usage events
[0m00:06:25.205664 [debug] [MainThread]: An error was encountered while trying to flush usage events
[0m12:40:08.732451 [debug] [MainThread]: Sending event: {'category': 'dbt', 'action': 'invocation', 'label': 'start', 'context': [<snowplow_tracker.self_describing_json.SelfDescribingJson object at 0x000002728DAF7990>, <snowplow_tracker.self_describing_json.SelfDescribingJson object at 0x000002728DAF78D0>, <snowplow_tracker.self_describing_json.SelfDescribingJson object at 0x000002728DA9FD50>]}


============================== 12:40:08.748338 | af24f712-107f-47d5-9fcc-908452200c1e ==============================
[0m12:40:08.748338 [info ] [MainThread]: Running with dbt=1.11.2
[0m12:40:08.764656 [debug] [MainThread]: running dbt with arguments {'version_check': 'True', 'no_print': 'None', 'static_parser': 'True', 'target_path': 'None', 'warn_error_options': 'WarnErrorOptionsV2(error=[], warn=[], silence=[])', 'printer_width': '80', 'write_json': 'True', 'introspect': 'True', 'log_cache_events': 'False', 'empty': 'None', 'cache_selected_only': 'False', 'fail_fast': 'False', 'debug': 'False', 'log_format': 'default', 'partial_parse': 'True', 'send_anonymous_usage_stats': 'True', 'quiet': 'False', 'warn_error': 'None', 'profiles_dir': 'C:\\Data Engineering\\jeans_mfg_data_pipeline', 'invocation_command': 'dbt debug', 'indirect_selection': 'eager', 'use_colors': 'True', 'use_experimental_parser': 'False', 'log_path': 'C:\\Data Engineering\\jeans_mfg_data_pipeline\\logs'}
[0m12:40:08.824595 [info ] [MainThread]: dbt version: 1.11.2
[0m12:40:08.837554 [info ] [MainThread]: python version: 3.11.9
[0m12:40:08.844377 [info ] [MainThread]: python path: C:\Data Engineering\jeans_mfg_data_pipeline\venv\Scripts\python.exe
[0m12:40:08.850884 [info ] [MainThread]: os info: Windows-10-10.0.26220-SP0
[0m12:40:09.055356 [info ] [MainThread]: Using profiles dir at C:\Data Engineering\jeans_mfg_data_pipeline
[0m12:40:09.055356 [info ] [MainThread]: Using profiles.yml file at C:\Data Engineering\jeans_mfg_data_pipeline\profiles.yml
[0m12:40:09.055356 [info ] [MainThread]: Using dbt_project.yml file at C:\Data Engineering\jeans_mfg_data_pipeline\dbt_project.yml
[0m12:40:09.071085 [info ] [MainThread]: adapter type: postgres
[0m12:40:09.071085 [info ] [MainThread]: adapter version: 1.10.0
[0m12:40:09.255934 [info ] [MainThread]: Configuration:
[0m12:40:09.255934 [info ] [MainThread]:   profiles.yml file [[32mOK found and valid[0m]
[0m12:40:09.255934 [info ] [MainThread]:   dbt_project.yml file [[32mOK found and valid[0m]
[0m12:40:09.255934 [info ] [MainThread]: Required dependencies:
[0m12:40:09.255934 [debug] [MainThread]: Executing "git --help"
[0m12:40:09.633511 [debug] [MainThread]: STDOUT: "b"usage: git [-v | --version] [-h | --help] [-C <path>] [-c <name>=<value>]\n           [--exec-path[=<path>]] [--html-path] [--man-path] [--info-path]\n           [-p | --paginate | -P | --no-pager] [--no-replace-objects] [--no-lazy-fetch]\n           [--no-optional-locks] [--no-advice] [--bare] [--git-dir=<path>]\n           [--work-tree=<path>] [--namespace=<name>] [--config-env=<name>=<envvar>]\n           <command> [<args>]\n\nThese are common Git commands used in various situations:\n\nstart a working area (see also: git help tutorial)\n   clone      Clone a repository into a new directory\n   init       Create an empty Git repository or reinitialize an existing one\n\nwork on the current change (see also: git help everyday)\n   add        Add file contents to the index\n   mv         Move or rename a file, a directory, or a symlink\n   restore    Restore working tree files\n   rm         Remove files from the working tree and from the index\n\nexamine the history and state (see also: git help revisions)\n   bisect     Use binary search to find the commit that introduced a bug\n   diff       Show changes between commits, commit and working tree, etc\n   grep       Print lines matching a pattern\n   log        Show commit logs\n   show       Show various types of objects\n   status     Show the working tree status\n\ngrow, mark and tweak your common history\n   backfill   Download missing objects in a partial clone\n   branch     List, create, or delete branches\n   commit     Record changes to the repository\n   merge      Join two or more development histories together\n   rebase     Reapply commits on top of another base tip\n   reset      Reset current HEAD to the specified state\n   switch     Switch branches\n   tag        Create, list, delete or verify tags\n\ncollaborate (see also: git help workflows)\n   fetch      Download objects and refs from another repository\n   pull       Fetch from and integrate with another repository or a local branch\n   push       Update remote refs along with associated objects\n\n'git help -a' and 'git help -g' list available subcommands and some\nconcept guides. See 'git help <command>' or 'git help <concept>'\nto read about a specific subcommand or concept.\nSee 'git help git' for an overview of the system.\n""
[0m12:40:09.633511 [debug] [MainThread]: STDERR: "b''"
[0m12:40:09.633511 [info ] [MainThread]:  - git [[32mOK found[0m]

[0m12:40:09.633511 [info ] [MainThread]: Connection:
[0m12:40:09.633511 [info ] [MainThread]:   host: localhost
[0m12:40:09.633511 [info ] [MainThread]:   port: 5432
[0m12:40:09.633511 [info ] [MainThread]:   user: dbt_user
[0m12:40:09.633511 [info ] [MainThread]:   database: postgres
[0m12:40:09.633511 [info ] [MainThread]:   schema: public
[0m12:40:09.647780 [info ] [MainThread]:   connect_timeout: 10
[0m12:40:09.648788 [info ] [MainThread]:   role: None
[0m12:40:09.649796 [info ] [MainThread]:   search_path: None
[0m12:40:09.650799 [info ] [MainThread]:   keepalives_idle: 0
[0m12:40:09.651802 [info ] [MainThread]:   sslmode: None
[0m12:40:09.652803 [info ] [MainThread]:   sslcert: None
[0m12:40:09.653802 [info ] [MainThread]:   sslkey: None
[0m12:40:09.654804 [info ] [MainThread]:   sslrootcert: None
[0m12:40:09.654804 [info ] [MainThread]:   application_name: dbt
[0m12:40:09.656791 [info ] [MainThread]:   retries: 1
[0m12:40:09.659041 [info ] [MainThread]: Registered adapter: postgres=1.10.0
[0m12:40:10.475141 [debug] [MainThread]: Acquiring new postgres connection 'debug'
[0m12:40:10.658525 [debug] [MainThread]: Using postgres connection "debug"
[0m12:40:10.658525 [debug] [MainThread]: On debug: select 1 as id
[0m12:40:10.658525 [debug] [MainThread]: Opening a new connection, currently in state init
[0m12:40:10.842315 [debug] [MainThread]: Postgres adapter: Got a retryable error when attempting to open a postgres connection.
1 attempts remaining. Retrying in 0 seconds.
Error:
connection to server at "localhost" (::1), port 5432 failed: FATAL:  password authentication failed for user "dbt_user"

[0m12:40:10.925117 [debug] [MainThread]: Postgres adapter: Error running SQL: select 1 as id
[0m12:40:10.925117 [debug] [MainThread]: Postgres adapter: Rolling back transaction.
[0m12:40:10.925117 [debug] [MainThread]: On debug: No close available on handle
[0m12:40:10.925117 [info ] [MainThread]:   Connection test: [[31mERROR[0m]

[0m12:40:10.929687 [info ] [MainThread]: [31m1 check failed:[0m
[0m12:40:10.931697 [info ] [MainThread]: dbt was unable to connect to the specified database.
The database returned the following error:

  >Database Error
  connection to server at "localhost" (::1), port 5432 failed: FATAL:  password authentication failed for user "dbt_user"
  

Check your database credentials and try again. For more information, visit:
https://docs.getdbt.com/docs/configure-your-profile


[0m12:40:10.933706 [debug] [MainThread]: Command `dbt debug` failed at 12:40:10.933706 after 2.45 seconds
[0m12:40:10.935715 [debug] [MainThread]: Connection 'debug' was properly closed.
[0m12:40:10.935715 [debug] [MainThread]: Sending event: {'category': 'dbt', 'action': 'invocation', 'label': 'end', 'context': [<snowplow_tracker.self_describing_json.SelfDescribingJson object at 0x000002728DAA8CD0>, <snowplow_tracker.self_describing_json.SelfDescribingJson object at 0x000002728DAA8ED0>, <snowplow_tracker.self_describing_json.SelfDescribingJson object at 0x000002728A572ED0>]}
[0m12:40:10.935715 [debug] [MainThread]: Flushing usage events
[0m12:40:12.225336 [debug] [MainThread]: An error was encountered while trying to flush usage events
[0m12:46:30.315918 [debug] [MainThread]: Sending event: {'category': 'dbt', 'action': 'invocation', 'label': 'start', 'context': [<snowplow_tracker.self_describing_json.SelfDescribingJson object at 0x000001F5829BB6D0>, <snowplow_tracker.self_describing_json.SelfDescribingJson object at 0x000001F5829C2B90>, <snowplow_tracker.self_describing_json.SelfDescribingJson object at 0x000001F5829C0C10>]}


============================== 12:46:30.315918 | ea23dbdd-ee4c-49de-905a-bcbefbf0b4e1 ==============================
[0m12:46:30.315918 [info ] [MainThread]: Running with dbt=1.11.2
[0m12:46:30.325457 [debug] [MainThread]: running dbt with arguments {'version_check': 'True', 'no_print': 'None', 'static_parser': 'True', 'target_path': 'None', 'warn_error_options': 'WarnErrorOptionsV2(error=[], warn=[], silence=[])', 'printer_width': '80', 'write_json': 'True', 'empty': 'None', 'log_cache_events': 'False', 'introspect': 'True', 'cache_selected_only': 'False', 'log_format': 'default', 'debug': 'False', 'fail_fast': 'False', 'partial_parse': 'True', 'send_anonymous_usage_stats': 'True', 'quiet': 'False', 'warn_error': 'None', 'profiles_dir': 'C:\\Data Engineering\\jeans_mfg_data_pipeline', 'use_colors': 'True', 'indirect_selection': 'eager', 'invocation_command': 'dbt debug', 'use_experimental_parser': 'False', 'log_path': 'C:\\Data Engineering\\jeans_mfg_data_pipeline\\logs'}
[0m12:46:30.351164 [info ] [MainThread]: dbt version: 1.11.2
[0m12:46:30.353595 [info ] [MainThread]: python version: 3.11.9
[0m12:46:30.355116 [info ] [MainThread]: python path: C:\Data Engineering\jeans_mfg_data_pipeline\venv\Scripts\python.exe
[0m12:46:30.356125 [info ] [MainThread]: os info: Windows-10-10.0.26220-SP0
[0m12:46:30.636108 [info ] [MainThread]: Using profiles dir at C:\Data Engineering\jeans_mfg_data_pipeline
[0m12:46:30.636108 [info ] [MainThread]: Using profiles.yml file at C:\Data Engineering\jeans_mfg_data_pipeline\profiles.yml
[0m12:46:30.636108 [info ] [MainThread]: Using dbt_project.yml file at C:\Data Engineering\jeans_mfg_data_pipeline\dbt_project.yml
[0m12:46:30.636108 [info ] [MainThread]: adapter type: postgres
[0m12:46:30.645521 [info ] [MainThread]: adapter version: 1.10.0
[0m12:46:30.847748 [info ] [MainThread]: Configuration:
[0m12:46:30.847748 [info ] [MainThread]:   profiles.yml file [[32mOK found and valid[0m]
[0m12:46:30.849507 [info ] [MainThread]:   dbt_project.yml file [[32mOK found and valid[0m]
[0m12:46:30.849507 [info ] [MainThread]: Required dependencies:
[0m12:46:30.849507 [debug] [MainThread]: Executing "git --help"
[0m12:46:31.337806 [debug] [MainThread]: STDOUT: "b"usage: git [-v | --version] [-h | --help] [-C <path>] [-c <name>=<value>]\n           [--exec-path[=<path>]] [--html-path] [--man-path] [--info-path]\n           [-p | --paginate | -P | --no-pager] [--no-replace-objects] [--no-lazy-fetch]\n           [--no-optional-locks] [--no-advice] [--bare] [--git-dir=<path>]\n           [--work-tree=<path>] [--namespace=<name>] [--config-env=<name>=<envvar>]\n           <command> [<args>]\n\nThese are common Git commands used in various situations:\n\nstart a working area (see also: git help tutorial)\n   clone      Clone a repository into a new directory\n   init       Create an empty Git repository or reinitialize an existing one\n\nwork on the current change (see also: git help everyday)\n   add        Add file contents to the index\n   mv         Move or rename a file, a directory, or a symlink\n   restore    Restore working tree files\n   rm         Remove files from the working tree and from the index\n\nexamine the history and state (see also: git help revisions)\n   bisect     Use binary search to find the commit that introduced a bug\n   diff       Show changes between commits, commit and working tree, etc\n   grep       Print lines matching a pattern\n   log        Show commit logs\n   show       Show various types of objects\n   status     Show the working tree status\n\ngrow, mark and tweak your common history\n   backfill   Download missing objects in a partial clone\n   branch     List, create, or delete branches\n   commit     Record changes to the repository\n   merge      Join two or more development histories together\n   rebase     Reapply commits on top of another base tip\n   reset      Reset current HEAD to the specified state\n   switch     Switch branches\n   tag        Create, list, delete or verify tags\n\ncollaborate (see also: git help workflows)\n   fetch      Download objects and refs from another repository\n   pull       Fetch from and integrate with another repository or a local branch\n   push       Update remote refs along with associated objects\n\n'git help -a' and 'git help -g' list available subcommands and some\nconcept guides. See 'git help <command>' or 'git help <concept>'\nto read about a specific subcommand or concept.\nSee 'git help git' for an overview of the system.\n""
[0m12:46:31.337806 [debug] [MainThread]: STDERR: "b''"
[0m12:46:31.337806 [info ] [MainThread]:  - git [[32mOK found[0m]

[0m12:46:31.337806 [info ] [MainThread]: Connection:
[0m12:46:31.345124 [info ] [MainThread]:   host: localhost
[0m12:46:31.346157 [info ] [MainThread]:   port: 5432
[0m12:46:31.346157 [info ] [MainThread]:   user: dbt_user
[0m12:46:31.346157 [info ] [MainThread]:   database: postgres
[0m12:46:31.349926 [info ] [MainThread]:   schema: public
[0m12:46:31.351392 [info ] [MainThread]:   connect_timeout: 10
[0m12:46:31.352794 [info ] [MainThread]:   role: None
[0m12:46:31.355066 [info ] [MainThread]:   search_path: None
[0m12:46:31.357124 [info ] [MainThread]:   keepalives_idle: 0
[0m12:46:31.358147 [info ] [MainThread]:   sslmode: None
[0m12:46:31.359146 [info ] [MainThread]:   sslcert: None
[0m12:46:31.360146 [info ] [MainThread]:   sslkey: None
[0m12:46:31.361133 [info ] [MainThread]:   sslrootcert: None
[0m12:46:31.362656 [info ] [MainThread]:   application_name: dbt
[0m12:46:31.363680 [info ] [MainThread]:   retries: 1
[0m12:46:31.366741 [info ] [MainThread]: Registered adapter: postgres=1.10.0
[0m12:46:32.067411 [debug] [MainThread]: Acquiring new postgres connection 'debug'
[0m12:46:32.246358 [debug] [MainThread]: Using postgres connection "debug"
[0m12:46:32.247744 [debug] [MainThread]: On debug: select 1 as id
[0m12:46:32.247744 [debug] [MainThread]: Opening a new connection, currently in state init
[0m12:46:32.327379 [debug] [MainThread]: SQL status: SELECT 1 in 0.084 seconds
[0m12:46:32.327379 [debug] [MainThread]: On debug: Close
[0m12:46:32.327379 [info ] [MainThread]:   Connection test: [[32mOK connection ok[0m]

[0m12:46:32.336119 [info ] [MainThread]: [32mAll checks passed![0m
[0m12:46:32.336119 [debug] [MainThread]: Command `dbt debug` succeeded at 12:46:32.336119 after 2.15 seconds
[0m12:46:32.336119 [debug] [MainThread]: Connection 'debug' was properly closed.
[0m12:46:32.336119 [debug] [MainThread]: Sending event: {'category': 'dbt', 'action': 'invocation', 'label': 'end', 'context': [<snowplow_tracker.self_describing_json.SelfDescribingJson object at 0x000001F583C46FD0>, <snowplow_tracker.self_describing_json.SelfDescribingJson object at 0x000001F5829BB510>, <snowplow_tracker.self_describing_json.SelfDescribingJson object at 0x000001F581B03910>]}
[0m12:46:32.336119 [debug] [MainThread]: Flushing usage events
[0m12:46:33.675747 [debug] [MainThread]: An error was encountered while trying to flush usage events
[0m12:50:44.925765 [debug] [MainThread]: Sending event: {'category': 'dbt', 'action': 'invocation', 'label': 'start', 'context': [<snowplow_tracker.self_describing_json.SelfDescribingJson object at 0x000001F18FB03F50>, <snowplow_tracker.self_describing_json.SelfDescribingJson object at 0x000001F18FB02B90>, <snowplow_tracker.self_describing_json.SelfDescribingJson object at 0x000001F18FB03790>]}


============================== 12:50:44.930175 | 92090ccb-29e9-437a-9219-79e7eb6f8655 ==============================
[0m12:50:44.930175 [info ] [MainThread]: Running with dbt=1.11.2
[0m12:50:44.930175 [debug] [MainThread]: running dbt with arguments {'version_check': 'True', 'no_print': 'None', 'static_parser': 'True', 'target_path': 'None', 'warn_error_options': 'WarnErrorOptionsV2(error=[], warn=[], silence=[])', 'printer_width': '80', 'write_json': 'True', 'empty': 'False', 'log_cache_events': 'False', 'introspect': 'True', 'cache_selected_only': 'False', 'log_format': 'default', 'debug': 'False', 'fail_fast': 'False', 'partial_parse': 'True', 'send_anonymous_usage_stats': 'True', 'quiet': 'False', 'warn_error': 'None', 'profiles_dir': 'C:\\Data Engineering\\jeans_mfg_data_pipeline', 'invocation_command': 'dbt run', 'indirect_selection': 'eager', 'use_colors': 'True', 'use_experimental_parser': 'False', 'log_path': 'C:\\Data Engineering\\jeans_mfg_data_pipeline\\logs'}
[0m12:50:45.573124 [debug] [MainThread]: Sending event: {'category': 'dbt', 'action': 'project_id', 'label': '92090ccb-29e9-437a-9219-79e7eb6f8655', 'context': [<snowplow_tracker.self_describing_json.SelfDescribingJson object at 0x000001F18FAFFB50>]}
[0m12:50:45.679245 [debug] [MainThread]: Sending event: {'category': 'dbt', 'action': 'adapter_info', 'label': '92090ccb-29e9-437a-9219-79e7eb6f8655', 'context': [<snowplow_tracker.self_describing_json.SelfDescribingJson object at 0x000001F18C325B50>]}
[0m12:50:45.679245 [info ] [MainThread]: Registered adapter: postgres=1.10.0
[0m12:50:46.345895 [debug] [MainThread]: checksum: 3d40d8bbe1bef07db1c24822f2dbfff8bc07f2a48ed4fe2658a40653aec0b54b, vars: {}, profile: , target: , version: 1.11.2
[0m12:50:46.347915 [info ] [MainThread]: Unable to do partial parsing because saved manifest not found. Starting full parse.
[0m12:50:46.349925 [debug] [MainThread]: Sending event: {'category': 'dbt', 'action': 'partial_parser', 'label': '92090ccb-29e9-437a-9219-79e7eb6f8655', 'context': [<snowplow_tracker.self_describing_json.SelfDescribingJson object at 0x000001F190DBDE50>]}
[0m12:50:48.596262 [debug] [MainThread]: Sending event: {'category': 'dbt', 'action': 'load_project', 'label': '92090ccb-29e9-437a-9219-79e7eb6f8655', 'context': [<snowplow_tracker.self_describing_json.SelfDescribingJson object at 0x000001F1910E4150>]}
[0m12:50:48.782991 [debug] [MainThread]: Wrote artifact WritableManifest to C:\Data Engineering\jeans_mfg_data_pipeline\target\manifest.json
[0m12:50:48.795992 [debug] [MainThread]: Wrote artifact SemanticManifest to C:\Data Engineering\jeans_mfg_data_pipeline\target\semantic_manifest.json
[0m12:50:48.867451 [debug] [MainThread]: Sending event: {'category': 'dbt', 'action': 'resource_counts', 'label': '92090ccb-29e9-437a-9219-79e7eb6f8655', 'context': [<snowplow_tracker.self_describing_json.SelfDescribingJson object at 0x000001F19135AB10>]}
[0m12:50:48.867451 [info ] [MainThread]: Found 5 models, 3 sources, 464 macros
[0m12:50:48.867451 [debug] [MainThread]: Sending event: {'category': 'dbt', 'action': 'runnable_timing', 'label': '92090ccb-29e9-437a-9219-79e7eb6f8655', 'context': [<snowplow_tracker.self_describing_json.SelfDescribingJson object at 0x000001F1910D2210>]}
[0m12:50:48.877037 [info ] [MainThread]: 
[0m12:50:48.877037 [info ] [MainThread]: Concurrency: 1 threads (target='dev')
[0m12:50:48.880927 [info ] [MainThread]: 
[0m12:50:48.883961 [debug] [MainThread]: Acquiring new postgres connection 'master'
[0m12:50:48.897332 [debug] [ThreadPool]: Acquiring new postgres connection 'list_postgres'
[0m12:50:49.285481 [debug] [ThreadPool]: Using postgres connection "list_postgres"
[0m12:50:49.287394 [debug] [ThreadPool]: On list_postgres: /* {"app": "dbt", "dbt_version": "1.11.2", "profile_name": "jeans_mfg_data_pipeline", "target_name": "dev", "connection_name": "list_postgres"} */

    select distinct nspname from pg_namespace
  
[0m12:50:49.289041 [debug] [ThreadPool]: Opening a new connection, currently in state init
[0m12:50:49.405476 [debug] [ThreadPool]: SQL status: SELECT 9 in 0.116 seconds
[0m12:50:49.408510 [debug] [ThreadPool]: On list_postgres: Close
[0m12:50:49.408979 [debug] [ThreadPool]: Acquiring new postgres connection 'list_postgres_public'
[0m12:50:49.423638 [debug] [ThreadPool]: Using postgres connection "list_postgres_public"
[0m12:50:49.425191 [debug] [ThreadPool]: On list_postgres_public: /* {"app": "dbt", "dbt_version": "1.11.2", "profile_name": "jeans_mfg_data_pipeline", "target_name": "dev", "connection_name": "list_postgres_public"} */
select
      'postgres' as database,
      tablename as name,
      schemaname as schema,
      'table' as type
    from pg_tables
    where schemaname ilike 'public'
    union all
    select
      'postgres' as database,
      viewname as name,
      schemaname as schema,
      'view' as type
    from pg_views
    where schemaname ilike 'public'
    union all
    select
      'postgres' as database,
      matviewname as name,
      schemaname as schema,
      'materialized_view' as type
    from pg_matviews
    where schemaname ilike 'public'
  
[0m12:50:49.426249 [debug] [ThreadPool]: Opening a new connection, currently in state init
[0m12:50:49.555992 [debug] [ThreadPool]: SQL status: SELECT 0 in 0.130 seconds
[0m12:50:49.555992 [debug] [ThreadPool]: On list_postgres_public: ROLLBACK
[0m12:50:49.555992 [debug] [ThreadPool]: On list_postgres_public: Close
[0m12:50:49.565348 [debug] [MainThread]: Using postgres connection "master"
[0m12:50:49.566413 [debug] [MainThread]: On master: /* {"app": "dbt", "dbt_version": "1.11.2", "profile_name": "jeans_mfg_data_pipeline", "target_name": "dev", "connection_name": "master"} */
select distinct
        dependent_namespace.nspname as dependent_schema,
        dependent_class.relname as dependent_name,
        referenced_namespace.nspname as referenced_schema,
        referenced_class.relname as referenced_name

    -- Query for views: views are entries in pg_class with an entry in pg_rewrite, but we avoid
    -- a seq scan on pg_rewrite by leveraging the fact there is an "internal" row in pg_depend for
    -- the view...
    from pg_class as dependent_class
    join pg_namespace as dependent_namespace on dependent_namespace.oid = dependent_class.relnamespace
    join pg_depend as dependent_depend on dependent_depend.refobjid = dependent_class.oid
        and dependent_depend.classid = 'pg_rewrite'::regclass
        and dependent_depend.refclassid = 'pg_class'::regclass
        and dependent_depend.deptype = 'i'

    -- ... and via pg_depend (that has a row per column, hence the need for "distinct" above, and
    -- making sure to exclude the internal row to avoid a view appearing to depend on itself)...
    join pg_depend as joining_depend on joining_depend.objid = dependent_depend.objid
        and joining_depend.classid = 'pg_rewrite'::regclass
        and joining_depend.refclassid = 'pg_class'::regclass
        and joining_depend.refobjid != dependent_depend.refobjid

    -- ... we can find the tables they query from in pg_class, but excluding system tables. Note we
    -- don't need need to exclude _dependent_ system tables, because they only query from other
    -- system tables, and so are automatically excluded by excluding _referenced_ system tables
    join pg_class as referenced_class on referenced_class.oid = joining_depend.refobjid
    join pg_namespace as referenced_namespace on referenced_namespace.oid = referenced_class.relnamespace
        and referenced_namespace.nspname != 'information_schema'
        and referenced_namespace.nspname not like 'pg\_%'

    order by
        dependent_schema, dependent_name, referenced_schema, referenced_name;
[0m12:50:49.567911 [debug] [MainThread]: Opening a new connection, currently in state init
[0m12:50:49.757656 [debug] [MainThread]: SQL status: SELECT 0 in 0.190 seconds
[0m12:50:49.759662 [debug] [MainThread]: Sending event: {'category': 'dbt', 'action': 'runnable_timing', 'label': '92090ccb-29e9-437a-9219-79e7eb6f8655', 'context': [<snowplow_tracker.self_describing_json.SelfDescribingJson object at 0x000001F191430790>]}
[0m12:50:49.760663 [debug] [MainThread]: On master: ROLLBACK
[0m12:50:49.761672 [debug] [MainThread]: On master: COMMIT
[0m12:50:49.762663 [debug] [MainThread]: Using postgres connection "master"
[0m12:50:49.762663 [debug] [MainThread]: On master: COMMIT
[0m12:50:49.763675 [debug] [MainThread]: SQL status: COMMIT in 0.000 seconds
[0m12:50:49.765186 [debug] [MainThread]: On master: Close
[0m12:50:49.787080 [debug] [Thread-1 (]: Began running node model.jeans_mfg_data_pipeline.my_first_dbt_model
[0m12:50:49.787080 [info ] [Thread-1 (]: 1 of 4 START sql table model public.my_first_dbt_model ......................... [RUN]
[0m12:50:49.787080 [debug] [Thread-1 (]: Acquiring new postgres connection 'model.jeans_mfg_data_pipeline.my_first_dbt_model'
[0m12:50:49.787080 [debug] [Thread-1 (]: Began compiling node model.jeans_mfg_data_pipeline.my_first_dbt_model
[0m12:50:49.807994 [debug] [Thread-1 (]: Writing injected SQL for node "model.jeans_mfg_data_pipeline.my_first_dbt_model"
[0m12:50:49.812983 [debug] [Thread-1 (]: Began executing node model.jeans_mfg_data_pipeline.my_first_dbt_model
[0m12:50:49.882208 [debug] [Thread-1 (]: Writing runtime sql for node "model.jeans_mfg_data_pipeline.my_first_dbt_model"
[0m12:50:49.887900 [debug] [Thread-1 (]: Using postgres connection "model.jeans_mfg_data_pipeline.my_first_dbt_model"
[0m12:50:49.890530 [debug] [Thread-1 (]: On model.jeans_mfg_data_pipeline.my_first_dbt_model: /* {"app": "dbt", "dbt_version": "1.11.2", "profile_name": "jeans_mfg_data_pipeline", "target_name": "dev", "node_id": "model.jeans_mfg_data_pipeline.my_first_dbt_model"} */

  
    

  create  table "postgres"."public"."my_first_dbt_model__dbt_tmp"
  
  
    as
  
  (
    /*
    Welcome to your first dbt model!
    Did you know that you can also configure models directly within SQL files?
    This will override configurations stated in dbt_project.yml

    Try changing "table" to "view" below
*/



with source_data as (

    select 1 as id
    union all
    select null as id

)

select *
from source_data

/*
    Uncomment the line below to remove records with null `id` values
*/

-- where id is not null
  );
  
[0m12:50:49.890530 [debug] [Thread-1 (]: Opening a new connection, currently in state init
[0m12:50:50.005836 [debug] [Thread-1 (]: Postgres adapter: Postgres error: permission denied for schema public

[0m12:50:50.005836 [debug] [Thread-1 (]: On model.jeans_mfg_data_pipeline.my_first_dbt_model: ROLLBACK
[0m12:50:50.009853 [debug] [Thread-1 (]: On model.jeans_mfg_data_pipeline.my_first_dbt_model: Close
[0m12:50:50.037431 [debug] [Thread-1 (]: Database Error in model my_first_dbt_model (models\example\my_first_dbt_model.sql)
  permission denied for schema public
  compiled code at target\run\jeans_mfg_data_pipeline\models\example\my_first_dbt_model.sql
[0m12:50:50.037431 [debug] [Thread-1 (]: Sending event: {'category': 'dbt', 'action': 'run_model', 'label': '92090ccb-29e9-437a-9219-79e7eb6f8655', 'context': [<snowplow_tracker.self_describing_json.SelfDescribingJson object at 0x000001F191787C10>]}
[0m12:50:50.037431 [error] [Thread-1 (]: 1 of 4 ERROR creating sql table model public.my_first_dbt_model ................ [[31mERROR[0m in 0.25s]
[0m12:50:50.045298 [debug] [Thread-1 (]: Finished running node model.jeans_mfg_data_pipeline.my_first_dbt_model
[0m12:50:50.045835 [debug] [Thread-1 (]: Began running node model.jeans_mfg_data_pipeline.stg_unpivoted_orders
[0m12:50:50.046872 [debug] [Thread-4 (]: Marking all children of 'model.jeans_mfg_data_pipeline.my_first_dbt_model' to be skipped because of status 'error'.  Reason: Database Error in model my_first_dbt_model (models\example\my_first_dbt_model.sql)
  permission denied for schema public
  compiled code at target\run\jeans_mfg_data_pipeline\models\example\my_first_dbt_model.sql.
[0m12:50:50.046872 [info ] [Thread-1 (]: 2 of 4 START sql view model public.stg_unpivoted_orders ........................ [RUN]
[0m12:50:50.046872 [debug] [Thread-1 (]: Re-using an available connection from the pool (formerly model.jeans_mfg_data_pipeline.my_first_dbt_model, now model.jeans_mfg_data_pipeline.stg_unpivoted_orders)
[0m12:50:50.046872 [debug] [Thread-1 (]: Began compiling node model.jeans_mfg_data_pipeline.stg_unpivoted_orders
[0m12:50:50.058123 [debug] [Thread-1 (]: Writing injected SQL for node "model.jeans_mfg_data_pipeline.stg_unpivoted_orders"
[0m12:50:50.061145 [debug] [Thread-1 (]: Began executing node model.jeans_mfg_data_pipeline.stg_unpivoted_orders
[0m12:50:50.109641 [debug] [Thread-1 (]: Writing runtime sql for node "model.jeans_mfg_data_pipeline.stg_unpivoted_orders"
[0m12:50:50.115087 [debug] [Thread-1 (]: Using postgres connection "model.jeans_mfg_data_pipeline.stg_unpivoted_orders"
[0m12:50:50.121531 [debug] [Thread-1 (]: On model.jeans_mfg_data_pipeline.stg_unpivoted_orders: /* {"app": "dbt", "dbt_version": "1.11.2", "profile_name": "jeans_mfg_data_pipeline", "target_name": "dev", "node_id": "model.jeans_mfg_data_pipeline.stg_unpivoted_orders"} */

  create view "postgres"."public"."stg_unpivoted_orders__dbt_tmp"
    
    
  as (
    -- models/staging/stg_unpivoted_orders.sql

 -- Staging models are often views for efficiency

SELECT
    order_form_no,
    order_date,
    buyer_name,
    buyer_location,
    s_no,
    style_number,
    unit_price,
    line_item_total,
    total_qty_line_item,
    ingested_at,
    unnested_data.size,
    unnested_data.quantity_ordered AS quantity -- Rename for clarity
FROM
    "airflow"."public"."raw_orders",
    LATERAL (VALUES
        -- Unpivot all size_XX_qty columns
        ('18', size_18_qty),
        ('20', size_20_qty),
        ('22', size_22_qty),
        ('24', size_24_qty),
        ('26', size_26_qty),
        ('28', size_28_qty),
        ('30', size_30_qty),
        ('32', size_32_qty),
        ('34', size_34_qty),
        ('36', size_36_qty),
        ('38', size_38_qty),
        ('40', size_40_qty),
        ('42', size_42_qty)
    ) AS unnested_data(size_text, quantity_ordered)
WHERE
    unnested_data.quantity_ordered > 0
  );
[0m12:50:50.125856 [debug] [Thread-1 (]: Opening a new connection, currently in state closed
[0m12:50:50.226074 [debug] [Thread-1 (]: Postgres adapter: Postgres error: cross-database references are not implemented: "airflow.public.raw_orders"
LINE 25:     "airflow"."public"."raw_orders",
             ^

[0m12:50:50.235058 [debug] [Thread-1 (]: On model.jeans_mfg_data_pipeline.stg_unpivoted_orders: ROLLBACK
[0m12:50:50.237642 [debug] [Thread-1 (]: On model.jeans_mfg_data_pipeline.stg_unpivoted_orders: Close
[0m12:50:50.248132 [debug] [Thread-1 (]: Database Error in model stg_unpivoted_orders (models\staging\stg_unpivoted_orders.sql)
  cross-database references are not implemented: "airflow.public.raw_orders"
  LINE 25:     "airflow"."public"."raw_orders",
               ^
  compiled code at target\run\jeans_mfg_data_pipeline\models\staging\stg_unpivoted_orders.sql
[0m12:50:50.251158 [debug] [Thread-1 (]: Sending event: {'category': 'dbt', 'action': 'run_model', 'label': '92090ccb-29e9-437a-9219-79e7eb6f8655', 'context': [<snowplow_tracker.self_describing_json.SelfDescribingJson object at 0x000001F191233310>]}
[0m12:50:50.253173 [error] [Thread-1 (]: 2 of 4 ERROR creating sql view model public.stg_unpivoted_orders ............... [[31mERROR[0m in 0.20s]
[0m12:50:50.261733 [debug] [Thread-1 (]: Finished running node model.jeans_mfg_data_pipeline.stg_unpivoted_orders
[0m12:50:50.263743 [debug] [Thread-1 (]: Began running node model.jeans_mfg_data_pipeline.my_second_dbt_model
[0m12:50:50.266821 [debug] [Thread-4 (]: Marking all children of 'model.jeans_mfg_data_pipeline.stg_unpivoted_orders' to be skipped because of status 'error'.  Reason: Database Error in model stg_unpivoted_orders (models\staging\stg_unpivoted_orders.sql)
  cross-database references are not implemented: "airflow.public.raw_orders"
  LINE 25:     "airflow"."public"."raw_orders",
               ^
  compiled code at target\run\jeans_mfg_data_pipeline\models\staging\stg_unpivoted_orders.sql.
[0m12:50:50.274409 [info ] [Thread-1 (]: 3 of 4 SKIP relation public.my_second_dbt_model ................................ [[33mSKIP[0m]
[0m12:50:50.285471 [debug] [Thread-1 (]: Finished running node model.jeans_mfg_data_pipeline.my_second_dbt_model
[0m12:50:50.287817 [debug] [Thread-1 (]: Began running node model.jeans_mfg_data_pipeline.fact_material_requirements
[0m12:50:50.291108 [info ] [Thread-1 (]: 4 of 4 SKIP relation public.fact_material_requirements ......................... [[33mSKIP[0m]
[0m12:50:50.295276 [debug] [Thread-1 (]: Finished running node model.jeans_mfg_data_pipeline.fact_material_requirements
[0m12:50:50.300009 [debug] [MainThread]: On master: COMMIT
[0m12:50:50.308231 [debug] [MainThread]: Using postgres connection "master"
[0m12:50:50.312282 [debug] [MainThread]: On master: COMMIT
[0m12:50:50.315316 [debug] [MainThread]: Opening a new connection, currently in state closed
[0m12:50:50.436686 [debug] [MainThread]: SQL status: COMMIT in 0.121 seconds
[0m12:50:50.438188 [debug] [MainThread]: On master: Close
[0m12:50:50.438188 [debug] [MainThread]: Connection 'master' was properly closed.
[0m12:50:50.438188 [debug] [MainThread]: Connection 'list_postgres' was properly closed.
[0m12:50:50.438188 [debug] [MainThread]: Connection 'list_postgres_public' was properly closed.
[0m12:50:50.438188 [debug] [MainThread]: Connection 'model.jeans_mfg_data_pipeline.stg_unpivoted_orders' was properly closed.
[0m12:50:50.438188 [info ] [MainThread]: 
[0m12:50:50.438188 [info ] [MainThread]: Finished running 2 table models, 2 view models in 0 hours 0 minutes and 1.56 seconds (1.56s).
[0m12:50:50.445878 [debug] [MainThread]: Command end result
[0m12:50:50.501056 [debug] [MainThread]: Wrote artifact WritableManifest to C:\Data Engineering\jeans_mfg_data_pipeline\target\manifest.json
[0m12:50:50.512437 [debug] [MainThread]: Wrote artifact SemanticManifest to C:\Data Engineering\jeans_mfg_data_pipeline\target\semantic_manifest.json
[0m12:50:50.525380 [debug] [MainThread]: Wrote artifact RunExecutionResult to C:\Data Engineering\jeans_mfg_data_pipeline\target\run_results.json
[0m12:50:50.526901 [info ] [MainThread]: 
[0m12:50:50.527912 [info ] [MainThread]: [31mCompleted with 2 errors, 0 partial successes, and 0 warnings:[0m
[0m12:50:50.528910 [info ] [MainThread]: 
[0m12:50:50.529909 [error] [MainThread]: [31mFailure in model my_first_dbt_model (models\example\my_first_dbt_model.sql)[0m
[0m12:50:50.531908 [error] [MainThread]:   Database Error in model my_first_dbt_model (models\example\my_first_dbt_model.sql)
  permission denied for schema public
  compiled code at target\run\jeans_mfg_data_pipeline\models\example\my_first_dbt_model.sql
[0m12:50:50.532909 [info ] [MainThread]: 
[0m12:50:50.533912 [info ] [MainThread]:   compiled code at target\compiled\jeans_mfg_data_pipeline\models\example\my_first_dbt_model.sql
[0m12:50:50.535943 [info ] [MainThread]: 
[0m12:50:50.538964 [error] [MainThread]: [31mFailure in model stg_unpivoted_orders (models\staging\stg_unpivoted_orders.sql)[0m
[0m12:50:50.541975 [error] [MainThread]:   Database Error in model stg_unpivoted_orders (models\staging\stg_unpivoted_orders.sql)
  cross-database references are not implemented: "airflow.public.raw_orders"
  LINE 25:     "airflow"."public"."raw_orders",
               ^
  compiled code at target\run\jeans_mfg_data_pipeline\models\staging\stg_unpivoted_orders.sql
[0m12:50:50.542972 [info ] [MainThread]: 
[0m12:50:50.543978 [info ] [MainThread]:   compiled code at target\compiled\jeans_mfg_data_pipeline\models\staging\stg_unpivoted_orders.sql
[0m12:50:50.546007 [info ] [MainThread]: 
[0m12:50:50.548033 [info ] [MainThread]: Done. PASS=0 WARN=0 ERROR=2 SKIP=2 NO-OP=0 TOTAL=4
[0m12:50:50.550033 [debug] [MainThread]: Command `dbt run` failed at 12:50:50.550033 after 5.78 seconds
[0m12:50:50.552049 [debug] [MainThread]: Sending event: {'category': 'dbt', 'action': 'invocation', 'label': 'end', 'context': [<snowplow_tracker.self_describing_json.SelfDescribingJson object at 0x000001F18FB00110>, <snowplow_tracker.self_describing_json.SelfDescribingJson object at 0x000001F188E14D50>, <snowplow_tracker.self_describing_json.SelfDescribingJson object at 0x000001F18FAFFED0>]}
[0m12:50:50.553034 [debug] [MainThread]: Flushing usage events
[0m12:50:51.903726 [debug] [MainThread]: An error was encountered while trying to flush usage events
[0m13:15:55.476975 [debug] [MainThread]: Sending event: {'category': 'dbt', 'action': 'invocation', 'label': 'start', 'context': [<snowplow_tracker.self_describing_json.SelfDescribingJson object at 0x00000228648E3E90>, <snowplow_tracker.self_describing_json.SelfDescribingJson object at 0x00000228648E3690>, <snowplow_tracker.self_describing_json.SelfDescribingJson object at 0x00000228648E0090>]}


============================== 13:15:55.502549 | 93e9845b-59a8-4dc1-a919-8cd318371e62 ==============================
[0m13:15:55.502549 [info ] [MainThread]: Running with dbt=1.11.2
[0m13:15:55.503551 [debug] [MainThread]: running dbt with arguments {'static_parser': 'True', 'no_print': 'None', 'version_check': 'True', 'warn_error_options': 'WarnErrorOptionsV2(error=[], warn=[], silence=[])', 'target_path': 'None', 'printer_width': '80', 'write_json': 'True', 'introspect': 'True', 'log_cache_events': 'False', 'empty': 'False', 'cache_selected_only': 'False', 'log_format': 'default', 'debug': 'False', 'fail_fast': 'False', 'profiles_dir': 'C:\\Data Engineering\\jeans_mfg_data_pipeline', 'send_anonymous_usage_stats': 'True', 'quiet': 'False', 'warn_error': 'None', 'partial_parse': 'True', 'use_colors': 'True', 'indirect_selection': 'eager', 'invocation_command': 'dbt run', 'use_experimental_parser': 'False', 'log_path': 'C:\\Data Engineering\\jeans_mfg_data_pipeline\\logs'}
[0m13:15:56.087340 [debug] [MainThread]: Sending event: {'category': 'dbt', 'action': 'project_id', 'label': '93e9845b-59a8-4dc1-a919-8cd318371e62', 'context': [<snowplow_tracker.self_describing_json.SelfDescribingJson object at 0x00000228640C3510>]}
[0m13:15:56.160442 [debug] [MainThread]: Sending event: {'category': 'dbt', 'action': 'adapter_info', 'label': '93e9845b-59a8-4dc1-a919-8cd318371e62', 'context': [<snowplow_tracker.self_describing_json.SelfDescribingJson object at 0x0000022861135B50>]}
[0m13:15:56.160442 [info ] [MainThread]: Registered adapter: postgres=1.10.0
[0m13:15:56.692438 [debug] [MainThread]: checksum: 3d40d8bbe1bef07db1c24822f2dbfff8bc07f2a48ed4fe2658a40653aec0b54b, vars: {}, profile: , target: , version: 1.11.2
[0m13:15:57.048697 [debug] [MainThread]: Partial parsing enabled: 4 files deleted, 3 files added, 1 files changed.
[0m13:15:57.061451 [debug] [MainThread]: Partial parsing: added file: jeans_mfg_data_pipeline://models\raw\raw_orders_table.sql
[0m13:15:57.061451 [debug] [MainThread]: Partial parsing: added file: jeans_mfg_data_pipeline://models\raw\raw_bill_of_materials_table.sql
[0m13:15:57.061451 [debug] [MainThread]: Partial parsing: added file: jeans_mfg_data_pipeline://models\raw\sources.yml
[0m13:15:57.061451 [debug] [MainThread]: Partial parsing: deleted file: jeans_mfg_data_pipeline://models\example\my_second_dbt_model.sql
[0m13:15:57.061451 [debug] [MainThread]: Partial parsing: deleted file: jeans_mfg_data_pipeline://models\example\my_first_dbt_model.sql
[0m13:15:57.061451 [debug] [MainThread]: Partial parsing: updated file: jeans_mfg_data_pipeline://models\staging\stg_unpivoted_orders.sql
[0m13:15:57.432186 [error] [MainThread]: Encountered an error:
Compilation Error
  Model 'model.jeans_mfg_data_pipeline.fact_material_requirements' (models\marts\fact_material_requirements.sql) depends on a source named 'raw_data.raw_bill_of_materials' which was not found
[0m13:15:57.448071 [debug] [MainThread]: Command `dbt run` failed at 13:15:57.448071 after 2.11 seconds
[0m13:15:57.448071 [debug] [MainThread]: Sending event: {'category': 'dbt', 'action': 'invocation', 'label': 'end', 'context': [<snowplow_tracker.self_describing_json.SelfDescribingJson object at 0x000002286495FE10>, <snowplow_tracker.self_describing_json.SelfDescribingJson object at 0x000002286495FFD0>, <snowplow_tracker.self_describing_json.SelfDescribingJson object at 0x000002285DBE4E50>]}
[0m13:15:57.448071 [debug] [MainThread]: Flushing usage events
[0m13:15:58.938329 [debug] [MainThread]: An error was encountered while trying to flush usage events
[0m13:18:07.431087 [debug] [MainThread]: Sending event: {'category': 'dbt', 'action': 'invocation', 'label': 'start', 'context': [<snowplow_tracker.self_describing_json.SelfDescribingJson object at 0x00000232578D3CD0>, <snowplow_tracker.self_describing_json.SelfDescribingJson object at 0x00000232578CB310>, <snowplow_tracker.self_describing_json.SelfDescribingJson object at 0x00000232578CBC10>]}


============================== 13:18:07.437209 | 84fb06ce-5b71-4331-8fbd-cf7b4e25f450 ==============================
[0m13:18:07.437209 [info ] [MainThread]: Running with dbt=1.11.2
[0m13:18:07.437209 [debug] [MainThread]: running dbt with arguments {'version_check': 'True', 'no_print': 'None', 'static_parser': 'True', 'target_path': 'None', 'warn_error_options': 'WarnErrorOptionsV2(error=[], warn=[], silence=[])', 'printer_width': '80', 'write_json': 'True', 'introspect': 'True', 'log_cache_events': 'False', 'empty': 'False', 'cache_selected_only': 'False', 'fail_fast': 'False', 'debug': 'False', 'log_format': 'default', 'partial_parse': 'True', 'send_anonymous_usage_stats': 'True', 'quiet': 'False', 'warn_error': 'None', 'profiles_dir': 'C:\\Data Engineering\\jeans_mfg_data_pipeline', 'use_colors': 'True', 'indirect_selection': 'eager', 'invocation_command': 'dbt run', 'use_experimental_parser': 'False', 'log_path': 'C:\\Data Engineering\\jeans_mfg_data_pipeline\\logs'}
[0m13:18:07.764063 [debug] [MainThread]: Sending event: {'category': 'dbt', 'action': 'project_id', 'label': '84fb06ce-5b71-4331-8fbd-cf7b4e25f450', 'context': [<snowplow_tracker.self_describing_json.SelfDescribingJson object at 0x0000023258B2CB50>]}
[0m13:18:07.827416 [debug] [MainThread]: Sending event: {'category': 'dbt', 'action': 'adapter_info', 'label': '84fb06ce-5b71-4331-8fbd-cf7b4e25f450', 'context': [<snowplow_tracker.self_describing_json.SelfDescribingJson object at 0x0000023258B8F250>]}
[0m13:18:07.843279 [info ] [MainThread]: Registered adapter: postgres=1.10.0
[0m13:18:08.341898 [debug] [MainThread]: checksum: 3d40d8bbe1bef07db1c24822f2dbfff8bc07f2a48ed4fe2658a40653aec0b54b, vars: {}, profile: , target: , version: 1.11.2
[0m13:18:08.503951 [debug] [MainThread]: Partial parsing enabled: 4 files deleted, 3 files added, 2 files changed.
[0m13:18:08.503951 [debug] [MainThread]: Partial parsing: added file: jeans_mfg_data_pipeline://models\sources.yml
[0m13:18:08.503951 [debug] [MainThread]: Partial parsing: added file: jeans_mfg_data_pipeline://models\raw\raw_orders_table.sql
[0m13:18:08.519657 [debug] [MainThread]: Partial parsing: added file: jeans_mfg_data_pipeline://models\raw\raw_bill_of_materials_table.sql
[0m13:18:08.519657 [debug] [MainThread]: Partial parsing: deleted file: jeans_mfg_data_pipeline://models\example\my_first_dbt_model.sql
[0m13:18:08.519657 [debug] [MainThread]: Partial parsing: deleted file: jeans_mfg_data_pipeline://models\example\my_second_dbt_model.sql
[0m13:18:08.519657 [debug] [MainThread]: Partial parsing: updated file: jeans_mfg_data_pipeline://models\staging\stg_unpivoted_orders.sql
[0m13:18:08.519657 [debug] [MainThread]: Partial parsing: updated file: jeans_mfg_data_pipeline://models\marts\fact_material_requirements.sql
[0m13:18:09.021526 [debug] [MainThread]: Sending event: {'category': 'dbt', 'action': 'load_project', 'label': '84fb06ce-5b71-4331-8fbd-cf7b4e25f450', 'context': [<snowplow_tracker.self_describing_json.SelfDescribingJson object at 0x0000023258E9A390>]}
[0m13:18:09.100789 [debug] [MainThread]: Wrote artifact WritableManifest to C:\Data Engineering\jeans_mfg_data_pipeline\target\manifest.json
[0m13:18:09.117154 [debug] [MainThread]: Wrote artifact SemanticManifest to C:\Data Engineering\jeans_mfg_data_pipeline\target\semantic_manifest.json
[0m13:18:09.197151 [debug] [MainThread]: Sending event: {'category': 'dbt', 'action': 'resource_counts', 'label': '84fb06ce-5b71-4331-8fbd-cf7b4e25f450', 'context': [<snowplow_tracker.self_describing_json.SelfDescribingJson object at 0x0000023258FC2790>]}
[0m13:18:09.213156 [info ] [MainThread]: Found 5 models, 2 sources, 464 macros
[0m13:18:09.213156 [debug] [MainThread]: Sending event: {'category': 'dbt', 'action': 'runnable_timing', 'label': '84fb06ce-5b71-4331-8fbd-cf7b4e25f450', 'context': [<snowplow_tracker.self_describing_json.SelfDescribingJson object at 0x000002325914F910>]}
[0m13:18:09.213156 [info ] [MainThread]: 
[0m13:18:09.213156 [info ] [MainThread]: Concurrency: 1 threads (target='dev')
[0m13:18:09.213156 [info ] [MainThread]: 
[0m13:18:09.213156 [debug] [MainThread]: Acquiring new postgres connection 'master'
[0m13:18:09.230796 [debug] [ThreadPool]: Acquiring new postgres connection 'list_postgres'
[0m13:18:09.495078 [debug] [ThreadPool]: Using postgres connection "list_postgres"
[0m13:18:09.496082 [debug] [ThreadPool]: On list_postgres: /* {"app": "dbt", "dbt_version": "1.11.2", "profile_name": "jeans_mfg_data_pipeline", "target_name": "dev", "connection_name": "list_postgres"} */

    select distinct nspname from pg_namespace
  
[0m13:18:09.496082 [debug] [ThreadPool]: Opening a new connection, currently in state init
[0m13:18:09.714474 [debug] [ThreadPool]: SQL status: SELECT 10 in 0.220 seconds
[0m13:18:09.714474 [debug] [ThreadPool]: On list_postgres: Close
[0m13:18:09.714474 [debug] [ThreadPool]: Acquiring new postgres connection 'list_postgres_public'
[0m13:18:09.714474 [debug] [ThreadPool]: Using postgres connection "list_postgres_public"
[0m13:18:09.714474 [debug] [ThreadPool]: On list_postgres_public: /* {"app": "dbt", "dbt_version": "1.11.2", "profile_name": "jeans_mfg_data_pipeline", "target_name": "dev", "connection_name": "list_postgres_public"} */
select
      'postgres' as database,
      tablename as name,
      schemaname as schema,
      'table' as type
    from pg_tables
    where schemaname ilike 'public'
    union all
    select
      'postgres' as database,
      viewname as name,
      schemaname as schema,
      'view' as type
    from pg_views
    where schemaname ilike 'public'
    union all
    select
      'postgres' as database,
      matviewname as name,
      schemaname as schema,
      'materialized_view' as type
    from pg_matviews
    where schemaname ilike 'public'
  
[0m13:18:09.714474 [debug] [ThreadPool]: Opening a new connection, currently in state init
[0m13:18:09.923323 [debug] [ThreadPool]: SQL status: SELECT 2 in 0.210 seconds
[0m13:18:09.939281 [debug] [ThreadPool]: On list_postgres_public: ROLLBACK
[0m13:18:09.939281 [debug] [ThreadPool]: On list_postgres_public: Close
[0m13:18:09.939281 [debug] [MainThread]: Using postgres connection "master"
[0m13:18:09.939281 [debug] [MainThread]: On master: /* {"app": "dbt", "dbt_version": "1.11.2", "profile_name": "jeans_mfg_data_pipeline", "target_name": "dev", "connection_name": "master"} */
select distinct
        dependent_namespace.nspname as dependent_schema,
        dependent_class.relname as dependent_name,
        referenced_namespace.nspname as referenced_schema,
        referenced_class.relname as referenced_name

    -- Query for views: views are entries in pg_class with an entry in pg_rewrite, but we avoid
    -- a seq scan on pg_rewrite by leveraging the fact there is an "internal" row in pg_depend for
    -- the view...
    from pg_class as dependent_class
    join pg_namespace as dependent_namespace on dependent_namespace.oid = dependent_class.relnamespace
    join pg_depend as dependent_depend on dependent_depend.refobjid = dependent_class.oid
        and dependent_depend.classid = 'pg_rewrite'::regclass
        and dependent_depend.refclassid = 'pg_class'::regclass
        and dependent_depend.deptype = 'i'

    -- ... and via pg_depend (that has a row per column, hence the need for "distinct" above, and
    -- making sure to exclude the internal row to avoid a view appearing to depend on itself)...
    join pg_depend as joining_depend on joining_depend.objid = dependent_depend.objid
        and joining_depend.classid = 'pg_rewrite'::regclass
        and joining_depend.refclassid = 'pg_class'::regclass
        and joining_depend.refobjid != dependent_depend.refobjid

    -- ... we can find the tables they query from in pg_class, but excluding system tables. Note we
    -- don't need need to exclude _dependent_ system tables, because they only query from other
    -- system tables, and so are automatically excluded by excluding _referenced_ system tables
    join pg_class as referenced_class on referenced_class.oid = joining_depend.refobjid
    join pg_namespace as referenced_namespace on referenced_namespace.oid = referenced_class.relnamespace
        and referenced_namespace.nspname != 'information_schema'
        and referenced_namespace.nspname not like 'pg\_%'

    order by
        dependent_schema, dependent_name, referenced_schema, referenced_name;
[0m13:18:09.939281 [debug] [MainThread]: Opening a new connection, currently in state init
[0m13:18:10.022493 [debug] [MainThread]: SQL status: SELECT 0 in 0.074 seconds
[0m13:18:10.023452 [debug] [MainThread]: Sending event: {'category': 'dbt', 'action': 'runnable_timing', 'label': '84fb06ce-5b71-4331-8fbd-cf7b4e25f450', 'context': [<snowplow_tracker.self_describing_json.SelfDescribingJson object at 0x0000023258D3BE90>]}
[0m13:18:10.024326 [debug] [MainThread]: On master: ROLLBACK
[0m13:18:10.024326 [debug] [MainThread]: On master: COMMIT
[0m13:18:10.024326 [debug] [MainThread]: Using postgres connection "master"
[0m13:18:10.024326 [debug] [MainThread]: On master: COMMIT
[0m13:18:10.024326 [debug] [MainThread]: SQL status: COMMIT in 0.000 seconds
[0m13:18:10.024326 [debug] [MainThread]: On master: Close
[0m13:18:10.024326 [debug] [Thread-1 (]: Began running node model.jeans_mfg_data_pipeline.raw_bill_of_materials_table
[0m13:18:10.024326 [info ] [Thread-1 (]: 1 of 4 START sql view model public.raw_bill_of_materials_table ................. [RUN]
[0m13:18:10.024326 [debug] [Thread-1 (]: Acquiring new postgres connection 'model.jeans_mfg_data_pipeline.raw_bill_of_materials_table'
[0m13:18:10.024326 [debug] [Thread-1 (]: Began compiling node model.jeans_mfg_data_pipeline.raw_bill_of_materials_table
[0m13:18:10.039255 [debug] [Thread-1 (]: Writing injected SQL for node "model.jeans_mfg_data_pipeline.raw_bill_of_materials_table"
[0m13:18:10.039255 [debug] [Thread-1 (]: Began executing node model.jeans_mfg_data_pipeline.raw_bill_of_materials_table
[0m13:18:10.095843 [debug] [Thread-1 (]: Writing runtime sql for node "model.jeans_mfg_data_pipeline.raw_bill_of_materials_table"
[0m13:18:10.098804 [debug] [Thread-1 (]: Using postgres connection "model.jeans_mfg_data_pipeline.raw_bill_of_materials_table"
[0m13:18:10.099848 [debug] [Thread-1 (]: On model.jeans_mfg_data_pipeline.raw_bill_of_materials_table: /* {"app": "dbt", "dbt_version": "1.11.2", "profile_name": "jeans_mfg_data_pipeline", "target_name": "dev", "node_id": "model.jeans_mfg_data_pipeline.raw_bill_of_materials_table"} */

  create view "postgres"."public"."raw_bill_of_materials_table__dbt_tmp"
    
    
  as (
    -- create_raw_bill_of_materials_table.sql

CREATE TABLE IF NOT EXISTS raw_bill_of_materials (
    style_number VARCHAR(255),
    size INT,
    material_type VARCHAR(255),
    material_qty_per_unit NUMERIC(10, 2), -- e.g., meters of fabric per jeans
    unit_of_measure VARCHAR(50),
    -- Add a timestamp for when the record was ingested
    ingested_at TIMESTAMP DEFAULT CURRENT_TIMESTAMP,
    PRIMARY KEY (style_number, size, material_type) -- Composite primary key
);

-- Sample Data for BOM
INSERT INTO raw_bill_of_materials (style_number, size, material_type, material_qty_per_unit, unit_of_measure) VALUES
('STYLE-100', 28, 'Denim Fabric', 1.20, 'meters'),
('STYLE-100', 30, 'Denim Fabric', 1.25, 'meters'),
('STYLE-100', 32, 'Denim Fabric', 1.30, 'meters'),
('STYLE-101', 28, 'Stretch Denim', 1.15, 'meters'),
('STYLE-101', 30, 'Stretch Denim', 1.20, 'meters'),
('STYLE-101', 32, 'Stretch Denim', 1.25, 'meters'),
('STYLE-102', 28, 'Dark Wash Denim', 1.30, 'meters'),
('STYLE-102', 30, 'Dark Wash Denim', 1.35, 'meters'),
('STYLE-102', 32, 'Dark Wash Denim', 1.40, 'meters'),
('STYLE-110', 34, 'Organic Cotton Denim', 1.50, 'meters'),
('STYLE-110', 36, 'Organic Cotton Denim', 1.55, 'meters')
ON CONFLICT (style_number, size, material_type) DO NOTHING; -- This clause belongs to the entire INSERT statement
  );
[0m13:18:10.100823 [debug] [Thread-1 (]: Opening a new connection, currently in state init
[0m13:18:10.158091 [debug] [Thread-1 (]: Postgres adapter: Postgres error: syntax error at or near "CREATE"
LINE 9: CREATE TABLE IF NOT EXISTS raw_bill_of_materials (
        ^

[0m13:18:10.158091 [debug] [Thread-1 (]: On model.jeans_mfg_data_pipeline.raw_bill_of_materials_table: ROLLBACK
[0m13:18:10.158091 [debug] [Thread-1 (]: On model.jeans_mfg_data_pipeline.raw_bill_of_materials_table: Close
[0m13:18:10.204737 [debug] [Thread-1 (]: Database Error in model raw_bill_of_materials_table (models\raw\raw_bill_of_materials_table.sql)
  syntax error at or near "CREATE"
  LINE 9: CREATE TABLE IF NOT EXISTS raw_bill_of_materials (
          ^
  compiled code at target\run\jeans_mfg_data_pipeline\models\raw\raw_bill_of_materials_table.sql
[0m13:18:10.220699 [debug] [Thread-1 (]: Sending event: {'category': 'dbt', 'action': 'run_model', 'label': '84fb06ce-5b71-4331-8fbd-cf7b4e25f450', 'context': [<snowplow_tracker.self_describing_json.SelfDescribingJson object at 0x00000232594AF750>]}
[0m13:18:10.220699 [error] [Thread-1 (]: 1 of 4 ERROR creating sql view model public.raw_bill_of_materials_table ........ [[31mERROR[0m in 0.18s]
[0m13:18:10.220699 [debug] [Thread-1 (]: Finished running node model.jeans_mfg_data_pipeline.raw_bill_of_materials_table
[0m13:18:10.220699 [debug] [Thread-1 (]: Began running node model.jeans_mfg_data_pipeline.raw_orders_table
[0m13:18:10.220699 [debug] [Thread-4 (]: Marking all children of 'model.jeans_mfg_data_pipeline.raw_bill_of_materials_table' to be skipped because of status 'error'.  Reason: Database Error in model raw_bill_of_materials_table (models\raw\raw_bill_of_materials_table.sql)
  syntax error at or near "CREATE"
  LINE 9: CREATE TABLE IF NOT EXISTS raw_bill_of_materials (
          ^
  compiled code at target\run\jeans_mfg_data_pipeline\models\raw\raw_bill_of_materials_table.sql.
[0m13:18:10.220699 [info ] [Thread-1 (]: 2 of 4 START sql view model public.raw_orders_table ............................ [RUN]
[0m13:18:10.220699 [debug] [Thread-1 (]: Re-using an available connection from the pool (formerly model.jeans_mfg_data_pipeline.raw_bill_of_materials_table, now model.jeans_mfg_data_pipeline.raw_orders_table)
[0m13:18:10.220699 [debug] [Thread-1 (]: Began compiling node model.jeans_mfg_data_pipeline.raw_orders_table
[0m13:18:10.228554 [debug] [Thread-1 (]: Writing injected SQL for node "model.jeans_mfg_data_pipeline.raw_orders_table"
[0m13:18:10.230561 [debug] [Thread-1 (]: Began executing node model.jeans_mfg_data_pipeline.raw_orders_table
[0m13:18:10.234573 [debug] [Thread-1 (]: Writing runtime sql for node "model.jeans_mfg_data_pipeline.raw_orders_table"
[0m13:18:10.241923 [debug] [Thread-1 (]: Using postgres connection "model.jeans_mfg_data_pipeline.raw_orders_table"
[0m13:18:10.241923 [debug] [Thread-1 (]: On model.jeans_mfg_data_pipeline.raw_orders_table: /* {"app": "dbt", "dbt_version": "1.11.2", "profile_name": "jeans_mfg_data_pipeline", "target_name": "dev", "node_id": "model.jeans_mfg_data_pipeline.raw_orders_table"} */

  create view "postgres"."public"."raw_orders_table__dbt_tmp"
    
    
  as (
    -- create_raw_orders_table.sql

CREATE TABLE IF NOT EXISTS raw_orders (
    order_form_no INT,
    order_date DATE,
    buyer_name VARCHAR(255),
    buyer_location VARCHAR(255),
    s_no INT,
    style_number VARCHAR(255),
    size_18_qty INT,
    size_20_qty INT,
    size_22_qty INT,
    size_24_qty INT,
    size_26_qty INT,
    size_28_qty INT,
    size_30_qty INT,
    size_32_qty INT,
    size_34_qty INT,
    size_36_qty INT,
    size_38_qty INT,
    size_40_qty INT,
    size_42_qty INT,
    unit_price NUMERIC(10, 2),
    line_item_total NUMERIC(10, 2),
    total_qty_line_item INT,
    -- Add a timestamp for when the record was ingested into the raw table
    ingested_at TIMESTAMP DEFAULT CURRENT_TIMESTAMP
);
  );
[0m13:18:10.242950 [debug] [Thread-1 (]: Opening a new connection, currently in state closed
[0m13:18:10.322314 [debug] [Thread-1 (]: Postgres adapter: Postgres error: syntax error at or near "CREATE"
LINE 9: CREATE TABLE IF NOT EXISTS raw_orders (
        ^

[0m13:18:10.324320 [debug] [Thread-1 (]: On model.jeans_mfg_data_pipeline.raw_orders_table: ROLLBACK
[0m13:18:10.325596 [debug] [Thread-1 (]: On model.jeans_mfg_data_pipeline.raw_orders_table: Close
[0m13:18:10.329594 [debug] [Thread-1 (]: Database Error in model raw_orders_table (models\raw\raw_orders_table.sql)
  syntax error at or near "CREATE"
  LINE 9: CREATE TABLE IF NOT EXISTS raw_orders (
          ^
  compiled code at target\run\jeans_mfg_data_pipeline\models\raw\raw_orders_table.sql
[0m13:18:10.330595 [debug] [Thread-1 (]: Sending event: {'category': 'dbt', 'action': 'run_model', 'label': '84fb06ce-5b71-4331-8fbd-cf7b4e25f450', 'context': [<snowplow_tracker.self_describing_json.SelfDescribingJson object at 0x00000232594F0A10>]}
[0m13:18:10.331594 [error] [Thread-1 (]: 2 of 4 ERROR creating sql view model public.raw_orders_table ................... [[31mERROR[0m in 0.11s]
[0m13:18:10.332596 [debug] [Thread-1 (]: Finished running node model.jeans_mfg_data_pipeline.raw_orders_table
[0m13:18:10.332596 [debug] [Thread-1 (]: Began running node model.jeans_mfg_data_pipeline.stg_unpivoted_orders
[0m13:18:10.333634 [debug] [Thread-4 (]: Marking all children of 'model.jeans_mfg_data_pipeline.raw_orders_table' to be skipped because of status 'error'.  Reason: Database Error in model raw_orders_table (models\raw\raw_orders_table.sql)
  syntax error at or near "CREATE"
  LINE 9: CREATE TABLE IF NOT EXISTS raw_orders (
          ^
  compiled code at target\run\jeans_mfg_data_pipeline\models\raw\raw_orders_table.sql.
[0m13:18:10.334595 [info ] [Thread-1 (]: 3 of 4 START sql view model public.stg_unpivoted_orders ........................ [RUN]
[0m13:18:10.335598 [debug] [Thread-1 (]: Re-using an available connection from the pool (formerly model.jeans_mfg_data_pipeline.raw_orders_table, now model.jeans_mfg_data_pipeline.stg_unpivoted_orders)
[0m13:18:10.336637 [debug] [Thread-1 (]: Began compiling node model.jeans_mfg_data_pipeline.stg_unpivoted_orders
[0m13:18:10.340653 [debug] [Thread-1 (]: Writing injected SQL for node "model.jeans_mfg_data_pipeline.stg_unpivoted_orders"
[0m13:18:10.342649 [debug] [Thread-1 (]: Began executing node model.jeans_mfg_data_pipeline.stg_unpivoted_orders
[0m13:18:10.346697 [debug] [Thread-1 (]: Writing runtime sql for node "model.jeans_mfg_data_pipeline.stg_unpivoted_orders"
[0m13:18:10.348658 [debug] [Thread-1 (]: Using postgres connection "model.jeans_mfg_data_pipeline.stg_unpivoted_orders"
[0m13:18:10.349648 [debug] [Thread-1 (]: On model.jeans_mfg_data_pipeline.stg_unpivoted_orders: /* {"app": "dbt", "dbt_version": "1.11.2", "profile_name": "jeans_mfg_data_pipeline", "target_name": "dev", "node_id": "model.jeans_mfg_data_pipeline.stg_unpivoted_orders"} */

  create view "postgres"."public"."stg_unpivoted_orders__dbt_tmp"
    
    
  as (
    -- models/staging/stg_unpivoted_orders.sql



WITH source_orders AS (

    SELECT *
    FROM "postgres"."raw"."raw_orders"

),

unpivoted AS (

    SELECT
        o.order_form_no,
        o.order_date,
        o.buyer_name,
        o.buyer_location,
        o.s_no,
        o.style_number,
        o.unit_price,
        o.line_item_total,
        o.total_qty_line_item,
        o.ingested_at,
        u.size,
        u.quantity_ordered AS quantity
    FROM source_orders o
    CROSS JOIN LATERAL (
        VALUES
            ('18', o.size_18_qty),
            ('20', o.size_20_qty),
            ('22', o.size_22_qty),
            ('24', o.size_24_qty),
            ('26', o.size_26_qty),
            ('28', o.size_28_qty),
            ('30', o.size_30_qty),
            ('32', o.size_32_qty),
            ('34', o.size_34_qty),
            ('36', o.size_36_qty),
            ('38', o.size_38_qty),
            ('40', o.size_40_qty),
            ('42', o.size_42_qty)
    ) AS u(size, quantity_ordered)

)

SELECT *
FROM unpivoted
WHERE quantity > 0;
  );
[0m13:18:10.350798 [debug] [Thread-1 (]: Opening a new connection, currently in state closed
[0m13:18:10.506008 [debug] [Thread-1 (]: Postgres adapter: Postgres error: syntax error at or near ";"
LINE 55: WHERE quantity > 0;
                           ^

[0m13:18:10.506008 [debug] [Thread-1 (]: On model.jeans_mfg_data_pipeline.stg_unpivoted_orders: ROLLBACK
[0m13:18:10.506008 [debug] [Thread-1 (]: On model.jeans_mfg_data_pipeline.stg_unpivoted_orders: Close
[0m13:18:10.521721 [debug] [Thread-1 (]: Database Error in model stg_unpivoted_orders (models\staging\stg_unpivoted_orders.sql)
  syntax error at or near ";"
  LINE 55: WHERE quantity > 0;
                             ^
  compiled code at target\run\jeans_mfg_data_pipeline\models\staging\stg_unpivoted_orders.sql
[0m13:18:10.521721 [debug] [Thread-1 (]: Sending event: {'category': 'dbt', 'action': 'run_model', 'label': '84fb06ce-5b71-4331-8fbd-cf7b4e25f450', 'context': [<snowplow_tracker.self_describing_json.SelfDescribingJson object at 0x00000232594A8CD0>]}
[0m13:18:10.521721 [error] [Thread-1 (]: 3 of 4 ERROR creating sql view model public.stg_unpivoted_orders ............... [[31mERROR[0m in 0.19s]
[0m13:18:10.521721 [debug] [Thread-1 (]: Finished running node model.jeans_mfg_data_pipeline.stg_unpivoted_orders
[0m13:18:10.521721 [debug] [Thread-4 (]: Marking all children of 'model.jeans_mfg_data_pipeline.stg_unpivoted_orders' to be skipped because of status 'error'.  Reason: Database Error in model stg_unpivoted_orders (models\staging\stg_unpivoted_orders.sql)
  syntax error at or near ";"
  LINE 55: WHERE quantity > 0;
                             ^
  compiled code at target\run\jeans_mfg_data_pipeline\models\staging\stg_unpivoted_orders.sql.
[0m13:18:10.521721 [debug] [Thread-1 (]: Began running node model.jeans_mfg_data_pipeline.fact_material_requirements
[0m13:18:10.531020 [info ] [Thread-1 (]: 4 of 4 SKIP relation public.fact_material_requirements ......................... [[33mSKIP[0m]
[0m13:18:10.531020 [debug] [Thread-1 (]: Finished running node model.jeans_mfg_data_pipeline.fact_material_requirements
[0m13:18:10.534503 [debug] [MainThread]: On master: COMMIT
[0m13:18:10.535603 [debug] [MainThread]: Using postgres connection "master"
[0m13:18:10.535603 [debug] [MainThread]: On master: COMMIT
[0m13:18:10.536642 [debug] [MainThread]: Opening a new connection, currently in state closed
[0m13:18:10.612673 [debug] [MainThread]: SQL status: COMMIT in 0.077 seconds
[0m13:18:10.613666 [debug] [MainThread]: On master: Close
[0m13:18:10.614670 [debug] [MainThread]: Connection 'master' was properly closed.
[0m13:18:10.614670 [debug] [MainThread]: Connection 'list_postgres' was properly closed.
[0m13:18:10.615671 [debug] [MainThread]: Connection 'list_postgres_public' was properly closed.
[0m13:18:10.616629 [debug] [MainThread]: Connection 'model.jeans_mfg_data_pipeline.stg_unpivoted_orders' was properly closed.
[0m13:18:10.616629 [info ] [MainThread]: 
[0m13:18:10.618629 [info ] [MainThread]: Finished running 1 table model, 3 view models in 0 hours 0 minutes and 1.40 seconds (1.40s).
[0m13:18:10.620667 [debug] [MainThread]: Command end result
[0m13:18:10.651881 [debug] [MainThread]: Wrote artifact WritableManifest to C:\Data Engineering\jeans_mfg_data_pipeline\target\manifest.json
[0m13:18:10.656476 [debug] [MainThread]: Wrote artifact SemanticManifest to C:\Data Engineering\jeans_mfg_data_pipeline\target\semantic_manifest.json
[0m13:18:10.668060 [debug] [MainThread]: Wrote artifact RunExecutionResult to C:\Data Engineering\jeans_mfg_data_pipeline\target\run_results.json
[0m13:18:10.669058 [info ] [MainThread]: 
[0m13:18:10.670062 [info ] [MainThread]: [31mCompleted with 3 errors, 0 partial successes, and 0 warnings:[0m
[0m13:18:10.671061 [info ] [MainThread]: 
[0m13:18:10.673059 [error] [MainThread]: [31mFailure in model raw_bill_of_materials_table (models\raw\raw_bill_of_materials_table.sql)[0m
[0m13:18:10.674336 [error] [MainThread]:   Database Error in model raw_bill_of_materials_table (models\raw\raw_bill_of_materials_table.sql)
  syntax error at or near "CREATE"
  LINE 9: CREATE TABLE IF NOT EXISTS raw_bill_of_materials (
          ^
  compiled code at target\run\jeans_mfg_data_pipeline\models\raw\raw_bill_of_materials_table.sql
[0m13:18:10.675383 [info ] [MainThread]: 
[0m13:18:10.679459 [info ] [MainThread]:   compiled code at target\compiled\jeans_mfg_data_pipeline\models\raw\raw_bill_of_materials_table.sql
[0m13:18:10.682485 [info ] [MainThread]: 
[0m13:18:10.684513 [error] [MainThread]: [31mFailure in model raw_orders_table (models\raw\raw_orders_table.sql)[0m
[0m13:18:10.686670 [error] [MainThread]:   Database Error in model raw_orders_table (models\raw\raw_orders_table.sql)
  syntax error at or near "CREATE"
  LINE 9: CREATE TABLE IF NOT EXISTS raw_orders (
          ^
  compiled code at target\run\jeans_mfg_data_pipeline\models\raw\raw_orders_table.sql
[0m13:18:10.687678 [info ] [MainThread]: 
[0m13:18:10.688604 [info ] [MainThread]:   compiled code at target\compiled\jeans_mfg_data_pipeline\models\raw\raw_orders_table.sql
[0m13:18:10.688604 [info ] [MainThread]: 
[0m13:18:10.691204 [error] [MainThread]: [31mFailure in model stg_unpivoted_orders (models\staging\stg_unpivoted_orders.sql)[0m
[0m13:18:10.691204 [error] [MainThread]:   Database Error in model stg_unpivoted_orders (models\staging\stg_unpivoted_orders.sql)
  syntax error at or near ";"
  LINE 55: WHERE quantity > 0;
                             ^
  compiled code at target\run\jeans_mfg_data_pipeline\models\staging\stg_unpivoted_orders.sql
[0m13:18:10.691204 [info ] [MainThread]: 
[0m13:18:10.691204 [info ] [MainThread]:   compiled code at target\compiled\jeans_mfg_data_pipeline\models\staging\stg_unpivoted_orders.sql
[0m13:18:10.691204 [info ] [MainThread]: 
[0m13:18:10.691204 [info ] [MainThread]: Done. PASS=0 WARN=0 ERROR=3 SKIP=1 NO-OP=0 TOTAL=4
[0m13:18:10.691204 [debug] [MainThread]: Command `dbt run` failed at 13:18:10.691204 after 3.37 seconds
[0m13:18:10.704722 [debug] [MainThread]: Sending event: {'category': 'dbt', 'action': 'invocation', 'label': 'end', 'context': [<snowplow_tracker.self_describing_json.SelfDescribingJson object at 0x0000023257927B50>, <snowplow_tracker.self_describing_json.SelfDescribingJson object at 0x0000023250BF4E50>, <snowplow_tracker.self_describing_json.SelfDescribingJson object at 0x0000023250BF4D50>]}
[0m13:18:10.704722 [debug] [MainThread]: Flushing usage events
[0m13:18:11.832194 [debug] [MainThread]: An error was encountered while trying to flush usage events
[0m14:57:48.314446 [debug] [MainThread]: Sending event: {'category': 'dbt', 'action': 'invocation', 'label': 'start', 'context': [<snowplow_tracker.self_describing_json.SelfDescribingJson object at 0x00000263C5343050>, <snowplow_tracker.self_describing_json.SelfDescribingJson object at 0x00000263C5340710>, <snowplow_tracker.self_describing_json.SelfDescribingJson object at 0x00000263C53403D0>]}


============================== 14:57:48.338974 | ca90bd1c-da6d-4c91-a27d-6c8a6c6fd149 ==============================
[0m14:57:48.338974 [info ] [MainThread]: Running with dbt=1.11.2
[0m14:57:48.338974 [debug] [MainThread]: running dbt with arguments {'version_check': 'True', 'no_print': 'None', 'static_parser': 'True', 'target_path': 'None', 'warn_error_options': 'WarnErrorOptionsV2(error=[], warn=[], silence=[])', 'printer_width': '80', 'write_json': 'True', 'empty': 'False', 'log_cache_events': 'False', 'introspect': 'True', 'cache_selected_only': 'False', 'log_format': 'default', 'debug': 'False', 'fail_fast': 'False', 'profiles_dir': 'C:\\Data Engineering\\jeans_mfg_data_pipeline', 'send_anonymous_usage_stats': 'True', 'quiet': 'False', 'warn_error': 'None', 'partial_parse': 'True', 'use_colors': 'True', 'invocation_command': 'dbt run', 'indirect_selection': 'eager', 'use_experimental_parser': 'False', 'log_path': 'C:\\Data Engineering\\jeans_mfg_data_pipeline\\logs'}
[0m14:57:49.025619 [debug] [MainThread]: Sending event: {'category': 'dbt', 'action': 'project_id', 'label': 'ca90bd1c-da6d-4c91-a27d-6c8a6c6fd149', 'context': [<snowplow_tracker.self_describing_json.SelfDescribingJson object at 0x00000263C6451D90>]}
[0m14:57:49.080140 [debug] [MainThread]: Sending event: {'category': 'dbt', 'action': 'adapter_info', 'label': 'ca90bd1c-da6d-4c91-a27d-6c8a6c6fd149', 'context': [<snowplow_tracker.self_describing_json.SelfDescribingJson object at 0x00000263C1B75610>]}
[0m14:57:49.089704 [info ] [MainThread]: Registered adapter: postgres=1.10.0
[0m14:57:49.560476 [debug] [MainThread]: checksum: 3d40d8bbe1bef07db1c24822f2dbfff8bc07f2a48ed4fe2658a40653aec0b54b, vars: {}, profile: , target: , version: 1.11.2
[0m14:57:49.908022 [debug] [MainThread]: Partial parsing enabled: 2 files deleted, 0 files added, 1 files changed.
[0m14:57:49.908022 [debug] [MainThread]: Partial parsing: deleted file: jeans_mfg_data_pipeline://models\raw\raw_bill_of_materials_table.sql
[0m14:57:49.908022 [debug] [MainThread]: Partial parsing: deleted file: jeans_mfg_data_pipeline://models\raw\raw_orders_table.sql
[0m14:57:49.908022 [debug] [MainThread]: Partial parsing: updated file: jeans_mfg_data_pipeline://models\staging\stg_unpivoted_orders.sql
[0m14:57:50.187995 [debug] [MainThread]: Sending event: {'category': 'dbt', 'action': 'load_project', 'label': 'ca90bd1c-da6d-4c91-a27d-6c8a6c6fd149', 'context': [<snowplow_tracker.self_describing_json.SelfDescribingJson object at 0x00000263C6A94D50>]}
[0m14:57:50.268544 [debug] [MainThread]: Wrote artifact WritableManifest to C:\Data Engineering\jeans_mfg_data_pipeline\target\manifest.json
[0m14:57:50.284233 [debug] [MainThread]: Wrote artifact SemanticManifest to C:\Data Engineering\jeans_mfg_data_pipeline\target\semantic_manifest.json
[0m14:57:50.523690 [debug] [MainThread]: Sending event: {'category': 'dbt', 'action': 'resource_counts', 'label': 'ca90bd1c-da6d-4c91-a27d-6c8a6c6fd149', 'context': [<snowplow_tracker.self_describing_json.SelfDescribingJson object at 0x00000263C685D490>]}
[0m14:57:50.528805 [info ] [MainThread]: Found 3 models, 2 sources, 464 macros
[0m14:57:50.528805 [debug] [MainThread]: Sending event: {'category': 'dbt', 'action': 'runnable_timing', 'label': 'ca90bd1c-da6d-4c91-a27d-6c8a6c6fd149', 'context': [<snowplow_tracker.self_describing_json.SelfDescribingJson object at 0x00000263C6A33850>]}
[0m14:57:50.532251 [info ] [MainThread]: 
[0m14:57:50.533209 [info ] [MainThread]: Concurrency: 1 threads (target='dev')
[0m14:57:50.533845 [info ] [MainThread]: 
[0m14:57:50.534871 [debug] [MainThread]: Acquiring new postgres connection 'master'
[0m14:57:50.540660 [debug] [ThreadPool]: Acquiring new postgres connection 'list_postgres'
[0m14:57:50.748145 [debug] [ThreadPool]: Using postgres connection "list_postgres"
[0m14:57:50.748145 [debug] [ThreadPool]: On list_postgres: /* {"app": "dbt", "dbt_version": "1.11.2", "profile_name": "jeans_mfg_data_pipeline", "target_name": "dev", "connection_name": "list_postgres"} */

    select distinct nspname from pg_namespace
  
[0m14:57:50.748145 [debug] [ThreadPool]: Opening a new connection, currently in state init
[0m14:57:51.028620 [debug] [ThreadPool]: SQL status: SELECT 10 in 0.283 seconds
[0m14:57:51.034365 [debug] [ThreadPool]: On list_postgres: Close
[0m14:57:51.034365 [debug] [ThreadPool]: Acquiring new postgres connection 'list_postgres_public'
[0m14:57:51.034365 [debug] [ThreadPool]: Using postgres connection "list_postgres_public"
[0m14:57:51.043244 [debug] [ThreadPool]: On list_postgres_public: /* {"app": "dbt", "dbt_version": "1.11.2", "profile_name": "jeans_mfg_data_pipeline", "target_name": "dev", "connection_name": "list_postgres_public"} */
select
      'postgres' as database,
      tablename as name,
      schemaname as schema,
      'table' as type
    from pg_tables
    where schemaname ilike 'public'
    union all
    select
      'postgres' as database,
      viewname as name,
      schemaname as schema,
      'view' as type
    from pg_views
    where schemaname ilike 'public'
    union all
    select
      'postgres' as database,
      matviewname as name,
      schemaname as schema,
      'materialized_view' as type
    from pg_matviews
    where schemaname ilike 'public'
  
[0m14:57:51.043704 [debug] [ThreadPool]: Opening a new connection, currently in state init
[0m14:57:51.145900 [debug] [ThreadPool]: SQL status: SELECT 2 in 0.107 seconds
[0m14:57:51.145900 [debug] [ThreadPool]: On list_postgres_public: ROLLBACK
[0m14:57:51.145900 [debug] [ThreadPool]: On list_postgres_public: Close
[0m14:57:51.158342 [debug] [MainThread]: Using postgres connection "master"
[0m14:57:51.158342 [debug] [MainThread]: On master: /* {"app": "dbt", "dbt_version": "1.11.2", "profile_name": "jeans_mfg_data_pipeline", "target_name": "dev", "connection_name": "master"} */
select distinct
        dependent_namespace.nspname as dependent_schema,
        dependent_class.relname as dependent_name,
        referenced_namespace.nspname as referenced_schema,
        referenced_class.relname as referenced_name

    -- Query for views: views are entries in pg_class with an entry in pg_rewrite, but we avoid
    -- a seq scan on pg_rewrite by leveraging the fact there is an "internal" row in pg_depend for
    -- the view...
    from pg_class as dependent_class
    join pg_namespace as dependent_namespace on dependent_namespace.oid = dependent_class.relnamespace
    join pg_depend as dependent_depend on dependent_depend.refobjid = dependent_class.oid
        and dependent_depend.classid = 'pg_rewrite'::regclass
        and dependent_depend.refclassid = 'pg_class'::regclass
        and dependent_depend.deptype = 'i'

    -- ... and via pg_depend (that has a row per column, hence the need for "distinct" above, and
    -- making sure to exclude the internal row to avoid a view appearing to depend on itself)...
    join pg_depend as joining_depend on joining_depend.objid = dependent_depend.objid
        and joining_depend.classid = 'pg_rewrite'::regclass
        and joining_depend.refclassid = 'pg_class'::regclass
        and joining_depend.refobjid != dependent_depend.refobjid

    -- ... we can find the tables they query from in pg_class, but excluding system tables. Note we
    -- don't need need to exclude _dependent_ system tables, because they only query from other
    -- system tables, and so are automatically excluded by excluding _referenced_ system tables
    join pg_class as referenced_class on referenced_class.oid = joining_depend.refobjid
    join pg_namespace as referenced_namespace on referenced_namespace.oid = referenced_class.relnamespace
        and referenced_namespace.nspname != 'information_schema'
        and referenced_namespace.nspname not like 'pg\_%'

    order by
        dependent_schema, dependent_name, referenced_schema, referenced_name;
[0m14:57:51.158342 [debug] [MainThread]: Opening a new connection, currently in state init
[0m14:57:51.237406 [debug] [MainThread]: SQL status: SELECT 0 in 0.081 seconds
[0m14:57:51.237406 [debug] [MainThread]: Sending event: {'category': 'dbt', 'action': 'runnable_timing', 'label': 'ca90bd1c-da6d-4c91-a27d-6c8a6c6fd149', 'context': [<snowplow_tracker.self_describing_json.SelfDescribingJson object at 0x00000263C6D48690>]}
[0m14:57:51.237406 [debug] [MainThread]: On master: ROLLBACK
[0m14:57:51.237406 [debug] [MainThread]: On master: COMMIT
[0m14:57:51.237406 [debug] [MainThread]: Using postgres connection "master"
[0m14:57:51.237406 [debug] [MainThread]: On master: COMMIT
[0m14:57:51.237406 [debug] [MainThread]: SQL status: COMMIT in 0.000 seconds
[0m14:57:51.237406 [debug] [MainThread]: On master: Close
[0m14:57:51.253099 [debug] [Thread-1 (]: Began running node model.jeans_mfg_data_pipeline.stg_unpivoted_orders
[0m14:57:51.253099 [info ] [Thread-1 (]: 1 of 2 START sql view model public.stg_unpivoted_orders ........................ [RUN]
[0m14:57:51.253099 [debug] [Thread-1 (]: Acquiring new postgres connection 'model.jeans_mfg_data_pipeline.stg_unpivoted_orders'
[0m14:57:51.253099 [debug] [Thread-1 (]: Began compiling node model.jeans_mfg_data_pipeline.stg_unpivoted_orders
[0m14:57:51.273558 [debug] [Thread-1 (]: Writing injected SQL for node "model.jeans_mfg_data_pipeline.stg_unpivoted_orders"
[0m14:57:51.275513 [debug] [Thread-1 (]: Began executing node model.jeans_mfg_data_pipeline.stg_unpivoted_orders
[0m14:57:51.321383 [debug] [Thread-1 (]: Writing runtime sql for node "model.jeans_mfg_data_pipeline.stg_unpivoted_orders"
[0m14:57:51.322384 [debug] [Thread-1 (]: Using postgres connection "model.jeans_mfg_data_pipeline.stg_unpivoted_orders"
[0m14:57:51.323383 [debug] [Thread-1 (]: On model.jeans_mfg_data_pipeline.stg_unpivoted_orders: /* {"app": "dbt", "dbt_version": "1.11.2", "profile_name": "jeans_mfg_data_pipeline", "target_name": "dev", "node_id": "model.jeans_mfg_data_pipeline.stg_unpivoted_orders"} */

  create view "postgres"."public"."stg_unpivoted_orders__dbt_tmp"
    
    
  as (
    -- models/staging/stg_unpivoted_orders.sql



WITH source_orders AS (

    SELECT *
    FROM "postgres"."raw"."raw_orders"

),

unpivoted AS (

    SELECT
        o.order_form_no,
        o.order_date,
        o.buyer_name,
        o.buyer_location,
        o.s_no,
        o.style_number,
        o.unit_price,
        o.line_item_total,
        o.total_qty_line_item,
        o.ingested_at,
        u.size,
        u.quantity_ordered AS quantity
    FROM source_orders o
    CROSS JOIN LATERAL (
        VALUES
            ('18', o.size_18_qty),
            ('20', o.size_20_qty),
            ('22', o.size_22_qty),
            ('24', o.size_24_qty),
            ('26', o.size_26_qty),
            ('28', o.size_28_qty),
            ('30', o.size_30_qty),
            ('32', o.size_32_qty),
            ('34', o.size_34_qty),
            ('36', o.size_36_qty),
            ('38', o.size_38_qty),
            ('40', o.size_40_qty),
            ('42', o.size_42_qty)
    ) AS u(size, quantity_ordered)

)

SELECT *
FROM unpivoted
WHERE quantity > 0
  );
[0m14:57:51.324383 [debug] [Thread-1 (]: Opening a new connection, currently in state init
[0m14:57:51.379229 [debug] [Thread-1 (]: Postgres adapter: Postgres error: relation "raw.raw_orders" does not exist
LINE 14:     FROM "postgres"."raw"."raw_orders"
                  ^

[0m14:57:51.383941 [debug] [Thread-1 (]: On model.jeans_mfg_data_pipeline.stg_unpivoted_orders: ROLLBACK
[0m14:57:51.383941 [debug] [Thread-1 (]: On model.jeans_mfg_data_pipeline.stg_unpivoted_orders: Close
[0m14:57:51.427414 [debug] [Thread-1 (]: Database Error in model stg_unpivoted_orders (models\staging\stg_unpivoted_orders.sql)
  relation "raw.raw_orders" does not exist
  LINE 14:     FROM "postgres"."raw"."raw_orders"
                    ^
  compiled code at target\run\jeans_mfg_data_pipeline\models\staging\stg_unpivoted_orders.sql
[0m14:57:51.427414 [debug] [Thread-1 (]: Sending event: {'category': 'dbt', 'action': 'run_model', 'label': 'ca90bd1c-da6d-4c91-a27d-6c8a6c6fd149', 'context': [<snowplow_tracker.self_describing_json.SelfDescribingJson object at 0x00000263C6A72350>]}
[0m14:57:51.427414 [error] [Thread-1 (]: 1 of 2 ERROR creating sql view model public.stg_unpivoted_orders ............... [[31mERROR[0m in 0.17s]
[0m14:57:51.427414 [debug] [Thread-1 (]: Finished running node model.jeans_mfg_data_pipeline.stg_unpivoted_orders
[0m14:57:51.427414 [debug] [Thread-4 (]: Marking all children of 'model.jeans_mfg_data_pipeline.stg_unpivoted_orders' to be skipped because of status 'error'.  Reason: Database Error in model stg_unpivoted_orders (models\staging\stg_unpivoted_orders.sql)
  relation "raw.raw_orders" does not exist
  LINE 14:     FROM "postgres"."raw"."raw_orders"
                    ^
  compiled code at target\run\jeans_mfg_data_pipeline\models\staging\stg_unpivoted_orders.sql.
[0m14:57:51.427414 [debug] [Thread-1 (]: Began running node model.jeans_mfg_data_pipeline.fact_material_requirements
[0m14:57:51.427414 [info ] [Thread-1 (]: 2 of 2 SKIP relation public.fact_material_requirements ......................... [[33mSKIP[0m]
[0m14:57:51.427414 [debug] [Thread-1 (]: Finished running node model.jeans_mfg_data_pipeline.fact_material_requirements
[0m14:57:51.443347 [debug] [MainThread]: On master: COMMIT
[0m14:57:51.447039 [debug] [MainThread]: Using postgres connection "master"
[0m14:57:51.448023 [debug] [MainThread]: On master: COMMIT
[0m14:57:51.449061 [debug] [MainThread]: Opening a new connection, currently in state closed
[0m14:57:51.518286 [debug] [MainThread]: SQL status: COMMIT in 0.069 seconds
[0m14:57:51.520331 [debug] [MainThread]: On master: Close
[0m14:57:51.520331 [debug] [MainThread]: Connection 'master' was properly closed.
[0m14:57:51.520331 [debug] [MainThread]: Connection 'list_postgres' was properly closed.
[0m14:57:51.520331 [debug] [MainThread]: Connection 'list_postgres_public' was properly closed.
[0m14:57:51.520331 [debug] [MainThread]: Connection 'model.jeans_mfg_data_pipeline.stg_unpivoted_orders' was properly closed.
[0m14:57:51.526172 [info ] [MainThread]: 
[0m14:57:51.526172 [info ] [MainThread]: Finished running 1 table model, 1 view model in 0 hours 0 minutes and 0.99 seconds (0.99s).
[0m14:57:51.526172 [debug] [MainThread]: Command end result
[0m14:57:51.564041 [debug] [MainThread]: Wrote artifact WritableManifest to C:\Data Engineering\jeans_mfg_data_pipeline\target\manifest.json
[0m14:57:51.572067 [debug] [MainThread]: Wrote artifact SemanticManifest to C:\Data Engineering\jeans_mfg_data_pipeline\target\semantic_manifest.json
[0m14:57:51.573028 [debug] [MainThread]: Wrote artifact RunExecutionResult to C:\Data Engineering\jeans_mfg_data_pipeline\target\run_results.json
[0m14:57:51.580738 [info ] [MainThread]: 
[0m14:57:51.582818 [info ] [MainThread]: [31mCompleted with 1 error, 0 partial successes, and 0 warnings:[0m
[0m14:57:51.584337 [info ] [MainThread]: 
[0m14:57:51.585349 [error] [MainThread]: [31mFailure in model stg_unpivoted_orders (models\staging\stg_unpivoted_orders.sql)[0m
[0m14:57:51.586343 [error] [MainThread]:   Database Error in model stg_unpivoted_orders (models\staging\stg_unpivoted_orders.sql)
  relation "raw.raw_orders" does not exist
  LINE 14:     FROM "postgres"."raw"."raw_orders"
                    ^
  compiled code at target\run\jeans_mfg_data_pipeline\models\staging\stg_unpivoted_orders.sql
[0m14:57:51.587343 [info ] [MainThread]: 
[0m14:57:51.588351 [info ] [MainThread]:   compiled code at target\compiled\jeans_mfg_data_pipeline\models\staging\stg_unpivoted_orders.sql
[0m14:57:51.588351 [info ] [MainThread]: 
[0m14:57:51.589344 [info ] [MainThread]: Done. PASS=0 WARN=0 ERROR=1 SKIP=1 NO-OP=0 TOTAL=2
[0m14:57:51.591345 [debug] [MainThread]: Command `dbt run` failed at 14:57:51.591345 after 3.41 seconds
[0m14:57:51.592344 [debug] [MainThread]: Sending event: {'category': 'dbt', 'action': 'invocation', 'label': 'end', 'context': [<snowplow_tracker.self_describing_json.SelfDescribingJson object at 0x00000263C5340510>, <snowplow_tracker.self_describing_json.SelfDescribingJson object at 0x00000263C53437D0>, <snowplow_tracker.self_describing_json.SelfDescribingJson object at 0x00000263C2744A10>]}
[0m14:57:51.593347 [debug] [MainThread]: Flushing usage events
[0m14:57:52.640845 [debug] [MainThread]: An error was encountered while trying to flush usage events
[0m15:05:26.270870 [debug] [MainThread]: Sending event: {'category': 'dbt', 'action': 'invocation', 'label': 'start', 'context': [<snowplow_tracker.self_describing_json.SelfDescribingJson object at 0x000001FC50F93E90>, <snowplow_tracker.self_describing_json.SelfDescribingJson object at 0x000001FC50F92B90>, <snowplow_tracker.self_describing_json.SelfDescribingJson object at 0x000001FC50F93810>]}


============================== 15:05:26.272318 | ec1c6175-4c01-4482-ba82-bd7825133ab0 ==============================
[0m15:05:26.272318 [info ] [MainThread]: Running with dbt=1.11.2
[0m15:05:26.272318 [debug] [MainThread]: running dbt with arguments {'static_parser': 'True', 'no_print': 'None', 'version_check': 'True', 'warn_error_options': 'WarnErrorOptionsV2(error=[], warn=[], silence=[])', 'target_path': 'None', 'printer_width': '80', 'write_json': 'True', 'introspect': 'True', 'log_cache_events': 'False', 'empty': 'False', 'cache_selected_only': 'False', 'fail_fast': 'False', 'debug': 'False', 'log_format': 'default', 'profiles_dir': 'C:\\Data Engineering\\jeans_mfg_data_pipeline', 'send_anonymous_usage_stats': 'True', 'quiet': 'False', 'warn_error': 'None', 'partial_parse': 'True', 'use_colors': 'True', 'invocation_command': 'dbt run', 'indirect_selection': 'eager', 'use_experimental_parser': 'False', 'log_path': 'C:\\Data Engineering\\jeans_mfg_data_pipeline\\logs'}
[0m15:05:26.670675 [debug] [MainThread]: Sending event: {'category': 'dbt', 'action': 'project_id', 'label': 'ec1c6175-4c01-4482-ba82-bd7825133ab0', 'context': [<snowplow_tracker.self_describing_json.SelfDescribingJson object at 0x000001FC520A6E90>]}
[0m15:05:26.765821 [debug] [MainThread]: Sending event: {'category': 'dbt', 'action': 'adapter_info', 'label': 'ec1c6175-4c01-4482-ba82-bd7825133ab0', 'context': [<snowplow_tracker.self_describing_json.SelfDescribingJson object at 0x000001FC4D7C6050>]}
[0m15:05:26.771892 [info ] [MainThread]: Registered adapter: postgres=1.10.0
[0m15:05:27.370680 [debug] [MainThread]: checksum: 3d40d8bbe1bef07db1c24822f2dbfff8bc07f2a48ed4fe2658a40653aec0b54b, vars: {}, profile: , target: , version: 1.11.2
[0m15:05:27.584872 [debug] [MainThread]: Partial parsing enabled: 0 files deleted, 0 files added, 0 files changed.
[0m15:05:27.584872 [debug] [MainThread]: Nothing changed, skipping partial parsing.
[0m15:05:27.584872 [debug] [MainThread]: Partial parsing enabled, no changes found, skipping parsing
[0m15:05:27.640551 [debug] [MainThread]: Sending event: {'category': 'dbt', 'action': 'load_project', 'label': 'ec1c6175-4c01-4482-ba82-bd7825133ab0', 'context': [<snowplow_tracker.self_describing_json.SelfDescribingJson object at 0x000001FC52518790>]}
[0m15:05:27.747251 [debug] [MainThread]: Wrote artifact WritableManifest to C:\Data Engineering\jeans_mfg_data_pipeline\target\manifest.json
[0m15:05:27.752243 [debug] [MainThread]: Wrote artifact SemanticManifest to C:\Data Engineering\jeans_mfg_data_pipeline\target\semantic_manifest.json
[0m15:05:27.790657 [debug] [MainThread]: Sending event: {'category': 'dbt', 'action': 'resource_counts', 'label': 'ec1c6175-4c01-4482-ba82-bd7825133ab0', 'context': [<snowplow_tracker.self_describing_json.SelfDescribingJson object at 0x000001FC525D8150>]}
[0m15:05:27.790657 [info ] [MainThread]: Found 3 models, 2 sources, 464 macros
[0m15:05:27.791955 [debug] [MainThread]: Sending event: {'category': 'dbt', 'action': 'runnable_timing', 'label': 'ec1c6175-4c01-4482-ba82-bd7825133ab0', 'context': [<snowplow_tracker.self_describing_json.SelfDescribingJson object at 0x000001FC5245C410>]}
[0m15:05:27.793975 [info ] [MainThread]: 
[0m15:05:27.793975 [info ] [MainThread]: Concurrency: 1 threads (target='dev')
[0m15:05:27.793975 [info ] [MainThread]: 
[0m15:05:27.798182 [debug] [MainThread]: Acquiring new postgres connection 'master'
[0m15:05:27.807718 [debug] [ThreadPool]: Acquiring new postgres connection 'list_postgres'
[0m15:05:28.000090 [debug] [ThreadPool]: Using postgres connection "list_postgres"
[0m15:05:28.000616 [debug] [ThreadPool]: On list_postgres: /* {"app": "dbt", "dbt_version": "1.11.2", "profile_name": "jeans_mfg_data_pipeline", "target_name": "dev", "connection_name": "list_postgres"} */

    select distinct nspname from pg_namespace
  
[0m15:05:28.000616 [debug] [ThreadPool]: Opening a new connection, currently in state init
[0m15:05:28.093901 [debug] [ThreadPool]: SQL status: SELECT 10 in 0.093 seconds
[0m15:05:28.093901 [debug] [ThreadPool]: On list_postgres: Close
[0m15:05:28.093901 [debug] [ThreadPool]: Acquiring new postgres connection 'list_postgres_public'
[0m15:05:28.100715 [debug] [ThreadPool]: Using postgres connection "list_postgres_public"
[0m15:05:28.100715 [debug] [ThreadPool]: On list_postgres_public: /* {"app": "dbt", "dbt_version": "1.11.2", "profile_name": "jeans_mfg_data_pipeline", "target_name": "dev", "connection_name": "list_postgres_public"} */
select
      'postgres' as database,
      tablename as name,
      schemaname as schema,
      'table' as type
    from pg_tables
    where schemaname ilike 'public'
    union all
    select
      'postgres' as database,
      viewname as name,
      schemaname as schema,
      'view' as type
    from pg_views
    where schemaname ilike 'public'
    union all
    select
      'postgres' as database,
      matviewname as name,
      schemaname as schema,
      'materialized_view' as type
    from pg_matviews
    where schemaname ilike 'public'
  
[0m15:05:28.100715 [debug] [ThreadPool]: Opening a new connection, currently in state init
[0m15:05:28.176257 [debug] [ThreadPool]: SQL status: SELECT 0 in 0.069 seconds
[0m15:05:28.176257 [debug] [ThreadPool]: On list_postgres_public: ROLLBACK
[0m15:05:28.176257 [debug] [ThreadPool]: On list_postgres_public: Close
[0m15:05:28.180773 [debug] [MainThread]: Using postgres connection "master"
[0m15:05:28.180773 [debug] [MainThread]: On master: /* {"app": "dbt", "dbt_version": "1.11.2", "profile_name": "jeans_mfg_data_pipeline", "target_name": "dev", "connection_name": "master"} */
select distinct
        dependent_namespace.nspname as dependent_schema,
        dependent_class.relname as dependent_name,
        referenced_namespace.nspname as referenced_schema,
        referenced_class.relname as referenced_name

    -- Query for views: views are entries in pg_class with an entry in pg_rewrite, but we avoid
    -- a seq scan on pg_rewrite by leveraging the fact there is an "internal" row in pg_depend for
    -- the view...
    from pg_class as dependent_class
    join pg_namespace as dependent_namespace on dependent_namespace.oid = dependent_class.relnamespace
    join pg_depend as dependent_depend on dependent_depend.refobjid = dependent_class.oid
        and dependent_depend.classid = 'pg_rewrite'::regclass
        and dependent_depend.refclassid = 'pg_class'::regclass
        and dependent_depend.deptype = 'i'

    -- ... and via pg_depend (that has a row per column, hence the need for "distinct" above, and
    -- making sure to exclude the internal row to avoid a view appearing to depend on itself)...
    join pg_depend as joining_depend on joining_depend.objid = dependent_depend.objid
        and joining_depend.classid = 'pg_rewrite'::regclass
        and joining_depend.refclassid = 'pg_class'::regclass
        and joining_depend.refobjid != dependent_depend.refobjid

    -- ... we can find the tables they query from in pg_class, but excluding system tables. Note we
    -- don't need need to exclude _dependent_ system tables, because they only query from other
    -- system tables, and so are automatically excluded by excluding _referenced_ system tables
    join pg_class as referenced_class on referenced_class.oid = joining_depend.refobjid
    join pg_namespace as referenced_namespace on referenced_namespace.oid = referenced_class.relnamespace
        and referenced_namespace.nspname != 'information_schema'
        and referenced_namespace.nspname not like 'pg\_%'

    order by
        dependent_schema, dependent_name, referenced_schema, referenced_name;
[0m15:05:28.180773 [debug] [MainThread]: Opening a new connection, currently in state init
[0m15:05:28.251968 [debug] [MainThread]: SQL status: SELECT 0 in 0.069 seconds
[0m15:05:28.251968 [debug] [MainThread]: Sending event: {'category': 'dbt', 'action': 'runnable_timing', 'label': 'ec1c6175-4c01-4482-ba82-bd7825133ab0', 'context': [<snowplow_tracker.self_describing_json.SelfDescribingJson object at 0x000001FC526BC310>]}
[0m15:05:28.251968 [debug] [MainThread]: On master: ROLLBACK
[0m15:05:28.251968 [debug] [MainThread]: On master: COMMIT
[0m15:05:28.251968 [debug] [MainThread]: Using postgres connection "master"
[0m15:05:28.251968 [debug] [MainThread]: On master: COMMIT
[0m15:05:28.260518 [debug] [MainThread]: SQL status: COMMIT in 0.000 seconds
[0m15:05:28.260518 [debug] [MainThread]: On master: Close
[0m15:05:28.260518 [debug] [Thread-1 (]: Began running node model.jeans_mfg_data_pipeline.stg_unpivoted_orders
[0m15:05:28.260518 [info ] [Thread-1 (]: 1 of 2 START sql view model public.stg_unpivoted_orders ........................ [RUN]
[0m15:05:28.267717 [debug] [Thread-1 (]: Acquiring new postgres connection 'model.jeans_mfg_data_pipeline.stg_unpivoted_orders'
[0m15:05:28.267717 [debug] [Thread-1 (]: Began compiling node model.jeans_mfg_data_pipeline.stg_unpivoted_orders
[0m15:05:28.280710 [debug] [Thread-1 (]: Writing injected SQL for node "model.jeans_mfg_data_pipeline.stg_unpivoted_orders"
[0m15:05:28.280710 [debug] [Thread-1 (]: Began executing node model.jeans_mfg_data_pipeline.stg_unpivoted_orders
[0m15:05:28.392289 [debug] [Thread-1 (]: Writing runtime sql for node "model.jeans_mfg_data_pipeline.stg_unpivoted_orders"
[0m15:05:28.392289 [debug] [Thread-1 (]: Using postgres connection "model.jeans_mfg_data_pipeline.stg_unpivoted_orders"
[0m15:05:28.392289 [debug] [Thread-1 (]: On model.jeans_mfg_data_pipeline.stg_unpivoted_orders: /* {"app": "dbt", "dbt_version": "1.11.2", "profile_name": "jeans_mfg_data_pipeline", "target_name": "dev", "node_id": "model.jeans_mfg_data_pipeline.stg_unpivoted_orders"} */

  create view "postgres"."public"."stg_unpivoted_orders__dbt_tmp"
    
    
  as (
    -- models/staging/stg_unpivoted_orders.sql



WITH source_orders AS (

    SELECT *
    FROM "postgres"."raw"."raw_orders"

),

unpivoted AS (

    SELECT
        o.order_form_no,
        o.order_date,
        o.buyer_name,
        o.buyer_location,
        o.s_no,
        o.style_number,
        o.unit_price,
        o.line_item_total,
        o.total_qty_line_item,
        o.ingested_at,
        u.size,
        u.quantity_ordered AS quantity
    FROM source_orders o
    CROSS JOIN LATERAL (
        VALUES
            ('18', o.size_18_qty),
            ('20', o.size_20_qty),
            ('22', o.size_22_qty),
            ('24', o.size_24_qty),
            ('26', o.size_26_qty),
            ('28', o.size_28_qty),
            ('30', o.size_30_qty),
            ('32', o.size_32_qty),
            ('34', o.size_34_qty),
            ('36', o.size_36_qty),
            ('38', o.size_38_qty),
            ('40', o.size_40_qty),
            ('42', o.size_42_qty)
    ) AS u(size, quantity_ordered)

)

SELECT *
FROM unpivoted
WHERE quantity > 0
  );
[0m15:05:28.399857 [debug] [Thread-1 (]: Opening a new connection, currently in state init
[0m15:05:28.509794 [debug] [Thread-1 (]: SQL status: CREATE VIEW in 0.110 seconds
[0m15:05:28.515989 [debug] [Thread-1 (]: Using postgres connection "model.jeans_mfg_data_pipeline.stg_unpivoted_orders"
[0m15:05:28.519808 [debug] [Thread-1 (]: On model.jeans_mfg_data_pipeline.stg_unpivoted_orders: /* {"app": "dbt", "dbt_version": "1.11.2", "profile_name": "jeans_mfg_data_pipeline", "target_name": "dev", "node_id": "model.jeans_mfg_data_pipeline.stg_unpivoted_orders"} */
alter table "postgres"."public"."stg_unpivoted_orders__dbt_tmp" rename to "stg_unpivoted_orders"
[0m15:05:28.522153 [debug] [Thread-1 (]: SQL status: ALTER TABLE in 0.008 seconds
[0m15:05:28.542084 [debug] [Thread-1 (]: On model.jeans_mfg_data_pipeline.stg_unpivoted_orders: COMMIT
[0m15:05:28.547611 [debug] [Thread-1 (]: Using postgres connection "model.jeans_mfg_data_pipeline.stg_unpivoted_orders"
[0m15:05:28.547611 [debug] [Thread-1 (]: On model.jeans_mfg_data_pipeline.stg_unpivoted_orders: COMMIT
[0m15:05:28.563848 [debug] [Thread-1 (]: SQL status: COMMIT in 0.017 seconds
[0m15:05:28.570728 [debug] [Thread-1 (]: Applying DROP to: "postgres"."public"."stg_unpivoted_orders__dbt_backup"
[0m15:05:28.579967 [debug] [Thread-1 (]: Using postgres connection "model.jeans_mfg_data_pipeline.stg_unpivoted_orders"
[0m15:05:28.581070 [debug] [Thread-1 (]: On model.jeans_mfg_data_pipeline.stg_unpivoted_orders: /* {"app": "dbt", "dbt_version": "1.11.2", "profile_name": "jeans_mfg_data_pipeline", "target_name": "dev", "node_id": "model.jeans_mfg_data_pipeline.stg_unpivoted_orders"} */
drop view if exists "postgres"."public"."stg_unpivoted_orders__dbt_backup" cascade
[0m15:05:28.590957 [debug] [Thread-1 (]: SQL status: DROP VIEW in 0.010 seconds
[0m15:05:28.590957 [debug] [Thread-1 (]: On model.jeans_mfg_data_pipeline.stg_unpivoted_orders: Close
[0m15:05:28.595821 [debug] [Thread-1 (]: Sending event: {'category': 'dbt', 'action': 'run_model', 'label': 'ec1c6175-4c01-4482-ba82-bd7825133ab0', 'context': [<snowplow_tracker.self_describing_json.SelfDescribingJson object at 0x000001FC50FF4250>]}
[0m15:05:28.598121 [info ] [Thread-1 (]: 1 of 2 OK created sql view model public.stg_unpivoted_orders ................... [[32mCREATE VIEW[0m in 0.32s]
[0m15:05:28.598121 [debug] [Thread-1 (]: Finished running node model.jeans_mfg_data_pipeline.stg_unpivoted_orders
[0m15:05:28.600647 [debug] [Thread-1 (]: Began running node model.jeans_mfg_data_pipeline.fact_material_requirements
[0m15:05:28.601889 [info ] [Thread-1 (]: 2 of 2 START sql table model public.fact_material_requirements ................. [RUN]
[0m15:05:28.601889 [debug] [Thread-1 (]: Re-using an available connection from the pool (formerly model.jeans_mfg_data_pipeline.stg_unpivoted_orders, now model.jeans_mfg_data_pipeline.fact_material_requirements)
[0m15:05:28.601889 [debug] [Thread-1 (]: Began compiling node model.jeans_mfg_data_pipeline.fact_material_requirements
[0m15:05:28.601889 [debug] [Thread-1 (]: Writing injected SQL for node "model.jeans_mfg_data_pipeline.fact_material_requirements"
[0m15:05:28.610792 [debug] [Thread-1 (]: Began executing node model.jeans_mfg_data_pipeline.fact_material_requirements
[0m15:05:28.642727 [debug] [Thread-1 (]: Writing runtime sql for node "model.jeans_mfg_data_pipeline.fact_material_requirements"
[0m15:05:28.650268 [debug] [Thread-1 (]: Using postgres connection "model.jeans_mfg_data_pipeline.fact_material_requirements"
[0m15:05:28.650795 [debug] [Thread-1 (]: On model.jeans_mfg_data_pipeline.fact_material_requirements: /* {"app": "dbt", "dbt_version": "1.11.2", "profile_name": "jeans_mfg_data_pipeline", "target_name": "dev", "node_id": "model.jeans_mfg_data_pipeline.fact_material_requirements"} */

  
    

  create  table "postgres"."public"."fact_material_requirements__dbt_tmp"
  
  
    as
  
  (
    -- models/marts/fact_material_requirements.sql

 -- Final models are often tables for performance

SELECT
    o.order_form_no,
    o.order_date,
    o.buyer_name,
    o.buyer_location,
    o.s_no,
    o.style_number,
    CAST(o.size AS INT) AS size, -- Cast size_text back to INT for joining
    o.quantity, -- Renamed from quantity_ordered in staging
    b.material_type,
    b.material_qty_per_unit,
    b.unit_of_measure,
    -- Calculate total material needed for this line item
    o.quantity * b.material_qty_per_unit AS total_material_needed_for_line_item,
    o.ingested_at AS order_ingested_at,
    b.ingested_at AS bom_ingested_at
FROM
    "postgres"."public"."stg_unpivoted_orders" o -- Reference our staging model
JOIN
    "postgres"."raw"."raw_bill_of_materials" b -- Reference the BOM source
ON
    o.style_number = b.style_number
    AND CAST(o.size AS INT) = b.size -- Cast to INT for join
WHERE
    o.quantity > 0
  );
  
[0m15:05:28.650795 [debug] [Thread-1 (]: Opening a new connection, currently in state closed
[0m15:05:28.742133 [debug] [Thread-1 (]: SQL status: SELECT 0 in 0.095 seconds
[0m15:05:28.752840 [debug] [Thread-1 (]: Using postgres connection "model.jeans_mfg_data_pipeline.fact_material_requirements"
[0m15:05:28.752840 [debug] [Thread-1 (]: On model.jeans_mfg_data_pipeline.fact_material_requirements: /* {"app": "dbt", "dbt_version": "1.11.2", "profile_name": "jeans_mfg_data_pipeline", "target_name": "dev", "node_id": "model.jeans_mfg_data_pipeline.fact_material_requirements"} */
alter table "postgres"."public"."fact_material_requirements__dbt_tmp" rename to "fact_material_requirements"
[0m15:05:28.752840 [debug] [Thread-1 (]: SQL status: ALTER TABLE in 0.001 seconds
[0m15:05:28.760718 [debug] [Thread-1 (]: On model.jeans_mfg_data_pipeline.fact_material_requirements: COMMIT
[0m15:05:28.762001 [debug] [Thread-1 (]: Using postgres connection "model.jeans_mfg_data_pipeline.fact_material_requirements"
[0m15:05:28.762001 [debug] [Thread-1 (]: On model.jeans_mfg_data_pipeline.fact_material_requirements: COMMIT
[0m15:05:28.770698 [debug] [Thread-1 (]: SQL status: COMMIT in 0.009 seconds
[0m15:05:28.770698 [debug] [Thread-1 (]: Applying DROP to: "postgres"."public"."fact_material_requirements__dbt_backup"
[0m15:05:28.780083 [debug] [Thread-1 (]: Using postgres connection "model.jeans_mfg_data_pipeline.fact_material_requirements"
[0m15:05:28.780641 [debug] [Thread-1 (]: On model.jeans_mfg_data_pipeline.fact_material_requirements: /* {"app": "dbt", "dbt_version": "1.11.2", "profile_name": "jeans_mfg_data_pipeline", "target_name": "dev", "node_id": "model.jeans_mfg_data_pipeline.fact_material_requirements"} */
drop table if exists "postgres"."public"."fact_material_requirements__dbt_backup" cascade
[0m15:05:28.781997 [debug] [Thread-1 (]: SQL status: DROP TABLE in 0.001 seconds
[0m15:05:28.781997 [debug] [Thread-1 (]: On model.jeans_mfg_data_pipeline.fact_material_requirements: Close
[0m15:05:28.781997 [debug] [Thread-1 (]: Sending event: {'category': 'dbt', 'action': 'run_model', 'label': 'ec1c6175-4c01-4482-ba82-bd7825133ab0', 'context': [<snowplow_tracker.self_describing_json.SelfDescribingJson object at 0x000001FC525D90D0>]}
[0m15:05:28.786034 [info ] [Thread-1 (]: 2 of 2 OK created sql table model public.fact_material_requirements ............ [[32mSELECT 0[0m in 0.18s]
[0m15:05:28.786034 [debug] [Thread-1 (]: Finished running node model.jeans_mfg_data_pipeline.fact_material_requirements
[0m15:05:28.790883 [debug] [MainThread]: On master: COMMIT
[0m15:05:28.790883 [debug] [MainThread]: Using postgres connection "master"
[0m15:05:28.790883 [debug] [MainThread]: On master: COMMIT
[0m15:05:28.790883 [debug] [MainThread]: Opening a new connection, currently in state closed
[0m15:05:28.950467 [debug] [MainThread]: SQL status: COMMIT in 0.165 seconds
[0m15:05:28.950467 [debug] [MainThread]: On master: Close
[0m15:05:28.959831 [debug] [MainThread]: Connection 'master' was properly closed.
[0m15:05:28.960855 [debug] [MainThread]: Connection 'list_postgres' was properly closed.
[0m15:05:28.960855 [debug] [MainThread]: Connection 'list_postgres_public' was properly closed.
[0m15:05:28.962172 [debug] [MainThread]: Connection 'model.jeans_mfg_data_pipeline.fact_material_requirements' was properly closed.
[0m15:05:28.962172 [info ] [MainThread]: 
[0m15:05:28.962172 [info ] [MainThread]: Finished running 1 table model, 1 view model in 0 hours 0 minutes and 1.16 seconds (1.16s).
[0m15:05:28.962172 [debug] [MainThread]: Command end result
[0m15:05:29.001628 [debug] [MainThread]: Wrote artifact WritableManifest to C:\Data Engineering\jeans_mfg_data_pipeline\target\manifest.json
[0m15:05:29.005964 [debug] [MainThread]: Wrote artifact SemanticManifest to C:\Data Engineering\jeans_mfg_data_pipeline\target\semantic_manifest.json
[0m15:05:29.018793 [debug] [MainThread]: Wrote artifact RunExecutionResult to C:\Data Engineering\jeans_mfg_data_pipeline\target\run_results.json
[0m15:05:29.019662 [info ] [MainThread]: 
[0m15:05:29.023412 [info ] [MainThread]: [32mCompleted successfully[0m
[0m15:05:29.023412 [info ] [MainThread]: 
[0m15:05:29.023412 [info ] [MainThread]: Done. PASS=2 WARN=0 ERROR=0 SKIP=0 NO-OP=0 TOTAL=2
[0m15:05:29.030882 [debug] [MainThread]: Command `dbt run` succeeded at 15:05:29.030882 after 2.87 seconds
[0m15:05:29.031896 [debug] [MainThread]: Sending event: {'category': 'dbt', 'action': 'invocation', 'label': 'end', 'context': [<snowplow_tracker.self_describing_json.SelfDescribingJson object at 0x000001FC4FFF5550>, <snowplow_tracker.self_describing_json.SelfDescribingJson object at 0x000001FC529279D0>, <snowplow_tracker.self_describing_json.SelfDescribingJson object at 0x000001FC5100FE10>]}
[0m15:05:29.032896 [debug] [MainThread]: Flushing usage events
[0m15:05:30.232264 [debug] [MainThread]: An error was encountered while trying to flush usage events
[0m15:16:19.228510 [debug] [MainThread]: Sending event: {'category': 'dbt', 'action': 'invocation', 'label': 'start', 'context': [<snowplow_tracker.self_describing_json.SelfDescribingJson object at 0x000001B80666F590>, <snowplow_tracker.self_describing_json.SelfDescribingJson object at 0x000001B80666FB50>, <snowplow_tracker.self_describing_json.SelfDescribingJson object at 0x000001B80666FED0>]}


============================== 15:16:19.228510 | 93db2587-fc1b-46a9-9382-bf3556bf0ace ==============================
[0m15:16:19.228510 [info ] [MainThread]: Running with dbt=1.11.2
[0m15:16:19.228510 [debug] [MainThread]: running dbt with arguments {'version_check': 'True', 'no_print': 'None', 'static_parser': 'True', 'target_path': 'None', 'warn_error_options': 'WarnErrorOptionsV2(error=[], warn=[], silence=[])', 'printer_width': '80', 'write_json': 'True', 'empty': 'False', 'log_cache_events': 'False', 'introspect': 'True', 'cache_selected_only': 'False', 'fail_fast': 'False', 'debug': 'False', 'log_format': 'default', 'profiles_dir': 'C:\\Data Engineering\\jeans_mfg_data_pipeline', 'send_anonymous_usage_stats': 'True', 'quiet': 'False', 'warn_error': 'None', 'partial_parse': 'True', 'indirect_selection': 'eager', 'use_colors': 'True', 'invocation_command': 'dbt run --full-refresh', 'use_experimental_parser': 'False', 'log_path': 'C:\\Data Engineering\\jeans_mfg_data_pipeline\\logs'}
[0m15:16:19.589845 [debug] [MainThread]: Sending event: {'category': 'dbt', 'action': 'project_id', 'label': '93db2587-fc1b-46a9-9382-bf3556bf0ace', 'context': [<snowplow_tracker.self_describing_json.SelfDescribingJson object at 0x000001B8066840D0>]}
[0m15:16:19.669384 [debug] [MainThread]: Sending event: {'category': 'dbt', 'action': 'adapter_info', 'label': '93db2587-fc1b-46a9-9382-bf3556bf0ace', 'context': [<snowplow_tracker.self_describing_json.SelfDescribingJson object at 0x000001B802F36250>]}
[0m15:16:19.669384 [info ] [MainThread]: Registered adapter: postgres=1.10.0
[0m15:16:20.148553 [debug] [MainThread]: checksum: 3d40d8bbe1bef07db1c24822f2dbfff8bc07f2a48ed4fe2658a40653aec0b54b, vars: {}, profile: , target: , version: 1.11.2
[0m15:16:20.248580 [info ] [MainThread]: Unable to do partial parsing because a project config has changed
[0m15:16:20.267436 [debug] [MainThread]: Sending event: {'category': 'dbt', 'action': 'partial_parser', 'label': '93db2587-fc1b-46a9-9382-bf3556bf0ace', 'context': [<snowplow_tracker.self_describing_json.SelfDescribingJson object at 0x000001B8056F6BD0>]}
[0m15:16:21.821879 [debug] [MainThread]: Sending event: {'category': 'dbt', 'action': 'load_project', 'label': '93db2587-fc1b-46a9-9382-bf3556bf0ace', 'context': [<snowplow_tracker.self_describing_json.SelfDescribingJson object at 0x000001B807D1E8D0>]}
[0m15:16:21.931535 [debug] [MainThread]: Wrote artifact WritableManifest to C:\Data Engineering\jeans_mfg_data_pipeline\target\manifest.json
[0m15:16:21.935542 [debug] [MainThread]: Wrote artifact SemanticManifest to C:\Data Engineering\jeans_mfg_data_pipeline\target\semantic_manifest.json
[0m15:16:21.966143 [debug] [MainThread]: Sending event: {'category': 'dbt', 'action': 'resource_counts', 'label': '93db2587-fc1b-46a9-9382-bf3556bf0ace', 'context': [<snowplow_tracker.self_describing_json.SelfDescribingJson object at 0x000001B807FDF050>]}
[0m15:16:21.969754 [info ] [MainThread]: Found 3 models, 2 sources, 464 macros
[0m15:16:21.969754 [debug] [MainThread]: Sending event: {'category': 'dbt', 'action': 'runnable_timing', 'label': '93db2587-fc1b-46a9-9382-bf3556bf0ace', 'context': [<snowplow_tracker.self_describing_json.SelfDescribingJson object at 0x000001B807ED8A90>]}
[0m15:16:21.969754 [info ] [MainThread]: 
[0m15:16:21.969754 [info ] [MainThread]: Concurrency: 1 threads (target='dev')
[0m15:16:21.969754 [info ] [MainThread]: 
[0m15:16:21.977101 [debug] [MainThread]: Acquiring new postgres connection 'master'
[0m15:16:21.987940 [debug] [ThreadPool]: Acquiring new postgres connection 'list_postgres'
[0m15:16:22.211037 [debug] [ThreadPool]: Using postgres connection "list_postgres"
[0m15:16:22.211037 [debug] [ThreadPool]: On list_postgres: /* {"app": "dbt", "dbt_version": "1.11.2", "profile_name": "jeans_mfg_data_pipeline", "target_name": "dev", "connection_name": "list_postgres"} */

    select distinct nspname from pg_namespace
  
[0m15:16:22.211037 [debug] [ThreadPool]: Opening a new connection, currently in state init
[0m15:16:22.306036 [debug] [ThreadPool]: SQL status: SELECT 10 in 0.092 seconds
[0m15:16:22.308047 [debug] [ThreadPool]: On list_postgres: Close
[0m15:16:22.308047 [debug] [ThreadPool]: Using postgres connection "list_postgres"
[0m15:16:22.308047 [debug] [ThreadPool]: On list_postgres: /* {"app": "dbt", "dbt_version": "1.11.2", "profile_name": "jeans_mfg_data_pipeline", "target_name": "dev", "connection_name": "list_postgres"} */

    select distinct nspname from pg_namespace
  
[0m15:16:22.315809 [debug] [ThreadPool]: Opening a new connection, currently in state closed
[0m15:16:22.385441 [debug] [ThreadPool]: SQL status: SELECT 10 in 0.077 seconds
[0m15:16:22.394999 [debug] [ThreadPool]: On list_postgres: Close
[0m15:16:22.397010 [debug] [ThreadPool]: Re-using an available connection from the pool (formerly list_postgres, now create_postgres_public_staging)
[0m15:16:22.399312 [debug] [ThreadPool]: Creating schema "database: "postgres"
schema: "public_staging"
"
[0m15:16:22.405341 [debug] [ThreadPool]: Using postgres connection "create_postgres_public_staging"
[0m15:16:22.405341 [debug] [ThreadPool]: On create_postgres_public_staging: /* {"app": "dbt", "dbt_version": "1.11.2", "profile_name": "jeans_mfg_data_pipeline", "target_name": "dev", "connection_name": "create_postgres_public_staging"} */
create schema if not exists "public_staging"
[0m15:16:22.405341 [debug] [ThreadPool]: Opening a new connection, currently in state closed
[0m15:16:22.481304 [debug] [ThreadPool]: SQL status: CREATE SCHEMA in 0.075 seconds
[0m15:16:22.481304 [debug] [ThreadPool]: On create_postgres_public_staging: COMMIT
[0m15:16:22.490133 [debug] [ThreadPool]: Using postgres connection "create_postgres_public_staging"
[0m15:16:22.490133 [debug] [ThreadPool]: On create_postgres_public_staging: COMMIT
[0m15:16:22.496937 [debug] [ThreadPool]: SQL status: COMMIT in 0.007 seconds
[0m15:16:22.500150 [debug] [ThreadPool]: On create_postgres_public_staging: Close
[0m15:16:22.502159 [debug] [ThreadPool]: Re-using an available connection from the pool (formerly create_postgres_public_staging, now create_postgres_public_marts)
[0m15:16:22.504165 [debug] [ThreadPool]: Creating schema "database: "postgres"
schema: "public_marts"
"
[0m15:16:22.506175 [debug] [ThreadPool]: Using postgres connection "create_postgres_public_marts"
[0m15:16:22.512698 [debug] [ThreadPool]: On create_postgres_public_marts: /* {"app": "dbt", "dbt_version": "1.11.2", "profile_name": "jeans_mfg_data_pipeline", "target_name": "dev", "connection_name": "create_postgres_public_marts"} */
create schema if not exists "public_marts"
[0m15:16:22.512698 [debug] [ThreadPool]: Opening a new connection, currently in state closed
[0m15:16:22.615307 [debug] [ThreadPool]: SQL status: CREATE SCHEMA in 0.104 seconds
[0m15:16:22.615307 [debug] [ThreadPool]: On create_postgres_public_marts: COMMIT
[0m15:16:22.615307 [debug] [ThreadPool]: Using postgres connection "create_postgres_public_marts"
[0m15:16:22.615307 [debug] [ThreadPool]: On create_postgres_public_marts: COMMIT
[0m15:16:22.615307 [debug] [ThreadPool]: SQL status: COMMIT in 0.008 seconds
[0m15:16:22.634061 [debug] [ThreadPool]: On create_postgres_public_marts: Close
[0m15:16:22.640435 [debug] [ThreadPool]: Acquiring new postgres connection 'list_postgres_public_staging'
[0m15:16:22.652592 [debug] [ThreadPool]: Using postgres connection "list_postgres_public_staging"
[0m15:16:22.652592 [debug] [ThreadPool]: On list_postgres_public_staging: /* {"app": "dbt", "dbt_version": "1.11.2", "profile_name": "jeans_mfg_data_pipeline", "target_name": "dev", "connection_name": "list_postgres_public_staging"} */
select
      'postgres' as database,
      tablename as name,
      schemaname as schema,
      'table' as type
    from pg_tables
    where schemaname ilike 'public_staging'
    union all
    select
      'postgres' as database,
      viewname as name,
      schemaname as schema,
      'view' as type
    from pg_views
    where schemaname ilike 'public_staging'
    union all
    select
      'postgres' as database,
      matviewname as name,
      schemaname as schema,
      'materialized_view' as type
    from pg_matviews
    where schemaname ilike 'public_staging'
  
[0m15:16:22.652592 [debug] [ThreadPool]: Opening a new connection, currently in state init
[0m15:16:22.733207 [debug] [ThreadPool]: SQL status: SELECT 0 in 0.081 seconds
[0m15:16:22.733207 [debug] [ThreadPool]: On list_postgres_public_staging: ROLLBACK
[0m15:16:22.733207 [debug] [ThreadPool]: On list_postgres_public_staging: Close
[0m15:16:22.733207 [debug] [ThreadPool]: Re-using an available connection from the pool (formerly list_postgres_public_staging, now list_postgres_public_marts)
[0m15:16:22.733207 [debug] [ThreadPool]: Using postgres connection "list_postgres_public_marts"
[0m15:16:22.733207 [debug] [ThreadPool]: On list_postgres_public_marts: /* {"app": "dbt", "dbt_version": "1.11.2", "profile_name": "jeans_mfg_data_pipeline", "target_name": "dev", "connection_name": "list_postgres_public_marts"} */
select
      'postgres' as database,
      tablename as name,
      schemaname as schema,
      'table' as type
    from pg_tables
    where schemaname ilike 'public_marts'
    union all
    select
      'postgres' as database,
      viewname as name,
      schemaname as schema,
      'view' as type
    from pg_views
    where schemaname ilike 'public_marts'
    union all
    select
      'postgres' as database,
      matviewname as name,
      schemaname as schema,
      'materialized_view' as type
    from pg_matviews
    where schemaname ilike 'public_marts'
  
[0m15:16:22.733207 [debug] [ThreadPool]: Opening a new connection, currently in state closed
[0m15:16:22.798581 [debug] [ThreadPool]: SQL status: SELECT 0 in 0.066 seconds
[0m15:16:22.798581 [debug] [ThreadPool]: On list_postgres_public_marts: ROLLBACK
[0m15:16:22.798581 [debug] [ThreadPool]: On list_postgres_public_marts: Close
[0m15:16:22.815226 [debug] [MainThread]: Using postgres connection "master"
[0m15:16:22.815226 [debug] [MainThread]: On master: /* {"app": "dbt", "dbt_version": "1.11.2", "profile_name": "jeans_mfg_data_pipeline", "target_name": "dev", "connection_name": "master"} */
select distinct
        dependent_namespace.nspname as dependent_schema,
        dependent_class.relname as dependent_name,
        referenced_namespace.nspname as referenced_schema,
        referenced_class.relname as referenced_name

    -- Query for views: views are entries in pg_class with an entry in pg_rewrite, but we avoid
    -- a seq scan on pg_rewrite by leveraging the fact there is an "internal" row in pg_depend for
    -- the view...
    from pg_class as dependent_class
    join pg_namespace as dependent_namespace on dependent_namespace.oid = dependent_class.relnamespace
    join pg_depend as dependent_depend on dependent_depend.refobjid = dependent_class.oid
        and dependent_depend.classid = 'pg_rewrite'::regclass
        and dependent_depend.refclassid = 'pg_class'::regclass
        and dependent_depend.deptype = 'i'

    -- ... and via pg_depend (that has a row per column, hence the need for "distinct" above, and
    -- making sure to exclude the internal row to avoid a view appearing to depend on itself)...
    join pg_depend as joining_depend on joining_depend.objid = dependent_depend.objid
        and joining_depend.classid = 'pg_rewrite'::regclass
        and joining_depend.refclassid = 'pg_class'::regclass
        and joining_depend.refobjid != dependent_depend.refobjid

    -- ... we can find the tables they query from in pg_class, but excluding system tables. Note we
    -- don't need need to exclude _dependent_ system tables, because they only query from other
    -- system tables, and so are automatically excluded by excluding _referenced_ system tables
    join pg_class as referenced_class on referenced_class.oid = joining_depend.refobjid
    join pg_namespace as referenced_namespace on referenced_namespace.oid = referenced_class.relnamespace
        and referenced_namespace.nspname != 'information_schema'
        and referenced_namespace.nspname not like 'pg\_%'

    order by
        dependent_schema, dependent_name, referenced_schema, referenced_name;
[0m15:16:22.815226 [debug] [MainThread]: Opening a new connection, currently in state init
[0m15:16:22.900075 [debug] [MainThread]: SQL status: SELECT 1 in 0.079 seconds
[0m15:16:22.900734 [debug] [MainThread]: Sending event: {'category': 'dbt', 'action': 'runnable_timing', 'label': '93db2587-fc1b-46a9-9382-bf3556bf0ace', 'context': [<snowplow_tracker.self_describing_json.SelfDescribingJson object at 0x000001B8083CE850>]}
[0m15:16:22.900734 [debug] [MainThread]: On master: ROLLBACK
[0m15:16:22.900734 [debug] [MainThread]: On master: COMMIT
[0m15:16:22.900734 [debug] [MainThread]: Using postgres connection "master"
[0m15:16:22.900734 [debug] [MainThread]: On master: COMMIT
[0m15:16:22.900734 [debug] [MainThread]: SQL status: COMMIT in 0.000 seconds
[0m15:16:22.900734 [debug] [MainThread]: On master: Close
[0m15:16:22.919576 [debug] [Thread-1 (]: Began running node model.jeans_mfg_data_pipeline.stg_unpivoted_orders
[0m15:16:22.919576 [info ] [Thread-1 (]: 1 of 2 START sql view model public_staging.stg_unpivoted_orders ................ [RUN]
[0m15:16:22.919576 [debug] [Thread-1 (]: Acquiring new postgres connection 'model.jeans_mfg_data_pipeline.stg_unpivoted_orders'
[0m15:16:22.919576 [debug] [Thread-1 (]: Began compiling node model.jeans_mfg_data_pipeline.stg_unpivoted_orders
[0m15:16:22.938312 [debug] [Thread-1 (]: Writing injected SQL for node "model.jeans_mfg_data_pipeline.stg_unpivoted_orders"
[0m15:16:22.947556 [debug] [Thread-1 (]: Began executing node model.jeans_mfg_data_pipeline.stg_unpivoted_orders
[0m15:16:23.025080 [debug] [Thread-1 (]: Writing runtime sql for node "model.jeans_mfg_data_pipeline.stg_unpivoted_orders"
[0m15:16:23.027085 [debug] [Thread-1 (]: Using postgres connection "model.jeans_mfg_data_pipeline.stg_unpivoted_orders"
[0m15:16:23.027085 [debug] [Thread-1 (]: On model.jeans_mfg_data_pipeline.stg_unpivoted_orders: /* {"app": "dbt", "dbt_version": "1.11.2", "profile_name": "jeans_mfg_data_pipeline", "target_name": "dev", "node_id": "model.jeans_mfg_data_pipeline.stg_unpivoted_orders"} */

  create view "postgres"."public_staging"."stg_unpivoted_orders__dbt_tmp"
    
    
  as (
    -- models/staging/stg_unpivoted_orders.sql



WITH source_orders AS (

    SELECT *
    FROM "postgres"."raw"."raw_orders"

),

unpivoted AS (

    SELECT
        o.order_form_no,
        o.order_date,
        o.buyer_name,
        o.buyer_location,
        o.s_no,
        o.style_number,
        o.unit_price,
        o.line_item_total,
        o.total_qty_line_item,
        o.ingested_at,
        u.size,
        u.quantity_ordered AS quantity
    FROM source_orders o
    CROSS JOIN LATERAL (
        VALUES
            ('18', o.size_18_qty),
            ('20', o.size_20_qty),
            ('22', o.size_22_qty),
            ('24', o.size_24_qty),
            ('26', o.size_26_qty),
            ('28', o.size_28_qty),
            ('30', o.size_30_qty),
            ('32', o.size_32_qty),
            ('34', o.size_34_qty),
            ('36', o.size_36_qty),
            ('38', o.size_38_qty),
            ('40', o.size_40_qty),
            ('42', o.size_42_qty)
    ) AS u(size, quantity_ordered)

)

SELECT *
FROM unpivoted
WHERE quantity > 0
  );
[0m15:16:23.027085 [debug] [Thread-1 (]: Opening a new connection, currently in state init
[0m15:16:23.097675 [debug] [Thread-1 (]: SQL status: CREATE VIEW in 0.074 seconds
[0m15:16:23.097675 [debug] [Thread-1 (]: Using postgres connection "model.jeans_mfg_data_pipeline.stg_unpivoted_orders"
[0m15:16:23.097675 [debug] [Thread-1 (]: On model.jeans_mfg_data_pipeline.stg_unpivoted_orders: /* {"app": "dbt", "dbt_version": "1.11.2", "profile_name": "jeans_mfg_data_pipeline", "target_name": "dev", "node_id": "model.jeans_mfg_data_pipeline.stg_unpivoted_orders"} */
alter table "postgres"."public_staging"."stg_unpivoted_orders__dbt_tmp" rename to "stg_unpivoted_orders"
[0m15:16:23.097675 [debug] [Thread-1 (]: SQL status: ALTER TABLE in 0.001 seconds
[0m15:16:23.129579 [debug] [Thread-1 (]: On model.jeans_mfg_data_pipeline.stg_unpivoted_orders: COMMIT
[0m15:16:23.129579 [debug] [Thread-1 (]: Using postgres connection "model.jeans_mfg_data_pipeline.stg_unpivoted_orders"
[0m15:16:23.129579 [debug] [Thread-1 (]: On model.jeans_mfg_data_pipeline.stg_unpivoted_orders: COMMIT
[0m15:16:23.163570 [debug] [Thread-1 (]: SQL status: COMMIT in 0.033 seconds
[0m15:16:23.193344 [debug] [Thread-1 (]: Applying DROP to: "postgres"."public_staging"."stg_unpivoted_orders__dbt_backup"
[0m15:16:23.193344 [debug] [Thread-1 (]: Using postgres connection "model.jeans_mfg_data_pipeline.stg_unpivoted_orders"
[0m15:16:23.193344 [debug] [Thread-1 (]: On model.jeans_mfg_data_pipeline.stg_unpivoted_orders: /* {"app": "dbt", "dbt_version": "1.11.2", "profile_name": "jeans_mfg_data_pipeline", "target_name": "dev", "node_id": "model.jeans_mfg_data_pipeline.stg_unpivoted_orders"} */
drop view if exists "postgres"."public_staging"."stg_unpivoted_orders__dbt_backup" cascade
[0m15:16:23.193344 [debug] [Thread-1 (]: SQL status: DROP VIEW in 0.001 seconds
[0m15:16:23.193344 [debug] [Thread-1 (]: On model.jeans_mfg_data_pipeline.stg_unpivoted_orders: Close
[0m15:16:23.211144 [debug] [Thread-1 (]: Sending event: {'category': 'dbt', 'action': 'run_model', 'label': '93db2587-fc1b-46a9-9382-bf3556bf0ace', 'context': [<snowplow_tracker.self_describing_json.SelfDescribingJson object at 0x000001B8078DEA50>]}
[0m15:16:23.213781 [info ] [Thread-1 (]: 1 of 2 OK created sql view model public_staging.stg_unpivoted_orders ........... [[32mCREATE VIEW[0m in 0.29s]
[0m15:16:23.213781 [debug] [Thread-1 (]: Finished running node model.jeans_mfg_data_pipeline.stg_unpivoted_orders
[0m15:16:23.213781 [debug] [Thread-1 (]: Began running node model.jeans_mfg_data_pipeline.fact_material_requirements
[0m15:16:23.213781 [info ] [Thread-1 (]: 2 of 2 START sql table model public_marts.fact_material_requirements ........... [RUN]
[0m15:16:23.213781 [debug] [Thread-1 (]: Re-using an available connection from the pool (formerly model.jeans_mfg_data_pipeline.stg_unpivoted_orders, now model.jeans_mfg_data_pipeline.fact_material_requirements)
[0m15:16:23.213781 [debug] [Thread-1 (]: Began compiling node model.jeans_mfg_data_pipeline.fact_material_requirements
[0m15:16:23.221859 [debug] [Thread-1 (]: Writing injected SQL for node "model.jeans_mfg_data_pipeline.fact_material_requirements"
[0m15:16:23.221859 [debug] [Thread-1 (]: Began executing node model.jeans_mfg_data_pipeline.fact_material_requirements
[0m15:16:23.249290 [debug] [Thread-1 (]: Writing runtime sql for node "model.jeans_mfg_data_pipeline.fact_material_requirements"
[0m15:16:23.264498 [debug] [Thread-1 (]: Using postgres connection "model.jeans_mfg_data_pipeline.fact_material_requirements"
[0m15:16:23.265530 [debug] [Thread-1 (]: On model.jeans_mfg_data_pipeline.fact_material_requirements: /* {"app": "dbt", "dbt_version": "1.11.2", "profile_name": "jeans_mfg_data_pipeline", "target_name": "dev", "node_id": "model.jeans_mfg_data_pipeline.fact_material_requirements"} */

  
    

  create  table "postgres"."public_marts"."fact_material_requirements__dbt_tmp"
  
  
    as
  
  (
    -- models/marts/fact_material_requirements.sql

 -- Final models are often tables for performance

SELECT
    o.order_form_no,
    o.order_date,
    o.buyer_name,
    o.buyer_location,
    o.s_no,
    o.style_number,
    CAST(o.size AS INT) AS size, -- Cast size_text back to INT for joining
    o.quantity, -- Renamed from quantity_ordered in staging
    b.material_type,
    b.material_qty_per_unit,
    b.unit_of_measure,
    -- Calculate total material needed for this line item
    o.quantity * b.material_qty_per_unit AS total_material_needed_for_line_item,
    o.ingested_at AS order_ingested_at,
    b.ingested_at AS bom_ingested_at
FROM
    "postgres"."public_staging"."stg_unpivoted_orders" o -- Reference our staging model
JOIN
    "postgres"."raw"."raw_bill_of_materials" b -- Reference the BOM source
ON
    o.style_number = b.style_number
    AND CAST(o.size AS INT) = b.size -- Cast to INT for join
WHERE
    o.quantity > 0
  );
  
[0m15:16:23.265530 [debug] [Thread-1 (]: Opening a new connection, currently in state closed
[0m15:16:23.459711 [debug] [Thread-1 (]: SQL status: SELECT 0 in 0.196 seconds
[0m15:16:23.459711 [debug] [Thread-1 (]: Using postgres connection "model.jeans_mfg_data_pipeline.fact_material_requirements"
[0m15:16:23.459711 [debug] [Thread-1 (]: On model.jeans_mfg_data_pipeline.fact_material_requirements: /* {"app": "dbt", "dbt_version": "1.11.2", "profile_name": "jeans_mfg_data_pipeline", "target_name": "dev", "node_id": "model.jeans_mfg_data_pipeline.fact_material_requirements"} */
alter table "postgres"."public_marts"."fact_material_requirements__dbt_tmp" rename to "fact_material_requirements"
[0m15:16:23.459711 [debug] [Thread-1 (]: SQL status: ALTER TABLE in 0.000 seconds
[0m15:16:23.459711 [debug] [Thread-1 (]: On model.jeans_mfg_data_pipeline.fact_material_requirements: COMMIT
[0m15:16:23.475447 [debug] [Thread-1 (]: Using postgres connection "model.jeans_mfg_data_pipeline.fact_material_requirements"
[0m15:16:23.475447 [debug] [Thread-1 (]: On model.jeans_mfg_data_pipeline.fact_material_requirements: COMMIT
[0m15:16:23.475447 [debug] [Thread-1 (]: SQL status: COMMIT in 0.011 seconds
[0m15:16:23.491202 [debug] [Thread-1 (]: Applying DROP to: "postgres"."public_marts"."fact_material_requirements__dbt_backup"
[0m15:16:23.491202 [debug] [Thread-1 (]: Using postgres connection "model.jeans_mfg_data_pipeline.fact_material_requirements"
[0m15:16:23.491202 [debug] [Thread-1 (]: On model.jeans_mfg_data_pipeline.fact_material_requirements: /* {"app": "dbt", "dbt_version": "1.11.2", "profile_name": "jeans_mfg_data_pipeline", "target_name": "dev", "node_id": "model.jeans_mfg_data_pipeline.fact_material_requirements"} */
drop table if exists "postgres"."public_marts"."fact_material_requirements__dbt_backup" cascade
[0m15:16:23.491202 [debug] [Thread-1 (]: SQL status: DROP TABLE in 0.001 seconds
[0m15:16:23.491202 [debug] [Thread-1 (]: On model.jeans_mfg_data_pipeline.fact_material_requirements: Close
[0m15:16:23.491202 [debug] [Thread-1 (]: Sending event: {'category': 'dbt', 'action': 'run_model', 'label': '93db2587-fc1b-46a9-9382-bf3556bf0ace', 'context': [<snowplow_tracker.self_describing_json.SelfDescribingJson object at 0x000001B808317A50>]}
[0m15:16:23.491202 [info ] [Thread-1 (]: 2 of 2 OK created sql table model public_marts.fact_material_requirements ...... [[32mSELECT 0[0m in 0.28s]
[0m15:16:23.491202 [debug] [Thread-1 (]: Finished running node model.jeans_mfg_data_pipeline.fact_material_requirements
[0m15:16:23.491202 [debug] [MainThread]: On master: COMMIT
[0m15:16:23.508452 [debug] [MainThread]: Using postgres connection "master"
[0m15:16:23.509615 [debug] [MainThread]: On master: COMMIT
[0m15:16:23.509615 [debug] [MainThread]: Opening a new connection, currently in state closed
[0m15:16:23.572404 [debug] [MainThread]: SQL status: COMMIT in 0.062 seconds
[0m15:16:23.573446 [debug] [MainThread]: On master: Close
[0m15:16:23.573446 [debug] [MainThread]: Connection 'master' was properly closed.
[0m15:16:23.574404 [debug] [MainThread]: Connection 'create_postgres_public_marts' was properly closed.
[0m15:16:23.574404 [debug] [MainThread]: Connection 'list_postgres_public_marts' was properly closed.
[0m15:16:23.575405 [debug] [MainThread]: Connection 'model.jeans_mfg_data_pipeline.fact_material_requirements' was properly closed.
[0m15:16:23.576405 [info ] [MainThread]: 
[0m15:16:23.577420 [info ] [MainThread]: Finished running 1 table model, 1 view model in 0 hours 0 minutes and 1.60 seconds (1.60s).
[0m15:16:23.578411 [debug] [MainThread]: Command end result
[0m15:16:23.606978 [debug] [MainThread]: Wrote artifact WritableManifest to C:\Data Engineering\jeans_mfg_data_pipeline\target\manifest.json
[0m15:16:23.612101 [debug] [MainThread]: Wrote artifact SemanticManifest to C:\Data Engineering\jeans_mfg_data_pipeline\target\semantic_manifest.json
[0m15:16:23.625376 [debug] [MainThread]: Wrote artifact RunExecutionResult to C:\Data Engineering\jeans_mfg_data_pipeline\target\run_results.json
[0m15:16:23.625376 [info ] [MainThread]: 
[0m15:16:23.627397 [info ] [MainThread]: [32mCompleted successfully[0m
[0m15:16:23.628385 [info ] [MainThread]: 
[0m15:16:23.629376 [info ] [MainThread]: Done. PASS=2 WARN=0 ERROR=0 SKIP=0 NO-OP=0 TOTAL=2
[0m15:16:23.632372 [debug] [MainThread]: Command `dbt run` succeeded at 15:16:23.632372 after 4.49 seconds
[0m15:16:23.632372 [debug] [MainThread]: Sending event: {'category': 'dbt', 'action': 'invocation', 'label': 'end', 'context': [<snowplow_tracker.self_describing_json.SelfDescribingJson object at 0x000001B8066D2190>, <snowplow_tracker.self_describing_json.SelfDescribingJson object at 0x000001B8066D03D0>, <snowplow_tracker.self_describing_json.SelfDescribingJson object at 0x000001B80666B090>]}
[0m15:16:23.632372 [debug] [MainThread]: Flushing usage events
[0m15:16:24.765749 [debug] [MainThread]: An error was encountered while trying to flush usage events
[0m15:17:13.712185 [debug] [MainThread]: Sending event: {'category': 'dbt', 'action': 'invocation', 'label': 'start', 'context': [<snowplow_tracker.self_describing_json.SelfDescribingJson object at 0x000001776C173A50>, <snowplow_tracker.self_describing_json.SelfDescribingJson object at 0x000001776C1733D0>, <snowplow_tracker.self_describing_json.SelfDescribingJson object at 0x000001776C173790>]}


============================== 15:17:13.712185 | ecc5f6d4-6f61-41c5-ab3f-55fbef238055 ==============================
[0m15:17:13.712185 [info ] [MainThread]: Running with dbt=1.11.2
[0m15:17:13.712185 [debug] [MainThread]: running dbt with arguments {'version_check': 'True', 'no_print': 'None', 'static_parser': 'True', 'target_path': 'None', 'warn_error_options': 'WarnErrorOptionsV2(error=[], warn=[], silence=[])', 'printer_width': '80', 'write_json': 'True', 'empty': 'False', 'log_cache_events': 'False', 'introspect': 'True', 'cache_selected_only': 'False', 'fail_fast': 'False', 'debug': 'False', 'log_format': 'default', 'partial_parse': 'True', 'send_anonymous_usage_stats': 'True', 'quiet': 'False', 'warn_error': 'None', 'profiles_dir': 'C:\\Data Engineering\\jeans_mfg_data_pipeline', 'indirect_selection': 'eager', 'invocation_command': 'dbt run', 'use_colors': 'True', 'use_experimental_parser': 'False', 'log_path': 'C:\\Data Engineering\\jeans_mfg_data_pipeline\\logs'}
[0m15:17:14.021647 [debug] [MainThread]: Sending event: {'category': 'dbt', 'action': 'project_id', 'label': 'ecc5f6d4-6f61-41c5-ab3f-55fbef238055', 'context': [<snowplow_tracker.self_describing_json.SelfDescribingJson object at 0x000001776D3CD210>]}
[0m15:17:14.101464 [debug] [MainThread]: Sending event: {'category': 'dbt', 'action': 'adapter_info', 'label': 'ecc5f6d4-6f61-41c5-ab3f-55fbef238055', 'context': [<snowplow_tracker.self_describing_json.SelfDescribingJson object at 0x000001776C20BB90>]}
[0m15:17:14.101464 [info ] [MainThread]: Registered adapter: postgres=1.10.0
[0m15:17:14.550029 [debug] [MainThread]: checksum: 3d40d8bbe1bef07db1c24822f2dbfff8bc07f2a48ed4fe2658a40653aec0b54b, vars: {}, profile: , target: , version: 1.11.2
[0m15:17:14.712391 [debug] [MainThread]: Partial parsing enabled: 0 files deleted, 0 files added, 0 files changed.
[0m15:17:14.712391 [debug] [MainThread]: Nothing changed, skipping partial parsing.
[0m15:17:14.712391 [debug] [MainThread]: Partial parsing enabled, no changes found, skipping parsing
[0m15:17:14.748031 [debug] [MainThread]: Sending event: {'category': 'dbt', 'action': 'load_project', 'label': 'ecc5f6d4-6f61-41c5-ab3f-55fbef238055', 'context': [<snowplow_tracker.self_describing_json.SelfDescribingJson object at 0x000001776D650490>]}
[0m15:17:14.840298 [debug] [MainThread]: Wrote artifact WritableManifest to C:\Data Engineering\jeans_mfg_data_pipeline\target\manifest.json
[0m15:17:14.840298 [debug] [MainThread]: Wrote artifact SemanticManifest to C:\Data Engineering\jeans_mfg_data_pipeline\target\semantic_manifest.json
[0m15:17:14.856007 [debug] [MainThread]: Sending event: {'category': 'dbt', 'action': 'resource_counts', 'label': 'ecc5f6d4-6f61-41c5-ab3f-55fbef238055', 'context': [<snowplow_tracker.self_describing_json.SelfDescribingJson object at 0x000001776D36EDD0>]}
[0m15:17:14.856007 [info ] [MainThread]: Found 3 models, 2 sources, 464 macros
[0m15:17:14.871994 [debug] [MainThread]: Sending event: {'category': 'dbt', 'action': 'runnable_timing', 'label': 'ecc5f6d4-6f61-41c5-ab3f-55fbef238055', 'context': [<snowplow_tracker.self_describing_json.SelfDescribingJson object at 0x000001776D6F9610>]}
[0m15:17:14.874003 [info ] [MainThread]: 
[0m15:17:14.874003 [info ] [MainThread]: Concurrency: 1 threads (target='dev')
[0m15:17:14.874003 [info ] [MainThread]: 
[0m15:17:14.874003 [debug] [MainThread]: Acquiring new postgres connection 'master'
[0m15:17:14.883169 [debug] [ThreadPool]: Acquiring new postgres connection 'list_postgres'
[0m15:17:15.027812 [debug] [ThreadPool]: Using postgres connection "list_postgres"
[0m15:17:15.027812 [debug] [ThreadPool]: On list_postgres: /* {"app": "dbt", "dbt_version": "1.11.2", "profile_name": "jeans_mfg_data_pipeline", "target_name": "dev", "connection_name": "list_postgres"} */

    select distinct nspname from pg_namespace
  
[0m15:17:15.027812 [debug] [ThreadPool]: Opening a new connection, currently in state init
[0m15:17:15.206958 [debug] [ThreadPool]: SQL status: SELECT 12 in 0.176 seconds
[0m15:17:15.206958 [debug] [ThreadPool]: On list_postgres: Close
[0m15:17:15.206958 [debug] [ThreadPool]: Using postgres connection "list_postgres"
[0m15:17:15.206958 [debug] [ThreadPool]: On list_postgres: /* {"app": "dbt", "dbt_version": "1.11.2", "profile_name": "jeans_mfg_data_pipeline", "target_name": "dev", "connection_name": "list_postgres"} */

    select distinct nspname from pg_namespace
  
[0m15:17:15.206958 [debug] [ThreadPool]: Opening a new connection, currently in state closed
[0m15:17:15.252714 [debug] [ThreadPool]: SQL status: SELECT 12 in 0.052 seconds
[0m15:17:15.268405 [debug] [ThreadPool]: On list_postgres: Close
[0m15:17:15.268405 [debug] [ThreadPool]: Acquiring new postgres connection 'list_postgres_public_staging'
[0m15:17:15.276871 [debug] [ThreadPool]: Using postgres connection "list_postgres_public_staging"
[0m15:17:15.276871 [debug] [ThreadPool]: On list_postgres_public_staging: /* {"app": "dbt", "dbt_version": "1.11.2", "profile_name": "jeans_mfg_data_pipeline", "target_name": "dev", "connection_name": "list_postgres_public_staging"} */
select
      'postgres' as database,
      tablename as name,
      schemaname as schema,
      'table' as type
    from pg_tables
    where schemaname ilike 'public_staging'
    union all
    select
      'postgres' as database,
      viewname as name,
      schemaname as schema,
      'view' as type
    from pg_views
    where schemaname ilike 'public_staging'
    union all
    select
      'postgres' as database,
      matviewname as name,
      schemaname as schema,
      'materialized_view' as type
    from pg_matviews
    where schemaname ilike 'public_staging'
  
[0m15:17:15.276871 [debug] [ThreadPool]: Opening a new connection, currently in state init
[0m15:17:15.336300 [debug] [ThreadPool]: SQL status: SELECT 1 in 0.058 seconds
[0m15:17:15.336300 [debug] [ThreadPool]: On list_postgres_public_staging: ROLLBACK
[0m15:17:15.336300 [debug] [ThreadPool]: On list_postgres_public_staging: Close
[0m15:17:15.336300 [debug] [ThreadPool]: Re-using an available connection from the pool (formerly list_postgres_public_staging, now list_postgres_public_marts)
[0m15:17:15.341367 [debug] [ThreadPool]: Using postgres connection "list_postgres_public_marts"
[0m15:17:15.341367 [debug] [ThreadPool]: On list_postgres_public_marts: /* {"app": "dbt", "dbt_version": "1.11.2", "profile_name": "jeans_mfg_data_pipeline", "target_name": "dev", "connection_name": "list_postgres_public_marts"} */
select
      'postgres' as database,
      tablename as name,
      schemaname as schema,
      'table' as type
    from pg_tables
    where schemaname ilike 'public_marts'
    union all
    select
      'postgres' as database,
      viewname as name,
      schemaname as schema,
      'view' as type
    from pg_views
    where schemaname ilike 'public_marts'
    union all
    select
      'postgres' as database,
      matviewname as name,
      schemaname as schema,
      'materialized_view' as type
    from pg_matviews
    where schemaname ilike 'public_marts'
  
[0m15:17:15.341367 [debug] [ThreadPool]: Opening a new connection, currently in state closed
[0m15:17:15.405460 [debug] [ThreadPool]: SQL status: SELECT 1 in 0.062 seconds
[0m15:17:15.405460 [debug] [ThreadPool]: On list_postgres_public_marts: ROLLBACK
[0m15:17:15.405460 [debug] [ThreadPool]: On list_postgres_public_marts: Close
[0m15:17:15.417235 [debug] [MainThread]: Using postgres connection "master"
[0m15:17:15.417235 [debug] [MainThread]: On master: /* {"app": "dbt", "dbt_version": "1.11.2", "profile_name": "jeans_mfg_data_pipeline", "target_name": "dev", "connection_name": "master"} */
select distinct
        dependent_namespace.nspname as dependent_schema,
        dependent_class.relname as dependent_name,
        referenced_namespace.nspname as referenced_schema,
        referenced_class.relname as referenced_name

    -- Query for views: views are entries in pg_class with an entry in pg_rewrite, but we avoid
    -- a seq scan on pg_rewrite by leveraging the fact there is an "internal" row in pg_depend for
    -- the view...
    from pg_class as dependent_class
    join pg_namespace as dependent_namespace on dependent_namespace.oid = dependent_class.relnamespace
    join pg_depend as dependent_depend on dependent_depend.refobjid = dependent_class.oid
        and dependent_depend.classid = 'pg_rewrite'::regclass
        and dependent_depend.refclassid = 'pg_class'::regclass
        and dependent_depend.deptype = 'i'

    -- ... and via pg_depend (that has a row per column, hence the need for "distinct" above, and
    -- making sure to exclude the internal row to avoid a view appearing to depend on itself)...
    join pg_depend as joining_depend on joining_depend.objid = dependent_depend.objid
        and joining_depend.classid = 'pg_rewrite'::regclass
        and joining_depend.refclassid = 'pg_class'::regclass
        and joining_depend.refobjid != dependent_depend.refobjid

    -- ... we can find the tables they query from in pg_class, but excluding system tables. Note we
    -- don't need need to exclude _dependent_ system tables, because they only query from other
    -- system tables, and so are automatically excluded by excluding _referenced_ system tables
    join pg_class as referenced_class on referenced_class.oid = joining_depend.refobjid
    join pg_namespace as referenced_namespace on referenced_namespace.oid = referenced_class.relnamespace
        and referenced_namespace.nspname != 'information_schema'
        and referenced_namespace.nspname not like 'pg\_%'

    order by
        dependent_schema, dependent_name, referenced_schema, referenced_name;
[0m15:17:15.417235 [debug] [MainThread]: Opening a new connection, currently in state init
[0m15:17:15.478218 [debug] [MainThread]: SQL status: SELECT 2 in 0.058 seconds
[0m15:17:15.478218 [debug] [MainThread]: Sending event: {'category': 'dbt', 'action': 'runnable_timing', 'label': 'ecc5f6d4-6f61-41c5-ab3f-55fbef238055', 'context': [<snowplow_tracker.self_describing_json.SelfDescribingJson object at 0x000001776D5D4AD0>]}
[0m15:17:15.478218 [debug] [MainThread]: On master: ROLLBACK
[0m15:17:15.478218 [debug] [MainThread]: On master: COMMIT
[0m15:17:15.478218 [debug] [MainThread]: Using postgres connection "master"
[0m15:17:15.478218 [debug] [MainThread]: On master: COMMIT
[0m15:17:15.478218 [debug] [MainThread]: SQL status: COMMIT in 0.000 seconds
[0m15:17:15.478218 [debug] [MainThread]: On master: Close
[0m15:17:15.486846 [debug] [Thread-1 (]: Began running node model.jeans_mfg_data_pipeline.stg_unpivoted_orders
[0m15:17:15.489292 [info ] [Thread-1 (]: 1 of 2 START sql view model public_staging.stg_unpivoted_orders ................ [RUN]
[0m15:17:15.489292 [debug] [Thread-1 (]: Acquiring new postgres connection 'model.jeans_mfg_data_pipeline.stg_unpivoted_orders'
[0m15:17:15.489292 [debug] [Thread-1 (]: Began compiling node model.jeans_mfg_data_pipeline.stg_unpivoted_orders
[0m15:17:15.549366 [debug] [Thread-1 (]: Writing injected SQL for node "model.jeans_mfg_data_pipeline.stg_unpivoted_orders"
[0m15:17:15.549366 [debug] [Thread-1 (]: Began executing node model.jeans_mfg_data_pipeline.stg_unpivoted_orders
[0m15:17:15.595030 [debug] [Thread-1 (]: Writing runtime sql for node "model.jeans_mfg_data_pipeline.stg_unpivoted_orders"
[0m15:17:15.595030 [debug] [Thread-1 (]: Using postgres connection "model.jeans_mfg_data_pipeline.stg_unpivoted_orders"
[0m15:17:15.595030 [debug] [Thread-1 (]: On model.jeans_mfg_data_pipeline.stg_unpivoted_orders: /* {"app": "dbt", "dbt_version": "1.11.2", "profile_name": "jeans_mfg_data_pipeline", "target_name": "dev", "node_id": "model.jeans_mfg_data_pipeline.stg_unpivoted_orders"} */

  create view "postgres"."public_staging"."stg_unpivoted_orders__dbt_tmp"
    
    
  as (
    -- models/staging/stg_unpivoted_orders.sql



WITH source_orders AS (

    SELECT *
    FROM "postgres"."raw"."raw_orders"

),

unpivoted AS (

    SELECT
        o.order_form_no,
        o.order_date,
        o.buyer_name,
        o.buyer_location,
        o.s_no,
        o.style_number,
        o.unit_price,
        o.line_item_total,
        o.total_qty_line_item,
        o.ingested_at,
        u.size,
        u.quantity_ordered AS quantity
    FROM source_orders o
    CROSS JOIN LATERAL (
        VALUES
            ('18', o.size_18_qty),
            ('20', o.size_20_qty),
            ('22', o.size_22_qty),
            ('24', o.size_24_qty),
            ('26', o.size_26_qty),
            ('28', o.size_28_qty),
            ('30', o.size_30_qty),
            ('32', o.size_32_qty),
            ('34', o.size_34_qty),
            ('36', o.size_36_qty),
            ('38', o.size_38_qty),
            ('40', o.size_40_qty),
            ('42', o.size_42_qty)
    ) AS u(size, quantity_ordered)

)

SELECT *
FROM unpivoted
WHERE quantity > 0
  );
[0m15:17:15.595030 [debug] [Thread-1 (]: Opening a new connection, currently in state init
[0m15:17:15.771633 [debug] [Thread-1 (]: SQL status: CREATE VIEW in 0.174 seconds
[0m15:17:15.771633 [debug] [Thread-1 (]: Using postgres connection "model.jeans_mfg_data_pipeline.stg_unpivoted_orders"
[0m15:17:15.771633 [debug] [Thread-1 (]: On model.jeans_mfg_data_pipeline.stg_unpivoted_orders: /* {"app": "dbt", "dbt_version": "1.11.2", "profile_name": "jeans_mfg_data_pipeline", "target_name": "dev", "node_id": "model.jeans_mfg_data_pipeline.stg_unpivoted_orders"} */
alter table "postgres"."public_staging"."stg_unpivoted_orders" rename to "stg_unpivoted_orders__dbt_backup"
[0m15:17:15.771633 [debug] [Thread-1 (]: SQL status: ALTER TABLE in 0.001 seconds
[0m15:17:15.787685 [debug] [Thread-1 (]: Using postgres connection "model.jeans_mfg_data_pipeline.stg_unpivoted_orders"
[0m15:17:15.787685 [debug] [Thread-1 (]: On model.jeans_mfg_data_pipeline.stg_unpivoted_orders: /* {"app": "dbt", "dbt_version": "1.11.2", "profile_name": "jeans_mfg_data_pipeline", "target_name": "dev", "node_id": "model.jeans_mfg_data_pipeline.stg_unpivoted_orders"} */
alter table "postgres"."public_staging"."stg_unpivoted_orders__dbt_tmp" rename to "stg_unpivoted_orders"
[0m15:17:15.787685 [debug] [Thread-1 (]: SQL status: ALTER TABLE in 0.001 seconds
[0m15:17:15.803417 [debug] [Thread-1 (]: On model.jeans_mfg_data_pipeline.stg_unpivoted_orders: COMMIT
[0m15:17:15.803417 [debug] [Thread-1 (]: Using postgres connection "model.jeans_mfg_data_pipeline.stg_unpivoted_orders"
[0m15:17:15.803417 [debug] [Thread-1 (]: On model.jeans_mfg_data_pipeline.stg_unpivoted_orders: COMMIT
[0m15:17:15.819491 [debug] [Thread-1 (]: SQL status: COMMIT in 0.011 seconds
[0m15:17:15.819491 [debug] [Thread-1 (]: Applying DROP to: "postgres"."public_staging"."stg_unpivoted_orders__dbt_backup"
[0m15:17:15.819491 [debug] [Thread-1 (]: Using postgres connection "model.jeans_mfg_data_pipeline.stg_unpivoted_orders"
[0m15:17:15.819491 [debug] [Thread-1 (]: On model.jeans_mfg_data_pipeline.stg_unpivoted_orders: /* {"app": "dbt", "dbt_version": "1.11.2", "profile_name": "jeans_mfg_data_pipeline", "target_name": "dev", "node_id": "model.jeans_mfg_data_pipeline.stg_unpivoted_orders"} */
drop view if exists "postgres"."public_staging"."stg_unpivoted_orders__dbt_backup" cascade
[0m15:17:15.867987 [debug] [Thread-1 (]: SQL status: DROP VIEW in 0.035 seconds
[0m15:17:15.870179 [debug] [Thread-1 (]: On model.jeans_mfg_data_pipeline.stg_unpivoted_orders: Close
[0m15:17:15.872186 [debug] [Thread-1 (]: Sending event: {'category': 'dbt', 'action': 'run_model', 'label': 'ecc5f6d4-6f61-41c5-ab3f-55fbef238055', 'context': [<snowplow_tracker.self_describing_json.SelfDescribingJson object at 0x000001776B96D390>]}
[0m15:17:15.874194 [info ] [Thread-1 (]: 1 of 2 OK created sql view model public_staging.stg_unpivoted_orders ........... [[32mCREATE VIEW[0m in 0.38s]
[0m15:17:15.874194 [debug] [Thread-1 (]: Finished running node model.jeans_mfg_data_pipeline.stg_unpivoted_orders
[0m15:17:15.874194 [debug] [Thread-1 (]: Began running node model.jeans_mfg_data_pipeline.fact_material_requirements
[0m15:17:15.874194 [info ] [Thread-1 (]: 2 of 2 START sql table model public_marts.fact_material_requirements ........... [RUN]
[0m15:17:15.883680 [debug] [Thread-1 (]: Re-using an available connection from the pool (formerly model.jeans_mfg_data_pipeline.stg_unpivoted_orders, now model.jeans_mfg_data_pipeline.fact_material_requirements)
[0m15:17:15.884736 [debug] [Thread-1 (]: Began compiling node model.jeans_mfg_data_pipeline.fact_material_requirements
[0m15:17:15.888786 [debug] [Thread-1 (]: Writing injected SQL for node "model.jeans_mfg_data_pipeline.fact_material_requirements"
[0m15:17:15.889746 [debug] [Thread-1 (]: Began executing node model.jeans_mfg_data_pipeline.fact_material_requirements
[0m15:17:15.931115 [debug] [Thread-1 (]: Writing runtime sql for node "model.jeans_mfg_data_pipeline.fact_material_requirements"
[0m15:17:15.932118 [debug] [Thread-1 (]: Using postgres connection "model.jeans_mfg_data_pipeline.fact_material_requirements"
[0m15:17:15.932118 [debug] [Thread-1 (]: On model.jeans_mfg_data_pipeline.fact_material_requirements: /* {"app": "dbt", "dbt_version": "1.11.2", "profile_name": "jeans_mfg_data_pipeline", "target_name": "dev", "node_id": "model.jeans_mfg_data_pipeline.fact_material_requirements"} */

  
    

  create  table "postgres"."public_marts"."fact_material_requirements__dbt_tmp"
  
  
    as
  
  (
    -- models/marts/fact_material_requirements.sql

 -- Final models are often tables for performance

SELECT
    o.order_form_no,
    o.order_date,
    o.buyer_name,
    o.buyer_location,
    o.s_no,
    o.style_number,
    CAST(o.size AS INT) AS size, -- Cast size_text back to INT for joining
    o.quantity, -- Renamed from quantity_ordered in staging
    b.material_type,
    b.material_qty_per_unit,
    b.unit_of_measure,
    -- Calculate total material needed for this line item
    o.quantity * b.material_qty_per_unit AS total_material_needed_for_line_item,
    o.ingested_at AS order_ingested_at,
    b.ingested_at AS bom_ingested_at
FROM
    "postgres"."public_staging"."stg_unpivoted_orders" o -- Reference our staging model
JOIN
    "postgres"."raw"."raw_bill_of_materials" b -- Reference the BOM source
ON
    o.style_number = b.style_number
    AND CAST(o.size AS INT) = b.size -- Cast to INT for join
WHERE
    o.quantity > 0
  );
  
[0m15:17:15.932118 [debug] [Thread-1 (]: Opening a new connection, currently in state closed
[0m15:17:16.012157 [debug] [Thread-1 (]: SQL status: SELECT 0 in 0.075 seconds
[0m15:17:16.012157 [debug] [Thread-1 (]: Using postgres connection "model.jeans_mfg_data_pipeline.fact_material_requirements"
[0m15:17:16.012157 [debug] [Thread-1 (]: On model.jeans_mfg_data_pipeline.fact_material_requirements: /* {"app": "dbt", "dbt_version": "1.11.2", "profile_name": "jeans_mfg_data_pipeline", "target_name": "dev", "node_id": "model.jeans_mfg_data_pipeline.fact_material_requirements"} */
alter table "postgres"."public_marts"."fact_material_requirements" rename to "fact_material_requirements__dbt_backup"
[0m15:17:16.012157 [debug] [Thread-1 (]: SQL status: ALTER TABLE in 0.000 seconds
[0m15:17:16.012157 [debug] [Thread-1 (]: Using postgres connection "model.jeans_mfg_data_pipeline.fact_material_requirements"
[0m15:17:16.012157 [debug] [Thread-1 (]: On model.jeans_mfg_data_pipeline.fact_material_requirements: /* {"app": "dbt", "dbt_version": "1.11.2", "profile_name": "jeans_mfg_data_pipeline", "target_name": "dev", "node_id": "model.jeans_mfg_data_pipeline.fact_material_requirements"} */
alter table "postgres"."public_marts"."fact_material_requirements__dbt_tmp" rename to "fact_material_requirements"
[0m15:17:16.012157 [debug] [Thread-1 (]: SQL status: ALTER TABLE in 0.000 seconds
[0m15:17:16.012157 [debug] [Thread-1 (]: On model.jeans_mfg_data_pipeline.fact_material_requirements: COMMIT
[0m15:17:16.012157 [debug] [Thread-1 (]: Using postgres connection "model.jeans_mfg_data_pipeline.fact_material_requirements"
[0m15:17:16.028630 [debug] [Thread-1 (]: On model.jeans_mfg_data_pipeline.fact_material_requirements: COMMIT
[0m15:17:16.037705 [debug] [Thread-1 (]: SQL status: COMMIT in 0.008 seconds
[0m15:17:16.040746 [debug] [Thread-1 (]: Applying DROP to: "postgres"."public_marts"."fact_material_requirements__dbt_backup"
[0m15:17:16.043744 [debug] [Thread-1 (]: Using postgres connection "model.jeans_mfg_data_pipeline.fact_material_requirements"
[0m15:17:16.043744 [debug] [Thread-1 (]: On model.jeans_mfg_data_pipeline.fact_material_requirements: /* {"app": "dbt", "dbt_version": "1.11.2", "profile_name": "jeans_mfg_data_pipeline", "target_name": "dev", "node_id": "model.jeans_mfg_data_pipeline.fact_material_requirements"} */
drop table if exists "postgres"."public_marts"."fact_material_requirements__dbt_backup" cascade
[0m15:17:16.050923 [debug] [Thread-1 (]: SQL status: DROP TABLE in 0.015 seconds
[0m15:17:16.060378 [debug] [Thread-1 (]: On model.jeans_mfg_data_pipeline.fact_material_requirements: Close
[0m15:17:16.060378 [debug] [Thread-1 (]: Sending event: {'category': 'dbt', 'action': 'run_model', 'label': 'ecc5f6d4-6f61-41c5-ab3f-55fbef238055', 'context': [<snowplow_tracker.self_describing_json.SelfDescribingJson object at 0x000001776DC5DD10>]}
[0m15:17:16.064514 [info ] [Thread-1 (]: 2 of 2 OK created sql table model public_marts.fact_material_requirements ...... [[32mSELECT 0[0m in 0.18s]
[0m15:17:16.064514 [debug] [Thread-1 (]: Finished running node model.jeans_mfg_data_pipeline.fact_material_requirements
[0m15:17:16.064514 [debug] [MainThread]: On master: COMMIT
[0m15:17:16.064514 [debug] [MainThread]: Using postgres connection "master"
[0m15:17:16.064514 [debug] [MainThread]: On master: COMMIT
[0m15:17:16.069469 [debug] [MainThread]: Opening a new connection, currently in state closed
[0m15:17:16.129066 [debug] [MainThread]: SQL status: COMMIT in 0.060 seconds
[0m15:17:16.130065 [debug] [MainThread]: On master: Close
[0m15:17:16.131066 [debug] [MainThread]: Connection 'master' was properly closed.
[0m15:17:16.131066 [debug] [MainThread]: Connection 'list_postgres' was properly closed.
[0m15:17:16.132065 [debug] [MainThread]: Connection 'list_postgres_public_marts' was properly closed.
[0m15:17:16.132065 [debug] [MainThread]: Connection 'model.jeans_mfg_data_pipeline.fact_material_requirements' was properly closed.
[0m15:17:16.133065 [info ] [MainThread]: 
[0m15:17:16.134077 [info ] [MainThread]: Finished running 1 table model, 1 view model in 0 hours 0 minutes and 1.26 seconds (1.26s).
[0m15:17:16.135065 [debug] [MainThread]: Command end result
[0m15:17:16.163805 [debug] [MainThread]: Wrote artifact WritableManifest to C:\Data Engineering\jeans_mfg_data_pipeline\target\manifest.json
[0m15:17:16.163805 [debug] [MainThread]: Wrote artifact SemanticManifest to C:\Data Engineering\jeans_mfg_data_pipeline\target\semantic_manifest.json
[0m15:17:16.181526 [debug] [MainThread]: Wrote artifact RunExecutionResult to C:\Data Engineering\jeans_mfg_data_pipeline\target\run_results.json
[0m15:17:16.181526 [info ] [MainThread]: 
[0m15:17:16.181526 [info ] [MainThread]: [32mCompleted successfully[0m
[0m15:17:16.181526 [info ] [MainThread]: 
[0m15:17:16.181526 [info ] [MainThread]: Done. PASS=2 WARN=0 ERROR=0 SKIP=0 NO-OP=0 TOTAL=2
[0m15:17:16.181526 [debug] [MainThread]: Command `dbt run` succeeded at 15:17:16.181526 after 2.56 seconds
[0m15:17:16.195256 [debug] [MainThread]: Sending event: {'category': 'dbt', 'action': 'invocation', 'label': 'end', 'context': [<snowplow_tracker.self_describing_json.SelfDescribingJson object at 0x000001776C1EFFD0>, <snowplow_tracker.self_describing_json.SelfDescribingJson object at 0x000001776C16B290>, <snowplow_tracker.self_describing_json.SelfDescribingJson object at 0x000001776B2B3450>]}
[0m15:17:16.195256 [debug] [MainThread]: Flushing usage events
[0m15:17:17.223495 [debug] [MainThread]: An error was encountered while trying to flush usage events
[0m15:32:10.990672 [debug] [MainThread]: Sending event: {'category': 'dbt', 'action': 'invocation', 'label': 'start', 'context': [<snowplow_tracker.self_describing_json.SelfDescribingJson object at 0x00000264C311FFD0>, <snowplow_tracker.self_describing_json.SelfDescribingJson object at 0x00000264C2EBD4D0>, <snowplow_tracker.self_describing_json.SelfDescribingJson object at 0x00000264C2EBD6D0>]}


============================== 15:32:10.990672 | f7591df9-8208-4202-8f27-821963f1ff55 ==============================
[0m15:32:10.990672 [info ] [MainThread]: Running with dbt=1.11.2
[0m15:32:10.990672 [debug] [MainThread]: running dbt with arguments {'version_check': 'True', 'no_print': 'None', 'static_parser': 'True', 'warn_error_options': 'WarnErrorOptionsV2(error=[], warn=[], silence=[])', 'target_path': 'None', 'printer_width': '80', 'write_json': 'True', 'introspect': 'True', 'log_cache_events': 'False', 'empty': 'None', 'cache_selected_only': 'False', 'fail_fast': 'False', 'debug': 'False', 'log_format': 'default', 'partial_parse': 'True', 'send_anonymous_usage_stats': 'True', 'quiet': 'False', 'warn_error': 'None', 'profiles_dir': 'C:\\Data Engineering\\jeans_mfg_data_pipeline', 'invocation_command': 'dbt debug', 'indirect_selection': 'eager', 'use_colors': 'True', 'use_experimental_parser': 'False', 'log_path': 'C:\\Data Engineering\\jeans_mfg_data_pipeline\\logs'}
[0m15:32:11.022864 [info ] [MainThread]: dbt version: 1.11.2
[0m15:32:11.025767 [info ] [MainThread]: python version: 3.11.9
[0m15:32:11.026781 [info ] [MainThread]: python path: C:\Data Engineering\jeans_mfg_data_pipeline\venv\Scripts\python.exe
[0m15:32:11.027780 [info ] [MainThread]: os info: Windows-10-10.0.26220-SP0
[0m15:32:11.173988 [info ] [MainThread]: Using profiles dir at C:\Data Engineering\jeans_mfg_data_pipeline
[0m15:32:11.173988 [info ] [MainThread]: Using profiles.yml file at C:\Data Engineering\jeans_mfg_data_pipeline\profiles.yml
[0m15:32:11.173988 [info ] [MainThread]: Using dbt_project.yml file at C:\Data Engineering\jeans_mfg_data_pipeline\dbt_project.yml
[0m15:32:11.189670 [info ] [MainThread]: adapter type: postgres
[0m15:32:11.189670 [info ] [MainThread]: adapter version: 1.10.0
[0m15:32:11.337019 [info ] [MainThread]: Configuration:
[0m15:32:11.337019 [info ] [MainThread]:   profiles.yml file [[32mOK found and valid[0m]
[0m15:32:11.341541 [info ] [MainThread]:   dbt_project.yml file [[32mOK found and valid[0m]
[0m15:32:11.341541 [info ] [MainThread]: Required dependencies:
[0m15:32:11.341541 [debug] [MainThread]: Executing "git --help"
[0m15:32:11.653875 [debug] [MainThread]: STDOUT: "b"usage: git [-v | --version] [-h | --help] [-C <path>] [-c <name>=<value>]\n           [--exec-path[=<path>]] [--html-path] [--man-path] [--info-path]\n           [-p | --paginate | -P | --no-pager] [--no-replace-objects] [--no-lazy-fetch]\n           [--no-optional-locks] [--no-advice] [--bare] [--git-dir=<path>]\n           [--work-tree=<path>] [--namespace=<name>] [--config-env=<name>=<envvar>]\n           <command> [<args>]\n\nThese are common Git commands used in various situations:\n\nstart a working area (see also: git help tutorial)\n   clone      Clone a repository into a new directory\n   init       Create an empty Git repository or reinitialize an existing one\n\nwork on the current change (see also: git help everyday)\n   add        Add file contents to the index\n   mv         Move or rename a file, a directory, or a symlink\n   restore    Restore working tree files\n   rm         Remove files from the working tree and from the index\n\nexamine the history and state (see also: git help revisions)\n   bisect     Use binary search to find the commit that introduced a bug\n   diff       Show changes between commits, commit and working tree, etc\n   grep       Print lines matching a pattern\n   log        Show commit logs\n   show       Show various types of objects\n   status     Show the working tree status\n\ngrow, mark and tweak your common history\n   backfill   Download missing objects in a partial clone\n   branch     List, create, or delete branches\n   commit     Record changes to the repository\n   merge      Join two or more development histories together\n   rebase     Reapply commits on top of another base tip\n   reset      Reset current HEAD to the specified state\n   switch     Switch branches\n   tag        Create, list, delete or verify tags\n\ncollaborate (see also: git help workflows)\n   fetch      Download objects and refs from another repository\n   pull       Fetch from and integrate with another repository or a local branch\n   push       Update remote refs along with associated objects\n\n'git help -a' and 'git help -g' list available subcommands and some\nconcept guides. See 'git help <command>' or 'git help <concept>'\nto read about a specific subcommand or concept.\nSee 'git help git' for an overview of the system.\n""
[0m15:32:11.653875 [debug] [MainThread]: STDERR: "b''"
[0m15:32:11.653875 [info ] [MainThread]:  - git [[32mOK found[0m]

[0m15:32:11.653875 [info ] [MainThread]: Connection:
[0m15:32:11.653875 [info ] [MainThread]:   host: localhost
[0m15:32:11.653875 [info ] [MainThread]:   port: 5432
[0m15:32:11.669650 [info ] [MainThread]:   user: dbt_user
[0m15:32:11.669650 [info ] [MainThread]:   database: postgres
[0m15:32:11.669650 [info ] [MainThread]:   schema: analytics
[0m15:32:11.669650 [info ] [MainThread]:   connect_timeout: 10
[0m15:32:11.673122 [info ] [MainThread]:   role: None
[0m15:32:11.674132 [info ] [MainThread]:   search_path: None
[0m15:32:11.675134 [info ] [MainThread]:   keepalives_idle: 0
[0m15:32:11.675738 [info ] [MainThread]:   sslmode: None
[0m15:32:11.676964 [info ] [MainThread]:   sslcert: None
[0m15:32:11.677960 [info ] [MainThread]:   sslkey: None
[0m15:32:11.678997 [info ] [MainThread]:   sslrootcert: None
[0m15:32:11.679963 [info ] [MainThread]:   application_name: dbt
[0m15:32:11.680959 [info ] [MainThread]:   retries: 1
[0m15:32:11.681959 [info ] [MainThread]: Registered adapter: postgres=1.10.0
[0m15:32:12.188095 [debug] [MainThread]: Acquiring new postgres connection 'debug'
[0m15:32:12.315695 [debug] [MainThread]: Using postgres connection "debug"
[0m15:32:12.315695 [debug] [MainThread]: On debug: select 1 as id
[0m15:32:12.315695 [debug] [MainThread]: Opening a new connection, currently in state init
[0m15:32:12.476629 [debug] [MainThread]: SQL status: SELECT 1 in 0.171 seconds
[0m15:32:12.476629 [debug] [MainThread]: On debug: Close
[0m15:32:12.476629 [info ] [MainThread]:   Connection test: [[32mOK connection ok[0m]

[0m15:32:12.492399 [info ] [MainThread]: [32mAll checks passed![0m
[0m15:32:12.492399 [debug] [MainThread]: Command `dbt debug` succeeded at 15:32:12.492399 after 1.61 seconds
[0m15:32:12.492399 [debug] [MainThread]: Connection 'debug' was properly closed.
[0m15:32:12.492399 [debug] [MainThread]: Sending event: {'category': 'dbt', 'action': 'invocation', 'label': 'end', 'context': [<snowplow_tracker.self_describing_json.SelfDescribingJson object at 0x00000264C2EB7610>, <snowplow_tracker.self_describing_json.SelfDescribingJson object at 0x00000264BC6AAC10>, <snowplow_tracker.self_describing_json.SelfDescribingJson object at 0x00000264C439CA90>]}
[0m15:32:12.492399 [debug] [MainThread]: Flushing usage events
[0m15:32:13.591739 [debug] [MainThread]: An error was encountered while trying to flush usage events
[0m15:32:39.152393 [debug] [MainThread]: Sending event: {'category': 'dbt', 'action': 'invocation', 'label': 'start', 'context': [<snowplow_tracker.self_describing_json.SelfDescribingJson object at 0x000001F5B4A07F50>, <snowplow_tracker.self_describing_json.SelfDescribingJson object at 0x000001F5B474D950>, <snowplow_tracker.self_describing_json.SelfDescribingJson object at 0x000001F5B49AC290>]}


============================== 15:32:39.152393 | e31c24dd-41d4-4a65-bb1a-0af171e96023 ==============================
[0m15:32:39.152393 [info ] [MainThread]: Running with dbt=1.11.2
[0m15:32:39.152393 [debug] [MainThread]: running dbt with arguments {'static_parser': 'True', 'no_print': 'None', 'version_check': 'True', 'warn_error_options': 'WarnErrorOptionsV2(error=[], warn=[], silence=[])', 'target_path': 'None', 'printer_width': '80', 'write_json': 'True', 'empty': 'False', 'log_cache_events': 'False', 'introspect': 'True', 'cache_selected_only': 'False', 'fail_fast': 'False', 'debug': 'False', 'log_format': 'default', 'profiles_dir': 'C:\\Data Engineering\\jeans_mfg_data_pipeline', 'send_anonymous_usage_stats': 'True', 'quiet': 'False', 'warn_error': 'None', 'partial_parse': 'True', 'indirect_selection': 'eager', 'invocation_command': 'dbt run --full-refresh', 'use_colors': 'True', 'use_experimental_parser': 'False', 'log_path': 'C:\\Data Engineering\\jeans_mfg_data_pipeline\\logs'}
[0m15:32:39.466202 [debug] [MainThread]: Sending event: {'category': 'dbt', 'action': 'project_id', 'label': 'e31c24dd-41d4-4a65-bb1a-0af171e96023', 'context': [<snowplow_tracker.self_describing_json.SelfDescribingJson object at 0x000001F5B49A7B10>]}
[0m15:32:39.545342 [debug] [MainThread]: Sending event: {'category': 'dbt', 'action': 'adapter_info', 'label': 'e31c24dd-41d4-4a65-bb1a-0af171e96023', 'context': [<snowplow_tracker.self_describing_json.SelfDescribingJson object at 0x000001F5B11E4210>]}
[0m15:32:39.561246 [info ] [MainThread]: Registered adapter: postgres=1.10.0
[0m15:32:40.040961 [debug] [MainThread]: checksum: 3d40d8bbe1bef07db1c24822f2dbfff8bc07f2a48ed4fe2658a40653aec0b54b, vars: {}, profile: , target: , version: 1.11.2
[0m15:32:40.138435 [info ] [MainThread]: Unable to do partial parsing because profile has changed
[0m15:32:40.154611 [info ] [MainThread]: Unable to do partial parsing because a project config has changed
[0m15:32:40.154611 [debug] [MainThread]: Sending event: {'category': 'dbt', 'action': 'partial_parser', 'label': 'e31c24dd-41d4-4a65-bb1a-0af171e96023', 'context': [<snowplow_tracker.self_describing_json.SelfDescribingJson object at 0x000001F5B3A42A50>]}
[0m15:32:41.490374 [debug] [MainThread]: Sending event: {'category': 'dbt', 'action': 'load_project', 'label': 'e31c24dd-41d4-4a65-bb1a-0af171e96023', 'context': [<snowplow_tracker.self_describing_json.SelfDescribingJson object at 0x000001F5B4A148D0>]}
[0m15:32:41.623719 [debug] [MainThread]: Wrote artifact WritableManifest to C:\Data Engineering\jeans_mfg_data_pipeline\target\manifest.json
[0m15:32:41.641063 [debug] [MainThread]: Wrote artifact SemanticManifest to C:\Data Engineering\jeans_mfg_data_pipeline\target\semantic_manifest.json
[0m15:32:41.670725 [debug] [MainThread]: Sending event: {'category': 'dbt', 'action': 'resource_counts', 'label': 'e31c24dd-41d4-4a65-bb1a-0af171e96023', 'context': [<snowplow_tracker.self_describing_json.SelfDescribingJson object at 0x000001F5B630A590>]}
[0m15:32:41.670725 [info ] [MainThread]: Found 3 models, 2 sources, 465 macros
[0m15:32:41.670725 [debug] [MainThread]: Sending event: {'category': 'dbt', 'action': 'runnable_timing', 'label': 'e31c24dd-41d4-4a65-bb1a-0af171e96023', 'context': [<snowplow_tracker.self_describing_json.SelfDescribingJson object at 0x000001F5B61B3C50>]}
[0m15:32:41.678383 [info ] [MainThread]: 
[0m15:32:41.680395 [info ] [MainThread]: Concurrency: 1 threads (target='dev')
[0m15:32:41.683109 [info ] [MainThread]: 
[0m15:32:41.686111 [debug] [MainThread]: Acquiring new postgres connection 'master'
[0m15:32:41.701368 [debug] [ThreadPool]: Acquiring new postgres connection 'list_postgres'
[0m15:32:41.887699 [debug] [ThreadPool]: Using postgres connection "list_postgres"
[0m15:32:41.889708 [debug] [ThreadPool]: On list_postgres: /* {"app": "dbt", "dbt_version": "1.11.2", "profile_name": "jeans_mfg_data_pipeline", "target_name": "dev", "connection_name": "list_postgres"} */

    select distinct nspname from pg_namespace
  
[0m15:32:41.889708 [debug] [ThreadPool]: Opening a new connection, currently in state init
[0m15:32:41.980784 [debug] [ThreadPool]: SQL status: SELECT 12 in 0.090 seconds
[0m15:32:41.982533 [debug] [ThreadPool]: On list_postgres: Close
[0m15:32:41.988691 [debug] [ThreadPool]: Using postgres connection "list_postgres"
[0m15:32:41.988691 [debug] [ThreadPool]: On list_postgres: /* {"app": "dbt", "dbt_version": "1.11.2", "profile_name": "jeans_mfg_data_pipeline", "target_name": "dev", "connection_name": "list_postgres"} */

    select distinct nspname from pg_namespace
  
[0m15:32:41.988691 [debug] [ThreadPool]: Opening a new connection, currently in state closed
[0m15:32:42.065097 [debug] [ThreadPool]: SQL status: SELECT 12 in 0.074 seconds
[0m15:32:42.065097 [debug] [ThreadPool]: On list_postgres: Close
[0m15:32:42.065097 [debug] [ThreadPool]: Re-using an available connection from the pool (formerly list_postgres, now create_postgres_staging)
[0m15:32:42.065097 [debug] [ThreadPool]: Creating schema "database: "postgres"
schema: "staging"
"
[0m15:32:42.077471 [debug] [ThreadPool]: Using postgres connection "create_postgres_staging"
[0m15:32:42.079479 [debug] [ThreadPool]: On create_postgres_staging: /* {"app": "dbt", "dbt_version": "1.11.2", "profile_name": "jeans_mfg_data_pipeline", "target_name": "dev", "connection_name": "create_postgres_staging"} */
create schema if not exists "staging"
[0m15:32:42.079479 [debug] [ThreadPool]: Opening a new connection, currently in state closed
[0m15:32:42.160566 [debug] [ThreadPool]: SQL status: CREATE SCHEMA in 0.087 seconds
[0m15:32:42.160566 [debug] [ThreadPool]: On create_postgres_staging: COMMIT
[0m15:32:42.160566 [debug] [ThreadPool]: Using postgres connection "create_postgres_staging"
[0m15:32:42.160566 [debug] [ThreadPool]: On create_postgres_staging: COMMIT
[0m15:32:42.172219 [debug] [ThreadPool]: SQL status: COMMIT in 0.009 seconds
[0m15:32:42.172219 [debug] [ThreadPool]: On create_postgres_staging: Close
[0m15:32:42.183297 [debug] [ThreadPool]: Re-using an available connection from the pool (formerly create_postgres_staging, now create_postgres_marts)
[0m15:32:42.183297 [debug] [ThreadPool]: Creating schema "database: "postgres"
schema: "marts"
"
[0m15:32:42.188326 [debug] [ThreadPool]: Using postgres connection "create_postgres_marts"
[0m15:32:42.188326 [debug] [ThreadPool]: On create_postgres_marts: /* {"app": "dbt", "dbt_version": "1.11.2", "profile_name": "jeans_mfg_data_pipeline", "target_name": "dev", "connection_name": "create_postgres_marts"} */
create schema if not exists "marts"
[0m15:32:42.190337 [debug] [ThreadPool]: Opening a new connection, currently in state closed
[0m15:32:42.266594 [debug] [ThreadPool]: SQL status: CREATE SCHEMA in 0.080 seconds
[0m15:32:42.271695 [debug] [ThreadPool]: On create_postgres_marts: COMMIT
[0m15:32:42.271695 [debug] [ThreadPool]: Using postgres connection "create_postgres_marts"
[0m15:32:42.271695 [debug] [ThreadPool]: On create_postgres_marts: COMMIT
[0m15:32:42.271695 [debug] [ThreadPool]: SQL status: COMMIT in 0.008 seconds
[0m15:32:42.271695 [debug] [ThreadPool]: On create_postgres_marts: Close
[0m15:32:42.271695 [debug] [ThreadPool]: Acquiring new postgres connection 'list_postgres_staging'
[0m15:32:42.287340 [debug] [ThreadPool]: Using postgres connection "list_postgres_staging"
[0m15:32:42.287340 [debug] [ThreadPool]: On list_postgres_staging: /* {"app": "dbt", "dbt_version": "1.11.2", "profile_name": "jeans_mfg_data_pipeline", "target_name": "dev", "connection_name": "list_postgres_staging"} */
select
      'postgres' as database,
      tablename as name,
      schemaname as schema,
      'table' as type
    from pg_tables
    where schemaname ilike 'staging'
    union all
    select
      'postgres' as database,
      viewname as name,
      schemaname as schema,
      'view' as type
    from pg_views
    where schemaname ilike 'staging'
    union all
    select
      'postgres' as database,
      matviewname as name,
      schemaname as schema,
      'materialized_view' as type
    from pg_matviews
    where schemaname ilike 'staging'
  
[0m15:32:42.287340 [debug] [ThreadPool]: Opening a new connection, currently in state init
[0m15:32:42.366362 [debug] [ThreadPool]: SQL status: SELECT 0 in 0.071 seconds
[0m15:32:42.366362 [debug] [ThreadPool]: On list_postgres_staging: ROLLBACK
[0m15:32:42.366362 [debug] [ThreadPool]: On list_postgres_staging: Close
[0m15:32:42.366362 [debug] [ThreadPool]: Re-using an available connection from the pool (formerly list_postgres_staging, now list_postgres_marts)
[0m15:32:42.366362 [debug] [ThreadPool]: Using postgres connection "list_postgres_marts"
[0m15:32:42.366362 [debug] [ThreadPool]: On list_postgres_marts: /* {"app": "dbt", "dbt_version": "1.11.2", "profile_name": "jeans_mfg_data_pipeline", "target_name": "dev", "connection_name": "list_postgres_marts"} */
select
      'postgres' as database,
      tablename as name,
      schemaname as schema,
      'table' as type
    from pg_tables
    where schemaname ilike 'marts'
    union all
    select
      'postgres' as database,
      viewname as name,
      schemaname as schema,
      'view' as type
    from pg_views
    where schemaname ilike 'marts'
    union all
    select
      'postgres' as database,
      matviewname as name,
      schemaname as schema,
      'materialized_view' as type
    from pg_matviews
    where schemaname ilike 'marts'
  
[0m15:32:42.366362 [debug] [ThreadPool]: Opening a new connection, currently in state closed
[0m15:32:42.436776 [debug] [ThreadPool]: SQL status: SELECT 0 in 0.062 seconds
[0m15:32:42.438777 [debug] [ThreadPool]: On list_postgres_marts: ROLLBACK
[0m15:32:42.439745 [debug] [ThreadPool]: On list_postgres_marts: Close
[0m15:32:42.444774 [debug] [MainThread]: Using postgres connection "master"
[0m15:32:42.445775 [debug] [MainThread]: On master: /* {"app": "dbt", "dbt_version": "1.11.2", "profile_name": "jeans_mfg_data_pipeline", "target_name": "dev", "connection_name": "master"} */
select distinct
        dependent_namespace.nspname as dependent_schema,
        dependent_class.relname as dependent_name,
        referenced_namespace.nspname as referenced_schema,
        referenced_class.relname as referenced_name

    -- Query for views: views are entries in pg_class with an entry in pg_rewrite, but we avoid
    -- a seq scan on pg_rewrite by leveraging the fact there is an "internal" row in pg_depend for
    -- the view...
    from pg_class as dependent_class
    join pg_namespace as dependent_namespace on dependent_namespace.oid = dependent_class.relnamespace
    join pg_depend as dependent_depend on dependent_depend.refobjid = dependent_class.oid
        and dependent_depend.classid = 'pg_rewrite'::regclass
        and dependent_depend.refclassid = 'pg_class'::regclass
        and dependent_depend.deptype = 'i'

    -- ... and via pg_depend (that has a row per column, hence the need for "distinct" above, and
    -- making sure to exclude the internal row to avoid a view appearing to depend on itself)...
    join pg_depend as joining_depend on joining_depend.objid = dependent_depend.objid
        and joining_depend.classid = 'pg_rewrite'::regclass
        and joining_depend.refclassid = 'pg_class'::regclass
        and joining_depend.refobjid != dependent_depend.refobjid

    -- ... we can find the tables they query from in pg_class, but excluding system tables. Note we
    -- don't need need to exclude _dependent_ system tables, because they only query from other
    -- system tables, and so are automatically excluded by excluding _referenced_ system tables
    join pg_class as referenced_class on referenced_class.oid = joining_depend.refobjid
    join pg_namespace as referenced_namespace on referenced_namespace.oid = referenced_class.relnamespace
        and referenced_namespace.nspname != 'information_schema'
        and referenced_namespace.nspname not like 'pg\_%'

    order by
        dependent_schema, dependent_name, referenced_schema, referenced_name;
[0m15:32:42.445775 [debug] [MainThread]: Opening a new connection, currently in state init
[0m15:32:42.504663 [debug] [MainThread]: SQL status: SELECT 2 in 0.064 seconds
[0m15:32:42.504663 [debug] [MainThread]: Sending event: {'category': 'dbt', 'action': 'runnable_timing', 'label': 'e31c24dd-41d4-4a65-bb1a-0af171e96023', 'context': [<snowplow_tracker.self_describing_json.SelfDescribingJson object at 0x000001F5B65CFC90>]}
[0m15:32:42.504663 [debug] [MainThread]: On master: ROLLBACK
[0m15:32:42.504663 [debug] [MainThread]: On master: COMMIT
[0m15:32:42.504663 [debug] [MainThread]: Using postgres connection "master"
[0m15:32:42.504663 [debug] [MainThread]: On master: COMMIT
[0m15:32:42.504663 [debug] [MainThread]: SQL status: COMMIT in 0.000 seconds
[0m15:32:42.504663 [debug] [MainThread]: On master: Close
[0m15:32:42.520176 [debug] [Thread-1 (]: Began running node model.jeans_mfg_data_pipeline.stg_unpivoted_orders
[0m15:32:42.520176 [info ] [Thread-1 (]: 1 of 2 START sql view model staging.stg_unpivoted_orders ....................... [RUN]
[0m15:32:42.520176 [debug] [Thread-1 (]: Acquiring new postgres connection 'model.jeans_mfg_data_pipeline.stg_unpivoted_orders'
[0m15:32:42.520176 [debug] [Thread-1 (]: Began compiling node model.jeans_mfg_data_pipeline.stg_unpivoted_orders
[0m15:32:42.520176 [debug] [Thread-1 (]: Writing injected SQL for node "model.jeans_mfg_data_pipeline.stg_unpivoted_orders"
[0m15:32:42.520176 [debug] [Thread-1 (]: Began executing node model.jeans_mfg_data_pipeline.stg_unpivoted_orders
[0m15:32:42.584013 [debug] [Thread-1 (]: Writing runtime sql for node "model.jeans_mfg_data_pipeline.stg_unpivoted_orders"
[0m15:32:42.586015 [debug] [Thread-1 (]: Using postgres connection "model.jeans_mfg_data_pipeline.stg_unpivoted_orders"
[0m15:32:42.587013 [debug] [Thread-1 (]: On model.jeans_mfg_data_pipeline.stg_unpivoted_orders: /* {"app": "dbt", "dbt_version": "1.11.2", "profile_name": "jeans_mfg_data_pipeline", "target_name": "dev", "node_id": "model.jeans_mfg_data_pipeline.stg_unpivoted_orders"} */

  create view "postgres"."staging"."stg_unpivoted_orders__dbt_tmp"
    
    
  as (
    -- models/staging/stg_unpivoted_orders.sql



WITH source_orders AS (

    SELECT *
    FROM "postgres"."raw"."raw_orders"

),

unpivoted AS (

    SELECT
        o.order_form_no,
        o.order_date,
        o.buyer_name,
        o.buyer_location,
        o.s_no,
        o.style_number,
        o.unit_price,
        o.line_item_total,
        o.total_qty_line_item,
        o.ingested_at,
        u.size,
        u.quantity_ordered AS quantity
    FROM source_orders o
    CROSS JOIN LATERAL (
        VALUES
            ('18', o.size_18_qty),
            ('20', o.size_20_qty),
            ('22', o.size_22_qty),
            ('24', o.size_24_qty),
            ('26', o.size_26_qty),
            ('28', o.size_28_qty),
            ('30', o.size_30_qty),
            ('32', o.size_32_qty),
            ('34', o.size_34_qty),
            ('36', o.size_36_qty),
            ('38', o.size_38_qty),
            ('40', o.size_40_qty),
            ('42', o.size_42_qty)
    ) AS u(size, quantity_ordered)

)

SELECT *
FROM unpivoted
WHERE quantity > 0
  );
[0m15:32:42.587013 [debug] [Thread-1 (]: Opening a new connection, currently in state init
[0m15:32:42.654478 [debug] [Thread-1 (]: SQL status: CREATE VIEW in 0.067 seconds
[0m15:32:42.663465 [debug] [Thread-1 (]: Using postgres connection "model.jeans_mfg_data_pipeline.stg_unpivoted_orders"
[0m15:32:42.663465 [debug] [Thread-1 (]: On model.jeans_mfg_data_pipeline.stg_unpivoted_orders: /* {"app": "dbt", "dbt_version": "1.11.2", "profile_name": "jeans_mfg_data_pipeline", "target_name": "dev", "node_id": "model.jeans_mfg_data_pipeline.stg_unpivoted_orders"} */
alter table "postgres"."staging"."stg_unpivoted_orders__dbt_tmp" rename to "stg_unpivoted_orders"
[0m15:32:42.665467 [debug] [Thread-1 (]: SQL status: ALTER TABLE in 0.001 seconds
[0m15:32:42.674464 [debug] [Thread-1 (]: On model.jeans_mfg_data_pipeline.stg_unpivoted_orders: COMMIT
[0m15:32:42.674464 [debug] [Thread-1 (]: Using postgres connection "model.jeans_mfg_data_pipeline.stg_unpivoted_orders"
[0m15:32:42.674464 [debug] [Thread-1 (]: On model.jeans_mfg_data_pipeline.stg_unpivoted_orders: COMMIT
[0m15:32:42.690239 [debug] [Thread-1 (]: SQL status: COMMIT in 0.016 seconds
[0m15:32:42.720241 [debug] [Thread-1 (]: Applying DROP to: "postgres"."staging"."stg_unpivoted_orders__dbt_backup"
[0m15:32:42.728017 [debug] [Thread-1 (]: Using postgres connection "model.jeans_mfg_data_pipeline.stg_unpivoted_orders"
[0m15:32:42.728017 [debug] [Thread-1 (]: On model.jeans_mfg_data_pipeline.stg_unpivoted_orders: /* {"app": "dbt", "dbt_version": "1.11.2", "profile_name": "jeans_mfg_data_pipeline", "target_name": "dev", "node_id": "model.jeans_mfg_data_pipeline.stg_unpivoted_orders"} */
drop view if exists "postgres"."staging"."stg_unpivoted_orders__dbt_backup" cascade
[0m15:32:42.728017 [debug] [Thread-1 (]: SQL status: DROP VIEW in 0.001 seconds
[0m15:32:42.732088 [debug] [Thread-1 (]: On model.jeans_mfg_data_pipeline.stg_unpivoted_orders: Close
[0m15:32:42.734095 [debug] [Thread-1 (]: Sending event: {'category': 'dbt', 'action': 'run_model', 'label': 'e31c24dd-41d4-4a65-bb1a-0af171e96023', 'context': [<snowplow_tracker.self_describing_json.SelfDescribingJson object at 0x000001F5B65AA990>]}
[0m15:32:42.734095 [info ] [Thread-1 (]: 1 of 2 OK created sql view model staging.stg_unpivoted_orders .................. [[32mCREATE VIEW[0m in 0.21s]
[0m15:32:42.738105 [debug] [Thread-1 (]: Finished running node model.jeans_mfg_data_pipeline.stg_unpivoted_orders
[0m15:32:42.738748 [debug] [Thread-1 (]: Began running node model.jeans_mfg_data_pipeline.fact_material_requirements
[0m15:32:42.741896 [info ] [Thread-1 (]: 2 of 2 START sql table model marts.fact_material_requirements .................. [RUN]
[0m15:32:42.742887 [debug] [Thread-1 (]: Re-using an available connection from the pool (formerly model.jeans_mfg_data_pipeline.stg_unpivoted_orders, now model.jeans_mfg_data_pipeline.fact_material_requirements)
[0m15:32:42.743925 [debug] [Thread-1 (]: Began compiling node model.jeans_mfg_data_pipeline.fact_material_requirements
[0m15:32:42.748069 [debug] [Thread-1 (]: Writing injected SQL for node "model.jeans_mfg_data_pipeline.fact_material_requirements"
[0m15:32:42.749070 [debug] [Thread-1 (]: Began executing node model.jeans_mfg_data_pipeline.fact_material_requirements
[0m15:32:42.780829 [debug] [Thread-1 (]: Writing runtime sql for node "model.jeans_mfg_data_pipeline.fact_material_requirements"
[0m15:32:42.782837 [debug] [Thread-1 (]: Using postgres connection "model.jeans_mfg_data_pipeline.fact_material_requirements"
[0m15:32:42.783831 [debug] [Thread-1 (]: On model.jeans_mfg_data_pipeline.fact_material_requirements: /* {"app": "dbt", "dbt_version": "1.11.2", "profile_name": "jeans_mfg_data_pipeline", "target_name": "dev", "node_id": "model.jeans_mfg_data_pipeline.fact_material_requirements"} */

  
    

  create  table "postgres"."marts"."fact_material_requirements__dbt_tmp"
  
  
    as
  
  (
    -- models/marts/fact_material_requirements.sql

 -- Final models are often tables for performance

SELECT
    o.order_form_no,
    o.order_date,
    o.buyer_name,
    o.buyer_location,
    o.s_no,
    o.style_number,
    CAST(o.size AS INT) AS size, -- Cast size_text back to INT for joining
    o.quantity, -- Renamed from quantity_ordered in staging
    b.material_type,
    b.material_qty_per_unit,
    b.unit_of_measure,
    -- Calculate total material needed for this line item
    o.quantity * b.material_qty_per_unit AS total_material_needed_for_line_item,
    o.ingested_at AS order_ingested_at,
    b.ingested_at AS bom_ingested_at
FROM
    "postgres"."staging"."stg_unpivoted_orders" o -- Reference our staging model
JOIN
    "postgres"."raw"."raw_bill_of_materials" b -- Reference the BOM source
ON
    o.style_number = b.style_number
    AND CAST(o.size AS INT) = b.size -- Cast to INT for join
WHERE
    o.quantity > 0
  );
  
[0m15:32:42.784833 [debug] [Thread-1 (]: Opening a new connection, currently in state closed
[0m15:32:42.857062 [debug] [Thread-1 (]: SQL status: SELECT 0 in 0.080 seconds
[0m15:32:42.870599 [debug] [Thread-1 (]: Using postgres connection "model.jeans_mfg_data_pipeline.fact_material_requirements"
[0m15:32:42.872605 [debug] [Thread-1 (]: On model.jeans_mfg_data_pipeline.fact_material_requirements: /* {"app": "dbt", "dbt_version": "1.11.2", "profile_name": "jeans_mfg_data_pipeline", "target_name": "dev", "node_id": "model.jeans_mfg_data_pipeline.fact_material_requirements"} */
alter table "postgres"."marts"."fact_material_requirements__dbt_tmp" rename to "fact_material_requirements"
[0m15:32:42.872605 [debug] [Thread-1 (]: SQL status: ALTER TABLE in 0.001 seconds
[0m15:32:42.876589 [debug] [Thread-1 (]: On model.jeans_mfg_data_pipeline.fact_material_requirements: COMMIT
[0m15:32:42.876589 [debug] [Thread-1 (]: Using postgres connection "model.jeans_mfg_data_pipeline.fact_material_requirements"
[0m15:32:42.876589 [debug] [Thread-1 (]: On model.jeans_mfg_data_pipeline.fact_material_requirements: COMMIT
[0m15:32:42.878596 [debug] [Thread-1 (]: SQL status: COMMIT in 0.006 seconds
[0m15:32:42.886687 [debug] [Thread-1 (]: Applying DROP to: "postgres"."marts"."fact_material_requirements__dbt_backup"
[0m15:32:42.890435 [debug] [Thread-1 (]: Using postgres connection "model.jeans_mfg_data_pipeline.fact_material_requirements"
[0m15:32:42.892443 [debug] [Thread-1 (]: On model.jeans_mfg_data_pipeline.fact_material_requirements: /* {"app": "dbt", "dbt_version": "1.11.2", "profile_name": "jeans_mfg_data_pipeline", "target_name": "dev", "node_id": "model.jeans_mfg_data_pipeline.fact_material_requirements"} */
drop table if exists "postgres"."marts"."fact_material_requirements__dbt_backup" cascade
[0m15:32:42.892443 [debug] [Thread-1 (]: SQL status: DROP TABLE in 0.001 seconds
[0m15:32:42.895242 [debug] [Thread-1 (]: On model.jeans_mfg_data_pipeline.fact_material_requirements: Close
[0m15:32:42.895242 [debug] [Thread-1 (]: Sending event: {'category': 'dbt', 'action': 'run_model', 'label': 'e31c24dd-41d4-4a65-bb1a-0af171e96023', 'context': [<snowplow_tracker.self_describing_json.SelfDescribingJson object at 0x000001F5B65EF710>]}
[0m15:32:42.895242 [info ] [Thread-1 (]: 2 of 2 OK created sql table model marts.fact_material_requirements ............. [[32mSELECT 0[0m in 0.15s]
[0m15:32:42.895242 [debug] [Thread-1 (]: Finished running node model.jeans_mfg_data_pipeline.fact_material_requirements
[0m15:32:42.895242 [debug] [MainThread]: On master: COMMIT
[0m15:32:42.895242 [debug] [MainThread]: Using postgres connection "master"
[0m15:32:42.906789 [debug] [MainThread]: On master: COMMIT
[0m15:32:42.908697 [debug] [MainThread]: Opening a new connection, currently in state closed
[0m15:32:42.974706 [debug] [MainThread]: SQL status: COMMIT in 0.067 seconds
[0m15:32:42.974706 [debug] [MainThread]: On master: Close
[0m15:32:42.974706 [debug] [MainThread]: Connection 'master' was properly closed.
[0m15:32:42.974706 [debug] [MainThread]: Connection 'create_postgres_marts' was properly closed.
[0m15:32:42.974706 [debug] [MainThread]: Connection 'list_postgres_marts' was properly closed.
[0m15:32:42.974706 [debug] [MainThread]: Connection 'model.jeans_mfg_data_pipeline.fact_material_requirements' was properly closed.
[0m15:32:42.974706 [info ] [MainThread]: 
[0m15:32:42.974706 [info ] [MainThread]: Finished running 1 table model, 1 view model in 0 hours 0 minutes and 1.29 seconds (1.29s).
[0m15:32:42.974706 [debug] [MainThread]: Command end result
[0m15:32:43.027335 [debug] [MainThread]: Wrote artifact WritableManifest to C:\Data Engineering\jeans_mfg_data_pipeline\target\manifest.json
[0m15:32:43.027335 [debug] [MainThread]: Wrote artifact SemanticManifest to C:\Data Engineering\jeans_mfg_data_pipeline\target\semantic_manifest.json
[0m15:32:43.044466 [debug] [MainThread]: Wrote artifact RunExecutionResult to C:\Data Engineering\jeans_mfg_data_pipeline\target\run_results.json
[0m15:32:43.044466 [info ] [MainThread]: 
[0m15:32:43.044466 [info ] [MainThread]: [32mCompleted successfully[0m
[0m15:32:43.044466 [info ] [MainThread]: 
[0m15:32:43.044466 [info ] [MainThread]: Done. PASS=2 WARN=0 ERROR=0 SKIP=0 NO-OP=0 TOTAL=2
[0m15:32:43.057262 [debug] [MainThread]: Command `dbt run` succeeded at 15:32:43.057262 after 3.99 seconds
[0m15:32:43.058365 [debug] [MainThread]: Sending event: {'category': 'dbt', 'action': 'invocation', 'label': 'end', 'context': [<snowplow_tracker.self_describing_json.SelfDescribingJson object at 0x000001F5B4A16510>, <snowplow_tracker.self_describing_json.SelfDescribingJson object at 0x000001F5B4A15150>, <snowplow_tracker.self_describing_json.SelfDescribingJson object at 0x000001F5B49A7350>]}
[0m15:32:43.059366 [debug] [MainThread]: Flushing usage events
[0m15:32:44.111646 [debug] [MainThread]: An error was encountered while trying to flush usage events
[0m14:33:01.643144 [debug] [MainThread]: Sending event: {'category': 'dbt', 'action': 'invocation', 'label': 'start', 'context': [<snowplow_tracker.self_describing_json.SelfDescribingJson object at 0x0000028BCD1BFBD0>, <snowplow_tracker.self_describing_json.SelfDescribingJson object at 0x0000028BCD1B1410>, <snowplow_tracker.self_describing_json.SelfDescribingJson object at 0x0000028BCD1BE850>]}


============================== 14:33:01.677858 | bd438813-d4ff-4bcd-8fa6-f684d433e46a ==============================
[0m14:33:01.677858 [info ] [MainThread]: Running with dbt=1.11.2
[0m14:33:01.684215 [debug] [MainThread]: running dbt with arguments {'printer_width': '80', 'indirect_selection': 'eager', 'write_json': 'True', 'log_cache_events': 'False', 'partial_parse': 'True', 'cache_selected_only': 'False', 'warn_error': 'None', 'version_check': 'True', 'debug': 'False', 'log_path': 'C:\\Data Engineering\\jeans_mfg_data_pipeline\\logs', 'fail_fast': 'False', 'profiles_dir': 'C:\\Data Engineering\\jeans_mfg_data_pipeline', 'use_colors': 'True', 'use_experimental_parser': 'False', 'no_print': 'None', 'quiet': 'False', 'empty': 'False', 'log_format': 'default', 'static_parser': 'True', 'invocation_command': 'dbt run', 'introspect': 'True', 'target_path': 'None', 'warn_error_options': 'WarnErrorOptionsV2(error=[], warn=[], silence=[])', 'send_anonymous_usage_stats': 'True'}
[0m14:33:02.965831 [debug] [MainThread]: Sending event: {'category': 'dbt', 'action': 'project_id', 'label': 'bd438813-d4ff-4bcd-8fa6-f684d433e46a', 'context': [<snowplow_tracker.self_describing_json.SelfDescribingJson object at 0x0000028BCE343E90>]}
[0m14:33:03.262644 [debug] [MainThread]: Sending event: {'category': 'dbt', 'action': 'adapter_info', 'label': 'bd438813-d4ff-4bcd-8fa6-f684d433e46a', 'context': [<snowplow_tracker.self_describing_json.SelfDescribingJson object at 0x0000028BC9A00590>]}
[0m14:33:03.266652 [info ] [MainThread]: Registered adapter: postgres=1.10.0
[0m14:33:05.838986 [debug] [MainThread]: checksum: 3d40d8bbe1bef07db1c24822f2dbfff8bc07f2a48ed4fe2658a40653aec0b54b, vars: {}, profile: , target: , version: 1.11.2
[0m14:33:06.285684 [info ] [MainThread]: Unable to do partial parsing because profile has changed
[0m14:33:06.289811 [debug] [MainThread]: Sending event: {'category': 'dbt', 'action': 'partial_parser', 'label': 'bd438813-d4ff-4bcd-8fa6-f684d433e46a', 'context': [<snowplow_tracker.self_describing_json.SelfDescribingJson object at 0x0000028BCC1D1010>]}
[0m14:33:12.939131 [debug] [MainThread]: Sending event: {'category': 'dbt', 'action': 'load_project', 'label': 'bd438813-d4ff-4bcd-8fa6-f684d433e46a', 'context': [<snowplow_tracker.self_describing_json.SelfDescribingJson object at 0x0000028BCE8B5090>]}
[0m14:33:13.361019 [debug] [MainThread]: Wrote artifact WritableManifest to C:\Data Engineering\jeans_mfg_data_pipeline\target\manifest.json
[0m14:33:13.385903 [debug] [MainThread]: Wrote artifact SemanticManifest to C:\Data Engineering\jeans_mfg_data_pipeline\target\semantic_manifest.json
[0m14:33:13.713482 [debug] [MainThread]: Sending event: {'category': 'dbt', 'action': 'resource_counts', 'label': 'bd438813-d4ff-4bcd-8fa6-f684d433e46a', 'context': [<snowplow_tracker.self_describing_json.SelfDescribingJson object at 0x0000028BCEB3F9D0>]}
[0m14:33:13.715497 [info ] [MainThread]: Found 5 models, 4 sources, 465 macros
[0m14:33:13.716499 [debug] [MainThread]: Sending event: {'category': 'dbt', 'action': 'runnable_timing', 'label': 'bd438813-d4ff-4bcd-8fa6-f684d433e46a', 'context': [<snowplow_tracker.self_describing_json.SelfDescribingJson object at 0x0000028BCE479250>]}
[0m14:33:13.725606 [info ] [MainThread]: 
[0m14:33:13.728606 [info ] [MainThread]: Concurrency: 1 threads (target='dev')
[0m14:33:13.732154 [info ] [MainThread]: 
[0m14:33:13.737595 [debug] [MainThread]: Acquiring new postgres connection 'master'
[0m14:33:13.758798 [debug] [ThreadPool]: Acquiring new postgres connection 'list_jeans_dwh_db'
[0m14:33:15.391587 [debug] [ThreadPool]: Using postgres connection "list_jeans_dwh_db"
[0m14:33:15.392587 [debug] [ThreadPool]: On list_jeans_dwh_db: /* {"app": "dbt", "dbt_version": "1.11.2", "profile_name": "jeans_mfg_data_pipeline", "target_name": "dev", "connection_name": "list_jeans_dwh_db"} */

    select distinct nspname from pg_namespace
  
[0m14:33:15.393591 [debug] [ThreadPool]: Opening a new connection, currently in state init
[0m14:33:18.144991 [debug] [ThreadPool]: Postgres adapter: Got a retryable error when attempting to open a postgres connection.
1 attempts remaining. Retrying in 0 seconds.
Error:
could not translate host name "postgres_dwh" to address: No such host is known. 

[0m14:33:20.871372 [debug] [ThreadPool]: Postgres adapter: Error running SQL: /* {"app": "dbt", "dbt_version": "1.11.2", "profile_name": "jeans_mfg_data_pipeline", "target_name": "dev", "connection_name": "list_jeans_dwh_db"} */

    select distinct nspname from pg_namespace
  
[0m14:33:20.873455 [debug] [ThreadPool]: Postgres adapter: Rolling back transaction.
[0m14:33:20.874481 [debug] [ThreadPool]: Postgres adapter: Error running SQL: macro list_schemas
[0m14:33:20.876468 [debug] [ThreadPool]: Postgres adapter: Rolling back transaction.
[0m14:33:20.878543 [debug] [ThreadPool]: On list_jeans_dwh_db: No close available on handle
[0m14:33:20.887869 [debug] [ThreadPool]: Using postgres connection "list_jeans_dwh_db"
[0m14:33:20.889950 [debug] [ThreadPool]: On list_jeans_dwh_db: /* {"app": "dbt", "dbt_version": "1.11.2", "profile_name": "jeans_mfg_data_pipeline", "target_name": "dev", "connection_name": "list_jeans_dwh_db"} */

    select distinct nspname from pg_namespace
  
[0m14:33:20.889950 [debug] [ThreadPool]: Opening a new connection, currently in state closed
[0m14:33:23.605711 [debug] [ThreadPool]: Postgres adapter: Got a retryable error when attempting to open a postgres connection.
1 attempts remaining. Retrying in 0 seconds.
Error:
could not translate host name "postgres_dwh" to address: No such host is known. 

[0m14:33:26.330237 [debug] [ThreadPool]: Postgres adapter: Error running SQL: /* {"app": "dbt", "dbt_version": "1.11.2", "profile_name": "jeans_mfg_data_pipeline", "target_name": "dev", "connection_name": "list_jeans_dwh_db"} */

    select distinct nspname from pg_namespace
  
[0m14:33:26.345878 [debug] [ThreadPool]: Postgres adapter: Rolling back transaction.
[0m14:33:26.350236 [debug] [ThreadPool]: Postgres adapter: Error running SQL: macro list_schemas
[0m14:33:26.356877 [debug] [ThreadPool]: Postgres adapter: Rolling back transaction.
[0m14:33:26.367261 [debug] [ThreadPool]: On list_jeans_dwh_db: No close available on handle
[0m14:33:26.373019 [debug] [MainThread]: Connection 'master' was properly closed.
[0m14:33:26.374859 [debug] [MainThread]: Connection 'list_jeans_dwh_db' was properly closed.
[0m14:33:26.377395 [info ] [MainThread]: 
[0m14:33:26.378676 [info ] [MainThread]: Finished running  in 0 hours 0 minutes and 12.64 seconds (12.64s).
[0m14:33:26.381898 [error] [MainThread]: Encountered an error:
Database Error
  could not translate host name "postgres_dwh" to address: No such host is known. 
  
[0m14:33:26.388194 [debug] [MainThread]: Command `dbt run` failed at 14:33:26.387159 after 25.22 seconds
[0m14:33:26.394523 [debug] [MainThread]: Sending event: {'category': 'dbt', 'action': 'invocation', 'label': 'end', 'context': [<snowplow_tracker.self_describing_json.SelfDescribingJson object at 0x0000028BCD225150>, <snowplow_tracker.self_describing_json.SelfDescribingJson object at 0x0000028BCEB2B710>, <snowplow_tracker.self_describing_json.SelfDescribingJson object at 0x0000028BC6485AD0>]}
[0m14:33:26.397341 [debug] [MainThread]: Flushing usage events
[0m14:33:28.476813 [debug] [MainThread]: An error was encountered while trying to flush usage events
[0m14:34:21.914983 [debug] [MainThread]: Sending event: {'category': 'dbt', 'action': 'invocation', 'label': 'start', 'context': [<snowplow_tracker.self_describing_json.SelfDescribingJson object at 0x000001A63407E9D0>, <snowplow_tracker.self_describing_json.SelfDescribingJson object at 0x000001A633095250>, <snowplow_tracker.self_describing_json.SelfDescribingJson object at 0x000001A6340B0E10>]}


============================== 14:34:21.947283 | 163a63e6-2a5e-45a5-81fe-da51f6a2d2e1 ==============================
[0m14:34:21.947283 [info ] [MainThread]: Running with dbt=1.11.2
[0m14:34:21.951346 [debug] [MainThread]: running dbt with arguments {'printer_width': '80', 'indirect_selection': 'eager', 'log_cache_events': 'False', 'write_json': 'True', 'partial_parse': 'True', 'cache_selected_only': 'False', 'warn_error': 'None', 'debug': 'False', 'fail_fast': 'False', 'log_path': 'C:\\Data Engineering\\jeans_mfg_data_pipeline\\logs', 'version_check': 'True', 'profiles_dir': 'C:\\Data Engineering\\jeans_mfg_data_pipeline', 'use_colors': 'True', 'use_experimental_parser': 'False', 'no_print': 'None', 'quiet': 'False', 'empty': 'False', 'log_format': 'default', 'static_parser': 'True', 'invocation_command': 'dbt run', 'warn_error_options': 'WarnErrorOptionsV2(error=[], warn=[], silence=[])', 'target_path': 'None', 'introspect': 'True', 'send_anonymous_usage_stats': 'True'}
[0m14:34:23.029851 [debug] [MainThread]: Sending event: {'category': 'dbt', 'action': 'project_id', 'label': '163a63e6-2a5e-45a5-81fe-da51f6a2d2e1', 'context': [<snowplow_tracker.self_describing_json.SelfDescribingJson object at 0x000001A6340E5050>]}
[0m14:34:23.384435 [debug] [MainThread]: Sending event: {'category': 'dbt', 'action': 'adapter_info', 'label': '163a63e6-2a5e-45a5-81fe-da51f6a2d2e1', 'context': [<snowplow_tracker.self_describing_json.SelfDescribingJson object at 0x000001A6308E0550>]}
[0m14:34:23.389021 [info ] [MainThread]: Registered adapter: postgres=1.10.0
[0m14:34:27.861126 [debug] [MainThread]: checksum: 3d40d8bbe1bef07db1c24822f2dbfff8bc07f2a48ed4fe2658a40653aec0b54b, vars: {}, profile: , target: , version: 1.11.2
[0m14:34:28.487542 [info ] [MainThread]: Unable to do partial parsing because profile has changed
[0m14:34:28.491310 [debug] [MainThread]: Sending event: {'category': 'dbt', 'action': 'partial_parser', 'label': '163a63e6-2a5e-45a5-81fe-da51f6a2d2e1', 'context': [<snowplow_tracker.self_describing_json.SelfDescribingJson object at 0x000001A633D32750>]}
[0m14:34:39.307476 [debug] [MainThread]: Sending event: {'category': 'dbt', 'action': 'load_project', 'label': '163a63e6-2a5e-45a5-81fe-da51f6a2d2e1', 'context': [<snowplow_tracker.self_describing_json.SelfDescribingJson object at 0x000001A63588A6D0>]}
[0m14:34:39.550125 [debug] [MainThread]: Wrote artifact WritableManifest to C:\Data Engineering\jeans_mfg_data_pipeline\target\manifest.json
[0m14:34:39.562380 [debug] [MainThread]: Wrote artifact SemanticManifest to C:\Data Engineering\jeans_mfg_data_pipeline\target\semantic_manifest.json
[0m14:34:39.754598 [debug] [MainThread]: Sending event: {'category': 'dbt', 'action': 'resource_counts', 'label': '163a63e6-2a5e-45a5-81fe-da51f6a2d2e1', 'context': [<snowplow_tracker.self_describing_json.SelfDescribingJson object at 0x000001A6359F7590>]}
[0m14:34:39.756121 [info ] [MainThread]: Found 5 models, 4 sources, 465 macros
[0m14:34:39.758135 [debug] [MainThread]: Sending event: {'category': 'dbt', 'action': 'runnable_timing', 'label': '163a63e6-2a5e-45a5-81fe-da51f6a2d2e1', 'context': [<snowplow_tracker.self_describing_json.SelfDescribingJson object at 0x000001A6352DCB90>]}
[0m14:34:39.764555 [info ] [MainThread]: 
[0m14:34:39.768352 [info ] [MainThread]: Concurrency: 1 threads (target='dev')
[0m14:34:39.770101 [info ] [MainThread]: 
[0m14:34:39.772998 [debug] [MainThread]: Acquiring new postgres connection 'master'
[0m14:34:39.792908 [debug] [ThreadPool]: Acquiring new postgres connection 'list_jeans_dwh_db'
[0m14:34:40.152721 [debug] [ThreadPool]: Using postgres connection "list_jeans_dwh_db"
[0m14:34:40.155231 [debug] [ThreadPool]: On list_jeans_dwh_db: /* {"app": "dbt", "dbt_version": "1.11.2", "profile_name": "jeans_mfg_data_pipeline", "target_name": "dev", "connection_name": "list_jeans_dwh_db"} */

    select distinct nspname from pg_namespace
  
[0m14:34:40.156770 [debug] [ThreadPool]: Opening a new connection, currently in state init
[0m14:34:40.418302 [debug] [ThreadPool]: SQL status: SELECT 4 in 0.262 seconds
[0m14:34:40.423846 [debug] [ThreadPool]: On list_jeans_dwh_db: Close
[0m14:34:40.434475 [debug] [ThreadPool]: Using postgres connection "list_jeans_dwh_db"
[0m14:34:40.435990 [debug] [ThreadPool]: On list_jeans_dwh_db: /* {"app": "dbt", "dbt_version": "1.11.2", "profile_name": "jeans_mfg_data_pipeline", "target_name": "dev", "connection_name": "list_jeans_dwh_db"} */

    select distinct nspname from pg_namespace
  
[0m14:34:40.437525 [debug] [ThreadPool]: Opening a new connection, currently in state closed
[0m14:34:40.491462 [debug] [ThreadPool]: SQL status: SELECT 4 in 0.053 seconds
[0m14:34:40.494641 [debug] [ThreadPool]: On list_jeans_dwh_db: Close
[0m14:34:40.498752 [debug] [ThreadPool]: Re-using an available connection from the pool (formerly list_jeans_dwh_db, now create_jeans_dwh_db_marts)
[0m14:34:40.506378 [debug] [ThreadPool]: Creating schema "database: "jeans_dwh_db"
schema: "marts"
"
[0m14:34:40.523566 [debug] [ThreadPool]: Using postgres connection "create_jeans_dwh_db_marts"
[0m14:34:40.525839 [debug] [ThreadPool]: On create_jeans_dwh_db_marts: /* {"app": "dbt", "dbt_version": "1.11.2", "profile_name": "jeans_mfg_data_pipeline", "target_name": "dev", "connection_name": "create_jeans_dwh_db_marts"} */
create schema if not exists "marts"
[0m14:34:40.527844 [debug] [ThreadPool]: Opening a new connection, currently in state closed
[0m14:34:40.601779 [debug] [ThreadPool]: SQL status: CREATE SCHEMA in 0.074 seconds
[0m14:34:40.605646 [debug] [ThreadPool]: On create_jeans_dwh_db_marts: COMMIT
[0m14:34:40.607659 [debug] [ThreadPool]: Using postgres connection "create_jeans_dwh_db_marts"
[0m14:34:40.608668 [debug] [ThreadPool]: On create_jeans_dwh_db_marts: COMMIT
[0m14:34:40.621212 [debug] [ThreadPool]: SQL status: COMMIT in 0.011 seconds
[0m14:34:40.623768 [debug] [ThreadPool]: On create_jeans_dwh_db_marts: Close
[0m14:34:40.626782 [debug] [ThreadPool]: Re-using an available connection from the pool (formerly create_jeans_dwh_db_marts, now create_jeans_dwh_db_staging)
[0m14:34:40.628301 [debug] [ThreadPool]: Creating schema "database: "jeans_dwh_db"
schema: "staging"
"
[0m14:34:40.645657 [debug] [ThreadPool]: Using postgres connection "create_jeans_dwh_db_staging"
[0m14:34:40.649330 [debug] [ThreadPool]: On create_jeans_dwh_db_staging: /* {"app": "dbt", "dbt_version": "1.11.2", "profile_name": "jeans_mfg_data_pipeline", "target_name": "dev", "connection_name": "create_jeans_dwh_db_staging"} */
create schema if not exists "staging"
[0m14:34:40.651618 [debug] [ThreadPool]: Opening a new connection, currently in state closed
[0m14:34:40.697448 [debug] [ThreadPool]: SQL status: CREATE SCHEMA in 0.046 seconds
[0m14:34:40.700466 [debug] [ThreadPool]: On create_jeans_dwh_db_staging: COMMIT
[0m14:34:40.700984 [debug] [ThreadPool]: Using postgres connection "create_jeans_dwh_db_staging"
[0m14:34:40.702005 [debug] [ThreadPool]: On create_jeans_dwh_db_staging: COMMIT
[0m14:34:40.712631 [debug] [ThreadPool]: SQL status: COMMIT in 0.009 seconds
[0m14:34:40.714694 [debug] [ThreadPool]: On create_jeans_dwh_db_staging: Close
[0m14:34:40.719713 [debug] [ThreadPool]: Acquiring new postgres connection 'list_jeans_dwh_db_marts'
[0m14:34:40.739174 [debug] [ThreadPool]: Using postgres connection "list_jeans_dwh_db_marts"
[0m14:34:40.741250 [debug] [ThreadPool]: On list_jeans_dwh_db_marts: /* {"app": "dbt", "dbt_version": "1.11.2", "profile_name": "jeans_mfg_data_pipeline", "target_name": "dev", "connection_name": "list_jeans_dwh_db_marts"} */
select
      'jeans_dwh_db' as database,
      tablename as name,
      schemaname as schema,
      'table' as type
    from pg_tables
    where schemaname ilike 'marts'
    union all
    select
      'jeans_dwh_db' as database,
      viewname as name,
      schemaname as schema,
      'view' as type
    from pg_views
    where schemaname ilike 'marts'
    union all
    select
      'jeans_dwh_db' as database,
      matviewname as name,
      schemaname as schema,
      'materialized_view' as type
    from pg_matviews
    where schemaname ilike 'marts'
  
[0m14:34:40.742860 [debug] [ThreadPool]: Opening a new connection, currently in state init
[0m14:34:40.833002 [debug] [ThreadPool]: SQL status: SELECT 0 in 0.090 seconds
[0m14:34:40.835536 [debug] [ThreadPool]: On list_jeans_dwh_db_marts: ROLLBACK
[0m14:34:40.837679 [debug] [ThreadPool]: On list_jeans_dwh_db_marts: Close
[0m14:34:40.839890 [debug] [ThreadPool]: Re-using an available connection from the pool (formerly list_jeans_dwh_db_marts, now list_jeans_dwh_db_staging)
[0m14:34:40.845486 [debug] [ThreadPool]: Using postgres connection "list_jeans_dwh_db_staging"
[0m14:34:40.847538 [debug] [ThreadPool]: On list_jeans_dwh_db_staging: /* {"app": "dbt", "dbt_version": "1.11.2", "profile_name": "jeans_mfg_data_pipeline", "target_name": "dev", "connection_name": "list_jeans_dwh_db_staging"} */
select
      'jeans_dwh_db' as database,
      tablename as name,
      schemaname as schema,
      'table' as type
    from pg_tables
    where schemaname ilike 'staging'
    union all
    select
      'jeans_dwh_db' as database,
      viewname as name,
      schemaname as schema,
      'view' as type
    from pg_views
    where schemaname ilike 'staging'
    union all
    select
      'jeans_dwh_db' as database,
      matviewname as name,
      schemaname as schema,
      'materialized_view' as type
    from pg_matviews
    where schemaname ilike 'staging'
  
[0m14:34:40.848559 [debug] [ThreadPool]: Opening a new connection, currently in state closed
[0m14:34:40.901945 [debug] [ThreadPool]: SQL status: SELECT 0 in 0.052 seconds
[0m14:34:40.906387 [debug] [ThreadPool]: On list_jeans_dwh_db_staging: ROLLBACK
[0m14:34:40.909784 [debug] [ThreadPool]: On list_jeans_dwh_db_staging: Close
[0m14:34:40.923914 [debug] [MainThread]: Using postgres connection "master"
[0m14:34:40.924929 [debug] [MainThread]: On master: /* {"app": "dbt", "dbt_version": "1.11.2", "profile_name": "jeans_mfg_data_pipeline", "target_name": "dev", "connection_name": "master"} */
select distinct
        dependent_namespace.nspname as dependent_schema,
        dependent_class.relname as dependent_name,
        referenced_namespace.nspname as referenced_schema,
        referenced_class.relname as referenced_name

    -- Query for views: views are entries in pg_class with an entry in pg_rewrite, but we avoid
    -- a seq scan on pg_rewrite by leveraging the fact there is an "internal" row in pg_depend for
    -- the view...
    from pg_class as dependent_class
    join pg_namespace as dependent_namespace on dependent_namespace.oid = dependent_class.relnamespace
    join pg_depend as dependent_depend on dependent_depend.refobjid = dependent_class.oid
        and dependent_depend.classid = 'pg_rewrite'::regclass
        and dependent_depend.refclassid = 'pg_class'::regclass
        and dependent_depend.deptype = 'i'

    -- ... and via pg_depend (that has a row per column, hence the need for "distinct" above, and
    -- making sure to exclude the internal row to avoid a view appearing to depend on itself)...
    join pg_depend as joining_depend on joining_depend.objid = dependent_depend.objid
        and joining_depend.classid = 'pg_rewrite'::regclass
        and joining_depend.refclassid = 'pg_class'::regclass
        and joining_depend.refobjid != dependent_depend.refobjid

    -- ... we can find the tables they query from in pg_class, but excluding system tables. Note we
    -- don't need need to exclude _dependent_ system tables, because they only query from other
    -- system tables, and so are automatically excluded by excluding _referenced_ system tables
    join pg_class as referenced_class on referenced_class.oid = joining_depend.refobjid
    join pg_namespace as referenced_namespace on referenced_namespace.oid = referenced_class.relnamespace
        and referenced_namespace.nspname != 'information_schema'
        and referenced_namespace.nspname not like 'pg\_%'

    order by
        dependent_schema, dependent_name, referenced_schema, referenced_name;
[0m14:34:40.925942 [debug] [MainThread]: Opening a new connection, currently in state init
[0m14:34:41.005593 [debug] [MainThread]: SQL status: SELECT 0 in 0.079 seconds
[0m14:34:41.010270 [debug] [MainThread]: Sending event: {'category': 'dbt', 'action': 'runnable_timing', 'label': '163a63e6-2a5e-45a5-81fe-da51f6a2d2e1', 'context': [<snowplow_tracker.self_describing_json.SelfDescribingJson object at 0x000001A635C48C10>]}
[0m14:34:41.012410 [debug] [MainThread]: On master: ROLLBACK
[0m14:34:41.016451 [debug] [MainThread]: On master: COMMIT
[0m14:34:41.017764 [debug] [MainThread]: Using postgres connection "master"
[0m14:34:41.019761 [debug] [MainThread]: On master: COMMIT
[0m14:34:41.024020 [debug] [MainThread]: SQL status: COMMIT in 0.003 seconds
[0m14:34:41.027054 [debug] [MainThread]: On master: Close
[0m14:34:41.055748 [debug] [Thread-1 (]: Began running node model.jeans_mfg_data_pipeline.stg_production_logs
[0m14:34:41.058306 [info ] [Thread-1 (]: 1 of 4 START sql view model staging.stg_production_logs ........................ [RUN]
[0m14:34:41.062019 [debug] [Thread-1 (]: Acquiring new postgres connection 'model.jeans_mfg_data_pipeline.stg_production_logs'
[0m14:34:41.065039 [debug] [Thread-1 (]: Began compiling node model.jeans_mfg_data_pipeline.stg_production_logs
[0m14:34:41.105643 [debug] [Thread-1 (]: Writing injected SQL for node "model.jeans_mfg_data_pipeline.stg_production_logs"
[0m14:34:41.109668 [debug] [Thread-1 (]: Began executing node model.jeans_mfg_data_pipeline.stg_production_logs
[0m14:34:41.265110 [debug] [Thread-1 (]: Writing runtime sql for node "model.jeans_mfg_data_pipeline.stg_production_logs"
[0m14:34:41.271630 [debug] [Thread-1 (]: Using postgres connection "model.jeans_mfg_data_pipeline.stg_production_logs"
[0m14:34:41.274131 [debug] [Thread-1 (]: On model.jeans_mfg_data_pipeline.stg_production_logs: /* {"app": "dbt", "dbt_version": "1.11.2", "profile_name": "jeans_mfg_data_pipeline", "target_name": "dev", "node_id": "model.jeans_mfg_data_pipeline.stg_production_logs"} */

  create view "jeans_dwh_db"."staging"."stg_production_logs__dbt_tmp"
    
    
  as (
    -- models/staging/stg_production_logs.sql



WITH source AS (
    SELECT * FROM "jeans_source_db"."public"."raw_production_logs"
),

renamed AS (
    SELECT
        log_id,
        order_form_no,
        stage,
        updated_at,
        updated_by
    FROM source
)

SELECT * FROM renamed
  );
[0m14:34:41.275725 [debug] [Thread-1 (]: Opening a new connection, currently in state init
[0m14:34:41.321278 [debug] [Thread-1 (]: Postgres adapter: Postgres error: cross-database references are not implemented: "jeans_source_db.public.raw_production_logs"
LINE 12:     SELECT * FROM "jeans_source_db"."public"."raw_production...
                           ^

[0m14:34:41.323944 [debug] [Thread-1 (]: On model.jeans_mfg_data_pipeline.stg_production_logs: ROLLBACK
[0m14:34:41.328428 [debug] [Thread-1 (]: On model.jeans_mfg_data_pipeline.stg_production_logs: Close
[0m14:34:41.373601 [debug] [Thread-1 (]: Database Error in model stg_production_logs (models\staging\stg_production_logs.sql)
  cross-database references are not implemented: "jeans_source_db.public.raw_production_logs"
  LINE 12:     SELECT * FROM "jeans_source_db"."public"."raw_production...
                             ^
  compiled code at target\run\jeans_mfg_data_pipeline\models\staging\stg_production_logs.sql
[0m14:34:41.378136 [debug] [Thread-1 (]: Sending event: {'category': 'dbt', 'action': 'run_model', 'label': '163a63e6-2a5e-45a5-81fe-da51f6a2d2e1', 'context': [<snowplow_tracker.self_describing_json.SelfDescribingJson object at 0x000001A635D85810>]}
[0m14:34:41.381293 [error] [Thread-1 (]: 1 of 4 ERROR creating sql view model staging.stg_production_logs ............... [[31mERROR[0m in 0.31s]
[0m14:34:41.384625 [debug] [Thread-1 (]: Finished running node model.jeans_mfg_data_pipeline.stg_production_logs
[0m14:34:41.386249 [debug] [Thread-1 (]: Began running node model.jeans_mfg_data_pipeline.stg_unpivoted_orders
[0m14:34:41.388507 [debug] [Thread-4 (]: Marking all children of 'model.jeans_mfg_data_pipeline.stg_production_logs' to be skipped because of status 'error'.  Reason: Database Error in model stg_production_logs (models\staging\stg_production_logs.sql)
  cross-database references are not implemented: "jeans_source_db.public.raw_production_logs"
  LINE 12:     SELECT * FROM "jeans_source_db"."public"."raw_production...
                             ^
  compiled code at target\run\jeans_mfg_data_pipeline\models\staging\stg_production_logs.sql.
[0m14:34:41.390666 [info ] [Thread-1 (]: 2 of 4 START sql view model staging.stg_unpivoted_orders ....................... [RUN]
[0m14:34:41.394592 [debug] [Thread-1 (]: Re-using an available connection from the pool (formerly model.jeans_mfg_data_pipeline.stg_production_logs, now model.jeans_mfg_data_pipeline.stg_unpivoted_orders)
[0m14:34:41.398391 [debug] [Thread-1 (]: Began compiling node model.jeans_mfg_data_pipeline.stg_unpivoted_orders
[0m14:34:41.412366 [debug] [Thread-1 (]: Writing injected SQL for node "model.jeans_mfg_data_pipeline.stg_unpivoted_orders"
[0m14:34:41.417750 [debug] [Thread-1 (]: Began executing node model.jeans_mfg_data_pipeline.stg_unpivoted_orders
[0m14:34:41.428101 [debug] [Thread-1 (]: Writing runtime sql for node "model.jeans_mfg_data_pipeline.stg_unpivoted_orders"
[0m14:34:41.442817 [debug] [Thread-1 (]: Using postgres connection "model.jeans_mfg_data_pipeline.stg_unpivoted_orders"
[0m14:34:41.445325 [debug] [Thread-1 (]: On model.jeans_mfg_data_pipeline.stg_unpivoted_orders: /* {"app": "dbt", "dbt_version": "1.11.2", "profile_name": "jeans_mfg_data_pipeline", "target_name": "dev", "node_id": "model.jeans_mfg_data_pipeline.stg_unpivoted_orders"} */

  create view "jeans_dwh_db"."staging"."stg_unpivoted_orders__dbt_tmp"
    
    
  as (
    -- models/staging/stg_unpivoted_orders.sql



WITH source_orders AS (

    SELECT *
    FROM "jeans_source_db"."public"."raw_orders"

),

unpivoted AS (

    SELECT
        o.order_form_no,
        o.order_date,
        o.buyer_name,
        o.buyer_location,
        o.s_no,
        o.style_number,
        o.unit_price,
        o.line_item_total,
        o.total_qty_line_item,
        o.ingested_at,
        u.size,
        u.quantity_ordered AS quantity
    FROM source_orders o
    CROSS JOIN LATERAL (
        VALUES
            ('18', o.size_18_qty),
            ('20', o.size_20_qty),
            ('22', o.size_22_qty),
            ('24', o.size_24_qty),
            ('26', o.size_26_qty),
            ('28', o.size_28_qty),
            ('30', o.size_30_qty),
            ('32', o.size_32_qty),
            ('34', o.size_34_qty),
            ('36', o.size_36_qty),
            ('38', o.size_38_qty),
            ('40', o.size_40_qty),
            ('42', o.size_42_qty)
    ) AS u(size, quantity_ordered)

)

SELECT *
FROM unpivoted
WHERE quantity > 0
  );
[0m14:34:41.455979 [debug] [Thread-1 (]: Opening a new connection, currently in state closed
[0m14:34:41.643291 [debug] [Thread-1 (]: Postgres adapter: Postgres error: cross-database references are not implemented: "jeans_source_db.public.raw_orders"
LINE 14:     FROM "jeans_source_db"."public"."raw_orders"
                  ^

[0m14:34:41.658283 [debug] [Thread-1 (]: On model.jeans_mfg_data_pipeline.stg_unpivoted_orders: ROLLBACK
[0m14:34:41.671982 [debug] [Thread-1 (]: On model.jeans_mfg_data_pipeline.stg_unpivoted_orders: Close
[0m14:34:41.720164 [debug] [Thread-1 (]: Database Error in model stg_unpivoted_orders (models\staging\stg_unpivoted_orders.sql)
  cross-database references are not implemented: "jeans_source_db.public.raw_orders"
  LINE 14:     FROM "jeans_source_db"."public"."raw_orders"
                    ^
  compiled code at target\run\jeans_mfg_data_pipeline\models\staging\stg_unpivoted_orders.sql
[0m14:34:41.724167 [debug] [Thread-1 (]: Sending event: {'category': 'dbt', 'action': 'run_model', 'label': '163a63e6-2a5e-45a5-81fe-da51f6a2d2e1', 'context': [<snowplow_tracker.self_describing_json.SelfDescribingJson object at 0x000001A635D51010>]}
[0m14:34:41.732574 [error] [Thread-1 (]: 2 of 4 ERROR creating sql view model staging.stg_unpivoted_orders .............. [[31mERROR[0m in 0.33s]
[0m14:34:41.738669 [debug] [Thread-1 (]: Finished running node model.jeans_mfg_data_pipeline.stg_unpivoted_orders
[0m14:34:41.741602 [debug] [Thread-4 (]: Marking all children of 'model.jeans_mfg_data_pipeline.stg_unpivoted_orders' to be skipped because of status 'error'.  Reason: Database Error in model stg_unpivoted_orders (models\staging\stg_unpivoted_orders.sql)
  cross-database references are not implemented: "jeans_source_db.public.raw_orders"
  LINE 14:     FROM "jeans_source_db"."public"."raw_orders"
                    ^
  compiled code at target\run\jeans_mfg_data_pipeline\models\staging\stg_unpivoted_orders.sql.
[0m14:34:41.750840 [debug] [Thread-1 (]: Began running node model.jeans_mfg_data_pipeline.fact_material_requirements
[0m14:34:41.756668 [info ] [Thread-1 (]: 3 of 4 SKIP relation marts.fact_material_requirements .......................... [[33mSKIP[0m]
[0m14:34:41.774668 [debug] [Thread-1 (]: Finished running node model.jeans_mfg_data_pipeline.fact_material_requirements
[0m14:34:41.787981 [debug] [Thread-1 (]: Began running node model.jeans_mfg_data_pipeline.fct_order_fulfillment
[0m14:34:41.792573 [info ] [Thread-1 (]: 4 of 4 SKIP relation marts.fct_order_fulfillment ............................... [[33mSKIP[0m]
[0m14:34:41.800470 [debug] [Thread-1 (]: Finished running node model.jeans_mfg_data_pipeline.fct_order_fulfillment
[0m14:34:41.810332 [debug] [MainThread]: On master: COMMIT
[0m14:34:41.820544 [debug] [MainThread]: Using postgres connection "master"
[0m14:34:41.825922 [debug] [MainThread]: On master: COMMIT
[0m14:34:41.835361 [debug] [MainThread]: Opening a new connection, currently in state closed
[0m14:34:41.915767 [debug] [MainThread]: SQL status: COMMIT in 0.080 seconds
[0m14:34:41.917417 [debug] [MainThread]: On master: Close
[0m14:34:41.941027 [debug] [MainThread]: Connection 'master' was properly closed.
[0m14:34:41.942807 [debug] [MainThread]: Connection 'create_jeans_dwh_db_staging' was properly closed.
[0m14:34:41.950080 [debug] [MainThread]: Connection 'list_jeans_dwh_db_staging' was properly closed.
[0m14:34:41.951738 [debug] [MainThread]: Connection 'model.jeans_mfg_data_pipeline.stg_unpivoted_orders' was properly closed.
[0m14:34:41.954379 [info ] [MainThread]: 
[0m14:34:41.959427 [info ] [MainThread]: Finished running 2 table models, 2 view models in 0 hours 0 minutes and 2.18 seconds (2.18s).
[0m14:34:41.976116 [debug] [MainThread]: Command end result
[0m14:34:42.168394 [debug] [MainThread]: Wrote artifact WritableManifest to C:\Data Engineering\jeans_mfg_data_pipeline\target\manifest.json
[0m14:34:42.183121 [debug] [MainThread]: Wrote artifact SemanticManifest to C:\Data Engineering\jeans_mfg_data_pipeline\target\semantic_manifest.json
[0m14:34:42.211079 [debug] [MainThread]: Wrote artifact RunExecutionResult to C:\Data Engineering\jeans_mfg_data_pipeline\target\run_results.json
[0m14:34:42.213734 [info ] [MainThread]: 
[0m14:34:42.216692 [info ] [MainThread]: [31mCompleted with 2 errors, 0 partial successes, and 0 warnings:[0m
[0m14:34:42.219194 [info ] [MainThread]: 
[0m14:34:42.221975 [error] [MainThread]: [31mFailure in model stg_production_logs (models\staging\stg_production_logs.sql)[0m
[0m14:34:42.226677 [error] [MainThread]:   Database Error in model stg_production_logs (models\staging\stg_production_logs.sql)
  cross-database references are not implemented: "jeans_source_db.public.raw_production_logs"
  LINE 12:     SELECT * FROM "jeans_source_db"."public"."raw_production...
                             ^
  compiled code at target\run\jeans_mfg_data_pipeline\models\staging\stg_production_logs.sql
[0m14:34:42.228847 [info ] [MainThread]: 
[0m14:34:42.237297 [info ] [MainThread]:   compiled code at target\compiled\jeans_mfg_data_pipeline\models\staging\stg_production_logs.sql
[0m14:34:42.239156 [info ] [MainThread]: 
[0m14:34:42.241699 [error] [MainThread]: [31mFailure in model stg_unpivoted_orders (models\staging\stg_unpivoted_orders.sql)[0m
[0m14:34:42.244927 [error] [MainThread]:   Database Error in model stg_unpivoted_orders (models\staging\stg_unpivoted_orders.sql)
  cross-database references are not implemented: "jeans_source_db.public.raw_orders"
  LINE 14:     FROM "jeans_source_db"."public"."raw_orders"
                    ^
  compiled code at target\run\jeans_mfg_data_pipeline\models\staging\stg_unpivoted_orders.sql
[0m14:34:42.251557 [info ] [MainThread]: 
[0m14:34:42.254476 [info ] [MainThread]:   compiled code at target\compiled\jeans_mfg_data_pipeline\models\staging\stg_unpivoted_orders.sql
[0m14:34:42.256827 [info ] [MainThread]: 
[0m14:34:42.258898 [info ] [MainThread]: Done. PASS=0 WARN=0 ERROR=2 SKIP=2 NO-OP=0 TOTAL=4
[0m14:34:42.265822 [debug] [MainThread]: Command `dbt run` failed at 14:34:42.265822 after 20.97 seconds
[0m14:34:42.269495 [debug] [MainThread]: Sending event: {'category': 'dbt', 'action': 'invocation', 'label': 'end', 'context': [<snowplow_tracker.self_describing_json.SelfDescribingJson object at 0x000001A633D1FAD0>, <snowplow_tracker.self_describing_json.SelfDescribingJson object at 0x000001A6340BF9D0>, <snowplow_tracker.self_describing_json.SelfDescribingJson object at 0x000001A62D345ED0>]}
[0m14:34:42.272163 [debug] [MainThread]: Flushing usage events
[0m14:34:45.567842 [debug] [MainThread]: An error was encountered while trying to flush usage events
[0m14:35:16.451306 [debug] [MainThread]: Sending event: {'category': 'dbt', 'action': 'invocation', 'label': 'start', 'context': [<snowplow_tracker.self_describing_json.SelfDescribingJson object at 0x0000019B1507D610>, <snowplow_tracker.self_describing_json.SelfDescribingJson object at 0x0000019B1507D4D0>, <snowplow_tracker.self_describing_json.SelfDescribingJson object at 0x0000019B1507E710>]}


============================== 14:35:16.469271 | c7c1e476-02e0-460e-889d-b3acf5c4e582 ==============================
[0m14:35:16.469271 [info ] [MainThread]: Running with dbt=1.11.2
[0m14:35:16.471792 [debug] [MainThread]: running dbt with arguments {'printer_width': '80', 'indirect_selection': 'eager', 'write_json': 'True', 'log_cache_events': 'False', 'partial_parse': 'True', 'cache_selected_only': 'False', 'profiles_dir': 'C:\\Data Engineering\\jeans_mfg_data_pipeline', 'fail_fast': 'False', 'warn_error': 'None', 'log_path': 'C:\\Data Engineering\\jeans_mfg_data_pipeline\\logs', 'debug': 'False', 'version_check': 'True', 'use_colors': 'True', 'use_experimental_parser': 'False', 'no_print': 'None', 'quiet': 'False', 'empty': 'False', 'warn_error_options': 'WarnErrorOptionsV2(error=[], warn=[], silence=[])', 'static_parser': 'True', 'invocation_command': 'dbt run', 'introspect': 'True', 'target_path': 'None', 'log_format': 'default', 'send_anonymous_usage_stats': 'True'}
[0m14:35:17.405943 [debug] [MainThread]: Sending event: {'category': 'dbt', 'action': 'project_id', 'label': 'c7c1e476-02e0-460e-889d-b3acf5c4e582', 'context': [<snowplow_tracker.self_describing_json.SelfDescribingJson object at 0x0000019B141B31D0>]}
[0m14:35:17.971481 [debug] [MainThread]: Sending event: {'category': 'dbt', 'action': 'adapter_info', 'label': 'c7c1e476-02e0-460e-889d-b3acf5c4e582', 'context': [<snowplow_tracker.self_describing_json.SelfDescribingJson object at 0x0000019B118B10D0>]}
[0m14:35:17.977360 [info ] [MainThread]: Registered adapter: postgres=1.10.0
[0m14:35:19.752824 [debug] [MainThread]: checksum: 3d40d8bbe1bef07db1c24822f2dbfff8bc07f2a48ed4fe2658a40653aec0b54b, vars: {}, profile: , target: , version: 1.11.2
[0m14:35:20.302839 [info ] [MainThread]: Unable to do partial parsing because profile has changed
[0m14:35:20.306437 [debug] [MainThread]: Sending event: {'category': 'dbt', 'action': 'partial_parser', 'label': 'c7c1e476-02e0-460e-889d-b3acf5c4e582', 'context': [<snowplow_tracker.self_describing_json.SelfDescribingJson object at 0x0000019B140FEA50>]}
[0m14:35:31.270129 [debug] [MainThread]: Sending event: {'category': 'dbt', 'action': 'load_project', 'label': 'c7c1e476-02e0-460e-889d-b3acf5c4e582', 'context': [<snowplow_tracker.self_describing_json.SelfDescribingJson object at 0x0000019B166D7E10>]}
[0m14:35:31.759214 [debug] [MainThread]: Wrote artifact WritableManifest to C:\Data Engineering\jeans_mfg_data_pipeline\target\manifest.json
[0m14:35:31.768891 [debug] [MainThread]: Wrote artifact SemanticManifest to C:\Data Engineering\jeans_mfg_data_pipeline\target\semantic_manifest.json
[0m14:35:31.972446 [debug] [MainThread]: Sending event: {'category': 'dbt', 'action': 'resource_counts', 'label': 'c7c1e476-02e0-460e-889d-b3acf5c4e582', 'context': [<snowplow_tracker.self_describing_json.SelfDescribingJson object at 0x0000019B1669B7D0>]}
[0m14:35:31.974591 [info ] [MainThread]: Found 5 models, 4 sources, 465 macros
[0m14:35:31.977143 [debug] [MainThread]: Sending event: {'category': 'dbt', 'action': 'runnable_timing', 'label': 'c7c1e476-02e0-460e-889d-b3acf5c4e582', 'context': [<snowplow_tracker.self_describing_json.SelfDescribingJson object at 0x0000019B16550B50>]}
[0m14:35:31.985471 [info ] [MainThread]: 
[0m14:35:31.988170 [info ] [MainThread]: Concurrency: 1 threads (target='dev')
[0m14:35:31.990237 [info ] [MainThread]: 
[0m14:35:31.993086 [debug] [MainThread]: Acquiring new postgres connection 'master'
[0m14:35:32.029696 [debug] [ThreadPool]: Acquiring new postgres connection 'list_jeans_source_db'
[0m14:35:32.574026 [debug] [ThreadPool]: Using postgres connection "list_jeans_source_db"
[0m14:35:32.578096 [debug] [ThreadPool]: On list_jeans_source_db: /* {"app": "dbt", "dbt_version": "1.11.2", "profile_name": "jeans_mfg_data_pipeline", "target_name": "dev", "connection_name": "list_jeans_source_db"} */

    select distinct nspname from pg_namespace
  
[0m14:35:32.580607 [debug] [ThreadPool]: Opening a new connection, currently in state init
[0m14:35:32.821579 [debug] [ThreadPool]: SQL status: SELECT 4 in 0.241 seconds
[0m14:35:32.825339 [debug] [ThreadPool]: On list_jeans_source_db: Close
[0m14:35:32.840063 [debug] [ThreadPool]: Using postgres connection "list_jeans_source_db"
[0m14:35:32.842501 [debug] [ThreadPool]: On list_jeans_source_db: /* {"app": "dbt", "dbt_version": "1.11.2", "profile_name": "jeans_mfg_data_pipeline", "target_name": "dev", "connection_name": "list_jeans_source_db"} */

    select distinct nspname from pg_namespace
  
[0m14:35:32.846610 [debug] [ThreadPool]: Opening a new connection, currently in state closed
[0m14:35:32.904702 [debug] [ThreadPool]: SQL status: SELECT 4 in 0.058 seconds
[0m14:35:32.909878 [debug] [ThreadPool]: On list_jeans_source_db: Close
[0m14:35:32.916384 [debug] [ThreadPool]: Re-using an available connection from the pool (formerly list_jeans_source_db, now create_jeans_source_db_staging)
[0m14:35:32.922623 [debug] [ThreadPool]: Creating schema "database: "jeans_source_db"
schema: "staging"
"
[0m14:35:32.947129 [debug] [ThreadPool]: Using postgres connection "create_jeans_source_db_staging"
[0m14:35:32.949653 [debug] [ThreadPool]: On create_jeans_source_db_staging: /* {"app": "dbt", "dbt_version": "1.11.2", "profile_name": "jeans_mfg_data_pipeline", "target_name": "dev", "connection_name": "create_jeans_source_db_staging"} */
create schema if not exists "staging"
[0m14:35:32.952205 [debug] [ThreadPool]: Opening a new connection, currently in state closed
[0m14:35:33.055647 [debug] [ThreadPool]: SQL status: CREATE SCHEMA in 0.104 seconds
[0m14:35:33.063419 [debug] [ThreadPool]: On create_jeans_source_db_staging: COMMIT
[0m14:35:33.066002 [debug] [ThreadPool]: Using postgres connection "create_jeans_source_db_staging"
[0m14:35:33.069042 [debug] [ThreadPool]: On create_jeans_source_db_staging: COMMIT
[0m14:35:33.091062 [debug] [ThreadPool]: SQL status: COMMIT in 0.016 seconds
[0m14:35:33.094599 [debug] [ThreadPool]: On create_jeans_source_db_staging: Close
[0m14:35:33.099214 [debug] [ThreadPool]: Re-using an available connection from the pool (formerly create_jeans_source_db_staging, now create_jeans_source_db_marts)
[0m14:35:33.105271 [debug] [ThreadPool]: Creating schema "database: "jeans_source_db"
schema: "marts"
"
[0m14:35:33.118617 [debug] [ThreadPool]: Using postgres connection "create_jeans_source_db_marts"
[0m14:35:33.122231 [debug] [ThreadPool]: On create_jeans_source_db_marts: /* {"app": "dbt", "dbt_version": "1.11.2", "profile_name": "jeans_mfg_data_pipeline", "target_name": "dev", "connection_name": "create_jeans_source_db_marts"} */
create schema if not exists "marts"
[0m14:35:33.125335 [debug] [ThreadPool]: Opening a new connection, currently in state closed
[0m14:35:33.185562 [debug] [ThreadPool]: SQL status: CREATE SCHEMA in 0.059 seconds
[0m14:35:33.190640 [debug] [ThreadPool]: On create_jeans_source_db_marts: COMMIT
[0m14:35:33.192641 [debug] [ThreadPool]: Using postgres connection "create_jeans_source_db_marts"
[0m14:35:33.197205 [debug] [ThreadPool]: On create_jeans_source_db_marts: COMMIT
[0m14:35:33.208938 [debug] [ThreadPool]: SQL status: COMMIT in 0.009 seconds
[0m14:35:33.213687 [debug] [ThreadPool]: On create_jeans_source_db_marts: Close
[0m14:35:33.236490 [debug] [ThreadPool]: Acquiring new postgres connection 'list_jeans_source_db_staging'
[0m14:35:33.268663 [debug] [ThreadPool]: Using postgres connection "list_jeans_source_db_staging"
[0m14:35:33.271182 [debug] [ThreadPool]: On list_jeans_source_db_staging: /* {"app": "dbt", "dbt_version": "1.11.2", "profile_name": "jeans_mfg_data_pipeline", "target_name": "dev", "connection_name": "list_jeans_source_db_staging"} */
select
      'jeans_source_db' as database,
      tablename as name,
      schemaname as schema,
      'table' as type
    from pg_tables
    where schemaname ilike 'staging'
    union all
    select
      'jeans_source_db' as database,
      viewname as name,
      schemaname as schema,
      'view' as type
    from pg_views
    where schemaname ilike 'staging'
    union all
    select
      'jeans_source_db' as database,
      matviewname as name,
      schemaname as schema,
      'materialized_view' as type
    from pg_matviews
    where schemaname ilike 'staging'
  
[0m14:35:33.273749 [debug] [ThreadPool]: Opening a new connection, currently in state init
[0m14:35:33.480106 [debug] [ThreadPool]: SQL status: SELECT 0 in 0.206 seconds
[0m14:35:33.487999 [debug] [ThreadPool]: On list_jeans_source_db_staging: ROLLBACK
[0m14:35:33.493155 [debug] [ThreadPool]: On list_jeans_source_db_staging: Close
[0m14:35:33.500232 [debug] [ThreadPool]: Re-using an available connection from the pool (formerly list_jeans_source_db_staging, now list_jeans_source_db_marts)
[0m14:35:33.519586 [debug] [ThreadPool]: Using postgres connection "list_jeans_source_db_marts"
[0m14:35:33.524750 [debug] [ThreadPool]: On list_jeans_source_db_marts: /* {"app": "dbt", "dbt_version": "1.11.2", "profile_name": "jeans_mfg_data_pipeline", "target_name": "dev", "connection_name": "list_jeans_source_db_marts"} */
select
      'jeans_source_db' as database,
      tablename as name,
      schemaname as schema,
      'table' as type
    from pg_tables
    where schemaname ilike 'marts'
    union all
    select
      'jeans_source_db' as database,
      viewname as name,
      schemaname as schema,
      'view' as type
    from pg_views
    where schemaname ilike 'marts'
    union all
    select
      'jeans_source_db' as database,
      matviewname as name,
      schemaname as schema,
      'materialized_view' as type
    from pg_matviews
    where schemaname ilike 'marts'
  
[0m14:35:33.528316 [debug] [ThreadPool]: Opening a new connection, currently in state closed
[0m14:35:33.600359 [debug] [ThreadPool]: SQL status: SELECT 0 in 0.072 seconds
[0m14:35:33.605487 [debug] [ThreadPool]: On list_jeans_source_db_marts: ROLLBACK
[0m14:35:33.612574 [debug] [ThreadPool]: On list_jeans_source_db_marts: Close
[0m14:35:33.649908 [debug] [MainThread]: Using postgres connection "master"
[0m14:35:33.653523 [debug] [MainThread]: On master: /* {"app": "dbt", "dbt_version": "1.11.2", "profile_name": "jeans_mfg_data_pipeline", "target_name": "dev", "connection_name": "master"} */
select distinct
        dependent_namespace.nspname as dependent_schema,
        dependent_class.relname as dependent_name,
        referenced_namespace.nspname as referenced_schema,
        referenced_class.relname as referenced_name

    -- Query for views: views are entries in pg_class with an entry in pg_rewrite, but we avoid
    -- a seq scan on pg_rewrite by leveraging the fact there is an "internal" row in pg_depend for
    -- the view...
    from pg_class as dependent_class
    join pg_namespace as dependent_namespace on dependent_namespace.oid = dependent_class.relnamespace
    join pg_depend as dependent_depend on dependent_depend.refobjid = dependent_class.oid
        and dependent_depend.classid = 'pg_rewrite'::regclass
        and dependent_depend.refclassid = 'pg_class'::regclass
        and dependent_depend.deptype = 'i'

    -- ... and via pg_depend (that has a row per column, hence the need for "distinct" above, and
    -- making sure to exclude the internal row to avoid a view appearing to depend on itself)...
    join pg_depend as joining_depend on joining_depend.objid = dependent_depend.objid
        and joining_depend.classid = 'pg_rewrite'::regclass
        and joining_depend.refclassid = 'pg_class'::regclass
        and joining_depend.refobjid != dependent_depend.refobjid

    -- ... we can find the tables they query from in pg_class, but excluding system tables. Note we
    -- don't need need to exclude _dependent_ system tables, because they only query from other
    -- system tables, and so are automatically excluded by excluding _referenced_ system tables
    join pg_class as referenced_class on referenced_class.oid = joining_depend.refobjid
    join pg_namespace as referenced_namespace on referenced_namespace.oid = referenced_class.relnamespace
        and referenced_namespace.nspname != 'information_schema'
        and referenced_namespace.nspname not like 'pg\_%'

    order by
        dependent_schema, dependent_name, referenced_schema, referenced_name;
[0m14:35:33.656567 [debug] [MainThread]: Opening a new connection, currently in state init
[0m14:35:33.769968 [debug] [MainThread]: SQL status: SELECT 0 in 0.113 seconds
[0m14:35:33.772021 [debug] [MainThread]: Sending event: {'category': 'dbt', 'action': 'runnable_timing', 'label': 'c7c1e476-02e0-460e-889d-b3acf5c4e582', 'context': [<snowplow_tracker.self_describing_json.SelfDescribingJson object at 0x0000019B16927B50>]}
[0m14:35:33.775772 [debug] [MainThread]: On master: ROLLBACK
[0m14:35:33.778292 [debug] [MainThread]: On master: COMMIT
[0m14:35:33.780381 [debug] [MainThread]: Using postgres connection "master"
[0m14:35:33.783574 [debug] [MainThread]: On master: COMMIT
[0m14:35:33.787783 [debug] [MainThread]: SQL status: COMMIT in 0.003 seconds
[0m14:35:33.789977 [debug] [MainThread]: On master: Close
[0m14:35:33.829190 [debug] [Thread-1 (]: Began running node model.jeans_mfg_data_pipeline.stg_production_logs
[0m14:35:33.831755 [info ] [Thread-1 (]: 1 of 4 START sql view model staging.stg_production_logs ........................ [RUN]
[0m14:35:33.834975 [debug] [Thread-1 (]: Acquiring new postgres connection 'model.jeans_mfg_data_pipeline.stg_production_logs'
[0m14:35:33.837201 [debug] [Thread-1 (]: Began compiling node model.jeans_mfg_data_pipeline.stg_production_logs
[0m14:35:33.873622 [debug] [Thread-1 (]: Writing injected SQL for node "model.jeans_mfg_data_pipeline.stg_production_logs"
[0m14:35:33.878909 [debug] [Thread-1 (]: Began executing node model.jeans_mfg_data_pipeline.stg_production_logs
[0m14:35:34.339573 [debug] [Thread-1 (]: Writing runtime sql for node "model.jeans_mfg_data_pipeline.stg_production_logs"
[0m14:35:34.351346 [debug] [Thread-1 (]: Using postgres connection "model.jeans_mfg_data_pipeline.stg_production_logs"
[0m14:35:34.354228 [debug] [Thread-1 (]: On model.jeans_mfg_data_pipeline.stg_production_logs: /* {"app": "dbt", "dbt_version": "1.11.2", "profile_name": "jeans_mfg_data_pipeline", "target_name": "dev", "node_id": "model.jeans_mfg_data_pipeline.stg_production_logs"} */

  create view "jeans_source_db"."staging"."stg_production_logs__dbt_tmp"
    
    
  as (
    -- models/staging/stg_production_logs.sql



WITH source AS (
    SELECT * FROM "jeans_source_db"."public"."raw_production_logs"
),

renamed AS (
    SELECT
        log_id,
        order_form_no,
        stage,
        updated_at,
        updated_by
    FROM source
)

SELECT * FROM renamed
  );
[0m14:35:34.357278 [debug] [Thread-1 (]: Opening a new connection, currently in state init
[0m14:35:34.472187 [debug] [Thread-1 (]: SQL status: CREATE VIEW in 0.115 seconds
[0m14:35:34.532655 [debug] [Thread-1 (]: Using postgres connection "model.jeans_mfg_data_pipeline.stg_production_logs"
[0m14:35:34.536238 [debug] [Thread-1 (]: On model.jeans_mfg_data_pipeline.stg_production_logs: /* {"app": "dbt", "dbt_version": "1.11.2", "profile_name": "jeans_mfg_data_pipeline", "target_name": "dev", "node_id": "model.jeans_mfg_data_pipeline.stg_production_logs"} */
alter table "jeans_source_db"."staging"."stg_production_logs__dbt_tmp" rename to "stg_production_logs"
[0m14:35:34.541846 [debug] [Thread-1 (]: SQL status: ALTER TABLE in 0.003 seconds
[0m14:35:34.649842 [debug] [Thread-1 (]: On model.jeans_mfg_data_pipeline.stg_production_logs: COMMIT
[0m14:35:34.668693 [debug] [Thread-1 (]: Using postgres connection "model.jeans_mfg_data_pipeline.stg_production_logs"
[0m14:35:34.690146 [debug] [Thread-1 (]: On model.jeans_mfg_data_pipeline.stg_production_logs: COMMIT
[0m14:35:34.738027 [debug] [Thread-1 (]: SQL status: COMMIT in 0.034 seconds
[0m14:35:34.895180 [debug] [Thread-1 (]: Applying DROP to: "jeans_source_db"."staging"."stg_production_logs__dbt_backup"
[0m14:35:34.959380 [debug] [Thread-1 (]: Using postgres connection "model.jeans_mfg_data_pipeline.stg_production_logs"
[0m14:35:34.979254 [debug] [Thread-1 (]: On model.jeans_mfg_data_pipeline.stg_production_logs: /* {"app": "dbt", "dbt_version": "1.11.2", "profile_name": "jeans_mfg_data_pipeline", "target_name": "dev", "node_id": "model.jeans_mfg_data_pipeline.stg_production_logs"} */
drop view if exists "jeans_source_db"."staging"."stg_production_logs__dbt_backup" cascade
[0m14:35:35.031322 [debug] [Thread-1 (]: SQL status: DROP VIEW in 0.035 seconds
[0m14:35:35.203236 [debug] [Thread-1 (]: On model.jeans_mfg_data_pipeline.stg_production_logs: Close
[0m14:35:35.343346 [debug] [Thread-1 (]: Sending event: {'category': 'dbt', 'action': 'run_model', 'label': 'c7c1e476-02e0-460e-889d-b3acf5c4e582', 'context': [<snowplow_tracker.self_describing_json.SelfDescribingJson object at 0x0000019B150D70D0>]}
[0m14:35:35.386768 [info ] [Thread-1 (]: 1 of 4 OK created sql view model staging.stg_production_logs ................... [[32mCREATE VIEW[0m in 1.45s]
[0m14:35:35.402954 [debug] [Thread-1 (]: Finished running node model.jeans_mfg_data_pipeline.stg_production_logs
[0m14:35:35.406557 [debug] [Thread-1 (]: Began running node model.jeans_mfg_data_pipeline.stg_unpivoted_orders
[0m14:35:35.439284 [info ] [Thread-1 (]: 2 of 4 START sql view model staging.stg_unpivoted_orders ....................... [RUN]
[0m14:35:35.453817 [debug] [Thread-1 (]: Re-using an available connection from the pool (formerly model.jeans_mfg_data_pipeline.stg_production_logs, now model.jeans_mfg_data_pipeline.stg_unpivoted_orders)
[0m14:35:35.460539 [debug] [Thread-1 (]: Began compiling node model.jeans_mfg_data_pipeline.stg_unpivoted_orders
[0m14:35:35.522335 [debug] [Thread-1 (]: Writing injected SQL for node "model.jeans_mfg_data_pipeline.stg_unpivoted_orders"
[0m14:35:35.609487 [debug] [Thread-1 (]: Began executing node model.jeans_mfg_data_pipeline.stg_unpivoted_orders
[0m14:35:35.708893 [debug] [Thread-1 (]: Writing runtime sql for node "model.jeans_mfg_data_pipeline.stg_unpivoted_orders"
[0m14:35:35.720140 [debug] [Thread-1 (]: Using postgres connection "model.jeans_mfg_data_pipeline.stg_unpivoted_orders"
[0m14:35:35.733687 [debug] [Thread-1 (]: On model.jeans_mfg_data_pipeline.stg_unpivoted_orders: /* {"app": "dbt", "dbt_version": "1.11.2", "profile_name": "jeans_mfg_data_pipeline", "target_name": "dev", "node_id": "model.jeans_mfg_data_pipeline.stg_unpivoted_orders"} */

  create view "jeans_source_db"."staging"."stg_unpivoted_orders__dbt_tmp"
    
    
  as (
    -- models/staging/stg_unpivoted_orders.sql



WITH source_orders AS (

    SELECT *
    FROM "jeans_source_db"."public"."raw_orders"

),

unpivoted AS (

    SELECT
        o.order_form_no,
        o.order_date,
        o.buyer_name,
        o.buyer_location,
        o.s_no,
        o.style_number,
        o.unit_price,
        o.line_item_total,
        o.total_qty_line_item,
        o.ingested_at,
        u.size,
        u.quantity_ordered AS quantity
    FROM source_orders o
    CROSS JOIN LATERAL (
        VALUES
            ('18', o.size_18_qty),
            ('20', o.size_20_qty),
            ('22', o.size_22_qty),
            ('24', o.size_24_qty),
            ('26', o.size_26_qty),
            ('28', o.size_28_qty),
            ('30', o.size_30_qty),
            ('32', o.size_32_qty),
            ('34', o.size_34_qty),
            ('36', o.size_36_qty),
            ('38', o.size_38_qty),
            ('40', o.size_40_qty),
            ('42', o.size_42_qty)
    ) AS u(size, quantity_ordered)

)

SELECT *
FROM unpivoted
WHERE quantity > 0
  );
[0m14:35:35.742805 [debug] [Thread-1 (]: Opening a new connection, currently in state closed
[0m14:35:35.902700 [debug] [Thread-1 (]: SQL status: CREATE VIEW in 0.160 seconds
[0m14:35:35.922627 [debug] [Thread-1 (]: Using postgres connection "model.jeans_mfg_data_pipeline.stg_unpivoted_orders"
[0m14:35:35.926156 [debug] [Thread-1 (]: On model.jeans_mfg_data_pipeline.stg_unpivoted_orders: /* {"app": "dbt", "dbt_version": "1.11.2", "profile_name": "jeans_mfg_data_pipeline", "target_name": "dev", "node_id": "model.jeans_mfg_data_pipeline.stg_unpivoted_orders"} */
alter table "jeans_source_db"."staging"."stg_unpivoted_orders__dbt_tmp" rename to "stg_unpivoted_orders"
[0m14:35:35.932709 [debug] [Thread-1 (]: SQL status: ALTER TABLE in 0.004 seconds
[0m14:35:35.939941 [debug] [Thread-1 (]: On model.jeans_mfg_data_pipeline.stg_unpivoted_orders: COMMIT
[0m14:35:35.942987 [debug] [Thread-1 (]: Using postgres connection "model.jeans_mfg_data_pipeline.stg_unpivoted_orders"
[0m14:35:35.946166 [debug] [Thread-1 (]: On model.jeans_mfg_data_pipeline.stg_unpivoted_orders: COMMIT
[0m14:35:35.962431 [debug] [Thread-1 (]: SQL status: COMMIT in 0.015 seconds
[0m14:35:35.975686 [debug] [Thread-1 (]: Applying DROP to: "jeans_source_db"."staging"."stg_unpivoted_orders__dbt_backup"
[0m14:35:35.979006 [debug] [Thread-1 (]: Using postgres connection "model.jeans_mfg_data_pipeline.stg_unpivoted_orders"
[0m14:35:35.981067 [debug] [Thread-1 (]: On model.jeans_mfg_data_pipeline.stg_unpivoted_orders: /* {"app": "dbt", "dbt_version": "1.11.2", "profile_name": "jeans_mfg_data_pipeline", "target_name": "dev", "node_id": "model.jeans_mfg_data_pipeline.stg_unpivoted_orders"} */
drop view if exists "jeans_source_db"."staging"."stg_unpivoted_orders__dbt_backup" cascade
[0m14:35:35.985602 [debug] [Thread-1 (]: SQL status: DROP VIEW in 0.002 seconds
[0m14:35:35.998190 [debug] [Thread-1 (]: On model.jeans_mfg_data_pipeline.stg_unpivoted_orders: Close
[0m14:35:36.001757 [debug] [Thread-1 (]: Sending event: {'category': 'dbt', 'action': 'run_model', 'label': 'c7c1e476-02e0-460e-889d-b3acf5c4e582', 'context': [<snowplow_tracker.self_describing_json.SelfDescribingJson object at 0x0000019B16DD4C90>]}
[0m14:35:36.005372 [info ] [Thread-1 (]: 2 of 4 OK created sql view model staging.stg_unpivoted_orders .................. [[32mCREATE VIEW[0m in 0.56s]
[0m14:35:36.011976 [debug] [Thread-1 (]: Finished running node model.jeans_mfg_data_pipeline.stg_unpivoted_orders
[0m14:35:36.020989 [debug] [Thread-1 (]: Began running node model.jeans_mfg_data_pipeline.fact_material_requirements
[0m14:35:36.024381 [info ] [Thread-1 (]: 3 of 4 START sql table model marts.fact_material_requirements .................. [RUN]
[0m14:35:36.031167 [debug] [Thread-1 (]: Re-using an available connection from the pool (formerly model.jeans_mfg_data_pipeline.stg_unpivoted_orders, now model.jeans_mfg_data_pipeline.fact_material_requirements)
[0m14:35:36.034900 [debug] [Thread-1 (]: Began compiling node model.jeans_mfg_data_pipeline.fact_material_requirements
[0m14:35:36.171092 [debug] [Thread-1 (]: Writing injected SQL for node "model.jeans_mfg_data_pipeline.fact_material_requirements"
[0m14:35:36.188737 [debug] [Thread-1 (]: Began executing node model.jeans_mfg_data_pipeline.fact_material_requirements
[0m14:35:36.328353 [debug] [Thread-1 (]: Writing runtime sql for node "model.jeans_mfg_data_pipeline.fact_material_requirements"
[0m14:35:36.341851 [debug] [Thread-1 (]: Using postgres connection "model.jeans_mfg_data_pipeline.fact_material_requirements"
[0m14:35:36.351143 [debug] [Thread-1 (]: On model.jeans_mfg_data_pipeline.fact_material_requirements: /* {"app": "dbt", "dbt_version": "1.11.2", "profile_name": "jeans_mfg_data_pipeline", "target_name": "dev", "node_id": "model.jeans_mfg_data_pipeline.fact_material_requirements"} */

  
    

  create  table "jeans_source_db"."marts"."fact_material_requirements__dbt_tmp"
  
  
    as
  
  (
    -- models/marts/fact_material_requirements.sql

 -- Final models are often tables for performance

SELECT
    o.order_form_no,
    o.order_date,
    o.buyer_name,
    o.buyer_location,
    o.s_no,
    o.style_number,
    CAST(o.size AS INT) AS size, -- Cast size_text back to INT for joining
    o.quantity, -- Renamed from quantity_ordered in staging
    b.material_type,
    b.material_qty_per_unit,
    b.unit_of_measure,
    -- Calculate total material needed for this line item
    o.quantity * b.material_qty_per_unit AS total_material_needed_for_line_item,
    o.ingested_at AS order_ingested_at,
    b.ingested_at AS bom_ingested_at
FROM
    "jeans_source_db"."staging"."stg_unpivoted_orders" o -- Reference our staging model
JOIN
    "jeans_source_db"."public"."raw_bill_of_materials" b -- Reference the BOM source
ON
    o.style_number = b.style_number
    AND CAST(o.size AS INT) = b.size -- Cast to INT for join
WHERE
    o.quantity > 0
  );
  
[0m14:35:36.357296 [debug] [Thread-1 (]: Opening a new connection, currently in state closed
[0m14:35:36.441741 [debug] [Thread-1 (]: Postgres adapter: Postgres error: relation "public.raw_bill_of_materials" does not exist
LINE 35:     "jeans_source_db"."public"."raw_bill_of_materials" b -- ...
             ^

[0m14:35:36.459605 [debug] [Thread-1 (]: On model.jeans_mfg_data_pipeline.fact_material_requirements: ROLLBACK
[0m14:35:36.472189 [debug] [Thread-1 (]: On model.jeans_mfg_data_pipeline.fact_material_requirements: Close
[0m14:35:36.617529 [debug] [Thread-1 (]: Database Error in model fact_material_requirements (models\marts\fact_material_requirements.sql)
  relation "public.raw_bill_of_materials" does not exist
  LINE 35:     "jeans_source_db"."public"."raw_bill_of_materials" b -- ...
               ^
  compiled code at target\run\jeans_mfg_data_pipeline\models\marts\fact_material_requirements.sql
[0m14:35:36.622137 [debug] [Thread-1 (]: Sending event: {'category': 'dbt', 'action': 'run_model', 'label': 'c7c1e476-02e0-460e-889d-b3acf5c4e582', 'context': [<snowplow_tracker.self_describing_json.SelfDescribingJson object at 0x0000019B171F48D0>]}
[0m14:35:36.628375 [error] [Thread-1 (]: 3 of 4 ERROR creating sql table model marts.fact_material_requirements ......... [[31mERROR[0m in 0.59s]
[0m14:35:36.633049 [debug] [Thread-1 (]: Finished running node model.jeans_mfg_data_pipeline.fact_material_requirements
[0m14:35:36.636110 [debug] [Thread-1 (]: Began running node model.jeans_mfg_data_pipeline.fct_order_fulfillment
[0m14:35:36.637792 [debug] [Thread-4 (]: Marking all children of 'model.jeans_mfg_data_pipeline.fact_material_requirements' to be skipped because of status 'error'.  Reason: Database Error in model fact_material_requirements (models\marts\fact_material_requirements.sql)
  relation "public.raw_bill_of_materials" does not exist
  LINE 35:     "jeans_source_db"."public"."raw_bill_of_materials" b -- ...
               ^
  compiled code at target\run\jeans_mfg_data_pipeline\models\marts\fact_material_requirements.sql.
[0m14:35:36.641472 [info ] [Thread-1 (]: 4 of 4 START sql table model marts.fct_order_fulfillment ....................... [RUN]
[0m14:35:36.651172 [debug] [Thread-1 (]: Re-using an available connection from the pool (formerly model.jeans_mfg_data_pipeline.fact_material_requirements, now model.jeans_mfg_data_pipeline.fct_order_fulfillment)
[0m14:35:36.653207 [debug] [Thread-1 (]: Began compiling node model.jeans_mfg_data_pipeline.fct_order_fulfillment
[0m14:35:36.672474 [debug] [Thread-1 (]: Writing injected SQL for node "model.jeans_mfg_data_pipeline.fct_order_fulfillment"
[0m14:35:36.677086 [debug] [Thread-1 (]: Began executing node model.jeans_mfg_data_pipeline.fct_order_fulfillment
[0m14:35:36.694475 [debug] [Thread-1 (]: Writing runtime sql for node "model.jeans_mfg_data_pipeline.fct_order_fulfillment"
[0m14:35:36.698538 [debug] [Thread-1 (]: Using postgres connection "model.jeans_mfg_data_pipeline.fct_order_fulfillment"
[0m14:35:36.702604 [debug] [Thread-1 (]: On model.jeans_mfg_data_pipeline.fct_order_fulfillment: /* {"app": "dbt", "dbt_version": "1.11.2", "profile_name": "jeans_mfg_data_pipeline", "target_name": "dev", "node_id": "model.jeans_mfg_data_pipeline.fct_order_fulfillment"} */

  
    

  create  table "jeans_source_db"."marts"."fct_order_fulfillment__dbt_tmp"
  
  
    as
  
  (
    -- models/marts/fct_order_fulfillment.sql



WITH orders AS (
    SELECT * FROM "jeans_source_db"."staging"."stg_unpivoted_orders"
),

prod_logs AS (
    SELECT * FROM "jeans_source_db"."staging"."stg_production_logs"
),

latest_prod AS (
    SELECT 
        order_form_no,
        stage AS current_production_stage,
        updated_at AS last_stage_updated_at
    FROM (
        SELECT *, ROW_NUMBER() OVER (PARTITION BY order_form_no ORDER BY updated_at DESC) as rn
        FROM prod_logs
    ) t
    WHERE rn = 1
)

SELECT
    o.order_form_no,
    o.order_date,
    o.buyer_name,
    o.buyer_location,
    o.style_number,
    SUM(o.quantity) as total_order_quantity,
    MAX(lp.current_production_stage) as current_production_stage,
    MAX(lp.last_stage_updated_at) as last_stage_updated_at
FROM orders o
LEFT JOIN latest_prod lp ON o.order_form_no = lp.order_form_no
GROUP BY 
    o.order_form_no,
    o.order_date,
    o.buyer_name,
    o.buyer_location,
    o.style_number
  );
  
[0m14:35:36.705146 [debug] [Thread-1 (]: Opening a new connection, currently in state closed
[0m14:35:36.889318 [debug] [Thread-1 (]: SQL status: SELECT 923 in 0.183 seconds
[0m14:35:37.004691 [debug] [Thread-1 (]: Using postgres connection "model.jeans_mfg_data_pipeline.fct_order_fulfillment"
[0m14:35:37.021744 [debug] [Thread-1 (]: On model.jeans_mfg_data_pipeline.fct_order_fulfillment: /* {"app": "dbt", "dbt_version": "1.11.2", "profile_name": "jeans_mfg_data_pipeline", "target_name": "dev", "node_id": "model.jeans_mfg_data_pipeline.fct_order_fulfillment"} */
alter table "jeans_source_db"."marts"."fct_order_fulfillment__dbt_tmp" rename to "fct_order_fulfillment"
[0m14:35:37.030031 [debug] [Thread-1 (]: SQL status: ALTER TABLE in 0.005 seconds
[0m14:35:37.061977 [debug] [Thread-1 (]: On model.jeans_mfg_data_pipeline.fct_order_fulfillment: COMMIT
[0m14:35:37.072393 [debug] [Thread-1 (]: Using postgres connection "model.jeans_mfg_data_pipeline.fct_order_fulfillment"
[0m14:35:37.081032 [debug] [Thread-1 (]: On model.jeans_mfg_data_pipeline.fct_order_fulfillment: COMMIT
[0m14:35:37.096227 [debug] [Thread-1 (]: SQL status: COMMIT in 0.011 seconds
[0m14:35:37.109670 [debug] [Thread-1 (]: Applying DROP to: "jeans_source_db"."marts"."fct_order_fulfillment__dbt_backup"
[0m14:35:37.125528 [debug] [Thread-1 (]: Using postgres connection "model.jeans_mfg_data_pipeline.fct_order_fulfillment"
[0m14:35:37.128063 [debug] [Thread-1 (]: On model.jeans_mfg_data_pipeline.fct_order_fulfillment: /* {"app": "dbt", "dbt_version": "1.11.2", "profile_name": "jeans_mfg_data_pipeline", "target_name": "dev", "node_id": "model.jeans_mfg_data_pipeline.fct_order_fulfillment"} */
drop table if exists "jeans_source_db"."marts"."fct_order_fulfillment__dbt_backup" cascade
[0m14:35:37.133588 [debug] [Thread-1 (]: SQL status: DROP TABLE in 0.002 seconds
[0m14:35:37.139840 [debug] [Thread-1 (]: On model.jeans_mfg_data_pipeline.fct_order_fulfillment: Close
[0m14:35:37.146031 [debug] [Thread-1 (]: Sending event: {'category': 'dbt', 'action': 'run_model', 'label': 'c7c1e476-02e0-460e-889d-b3acf5c4e582', 'context': [<snowplow_tracker.self_describing_json.SelfDescribingJson object at 0x0000019B1723C050>]}
[0m14:35:37.149575 [info ] [Thread-1 (]: 4 of 4 OK created sql table model marts.fct_order_fulfillment .................. [[32mSELECT 923[0m in 0.49s]
[0m14:35:37.154470 [debug] [Thread-1 (]: Finished running node model.jeans_mfg_data_pipeline.fct_order_fulfillment
[0m14:35:37.159032 [debug] [MainThread]: On master: COMMIT
[0m14:35:37.161735 [debug] [MainThread]: Using postgres connection "master"
[0m14:35:37.164485 [debug] [MainThread]: On master: COMMIT
[0m14:35:37.166500 [debug] [MainThread]: Opening a new connection, currently in state closed
[0m14:35:37.256071 [debug] [MainThread]: SQL status: COMMIT in 0.089 seconds
[0m14:35:37.259596 [debug] [MainThread]: On master: Close
[0m14:35:37.263631 [debug] [MainThread]: Connection 'master' was properly closed.
[0m14:35:37.266110 [debug] [MainThread]: Connection 'create_jeans_source_db_marts' was properly closed.
[0m14:35:37.267633 [debug] [MainThread]: Connection 'list_jeans_source_db_marts' was properly closed.
[0m14:35:37.270633 [debug] [MainThread]: Connection 'model.jeans_mfg_data_pipeline.fct_order_fulfillment' was properly closed.
[0m14:35:37.274695 [info ] [MainThread]: 
[0m14:35:37.277693 [info ] [MainThread]: Finished running 2 table models, 2 view models in 0 hours 0 minutes and 5.28 seconds (5.28s).
[0m14:35:37.285769 [debug] [MainThread]: Command end result
[0m14:35:37.921522 [debug] [MainThread]: Wrote artifact WritableManifest to C:\Data Engineering\jeans_mfg_data_pipeline\target\manifest.json
[0m14:35:37.936573 [debug] [MainThread]: Wrote artifact SemanticManifest to C:\Data Engineering\jeans_mfg_data_pipeline\target\semantic_manifest.json
[0m14:35:38.027292 [debug] [MainThread]: Wrote artifact RunExecutionResult to C:\Data Engineering\jeans_mfg_data_pipeline\target\run_results.json
[0m14:35:38.035324 [info ] [MainThread]: 
[0m14:35:38.038524 [info ] [MainThread]: [31mCompleted with 1 error, 0 partial successes, and 0 warnings:[0m
[0m14:35:38.044034 [info ] [MainThread]: 
[0m14:35:38.047497 [error] [MainThread]: [31mFailure in model fact_material_requirements (models\marts\fact_material_requirements.sql)[0m
[0m14:35:38.051753 [error] [MainThread]:   Database Error in model fact_material_requirements (models\marts\fact_material_requirements.sql)
  relation "public.raw_bill_of_materials" does not exist
  LINE 35:     "jeans_source_db"."public"."raw_bill_of_materials" b -- ...
               ^
  compiled code at target\run\jeans_mfg_data_pipeline\models\marts\fact_material_requirements.sql
[0m14:35:38.059531 [info ] [MainThread]: 
[0m14:35:38.062865 [info ] [MainThread]:   compiled code at target\compiled\jeans_mfg_data_pipeline\models\marts\fact_material_requirements.sql
[0m14:35:38.065963 [info ] [MainThread]: 
[0m14:35:38.069674 [info ] [MainThread]: Done. PASS=3 WARN=0 ERROR=1 SKIP=0 NO-OP=0 TOTAL=4
[0m14:35:38.083195 [debug] [MainThread]: Command `dbt run` failed at 14:35:38.081294 after 21.98 seconds
[0m14:35:38.085821 [debug] [MainThread]: Sending event: {'category': 'dbt', 'action': 'invocation', 'label': 'end', 'context': [<snowplow_tracker.self_describing_json.SelfDescribingJson object at 0x0000019B15071690>, <snowplow_tracker.self_describing_json.SelfDescribingJson object at 0x0000019B15073450>, <snowplow_tracker.self_describing_json.SelfDescribingJson object at 0x0000019B150C3B90>]}
[0m14:35:38.089376 [debug] [MainThread]: Flushing usage events
[0m14:35:42.168681 [debug] [MainThread]: An error was encountered while trying to flush usage events
[0m14:37:05.432944 [debug] [MainThread]: Sending event: {'category': 'dbt', 'action': 'invocation', 'label': 'start', 'context': [<snowplow_tracker.self_describing_json.SelfDescribingJson object at 0x000001D5EB41DB90>, <snowplow_tracker.self_describing_json.SelfDescribingJson object at 0x000001D5EB41D210>, <snowplow_tracker.self_describing_json.SelfDescribingJson object at 0x000001D5EB41DA10>]}


============================== 14:37:05.464800 | f0c24a18-2102-4074-9f78-7c13b00a502a ==============================
[0m14:37:05.464800 [info ] [MainThread]: Running with dbt=1.11.2
[0m14:37:05.468472 [debug] [MainThread]: running dbt with arguments {'printer_width': '80', 'indirect_selection': 'eager', 'write_json': 'True', 'log_cache_events': 'False', 'partial_parse': 'True', 'cache_selected_only': 'False', 'warn_error': 'None', 'version_check': 'True', 'fail_fast': 'False', 'log_path': 'C:\\Data Engineering\\jeans_mfg_data_pipeline\\logs', 'profiles_dir': 'C:\\Data Engineering\\jeans_mfg_data_pipeline', 'debug': 'False', 'use_colors': 'True', 'use_experimental_parser': 'False', 'empty': 'False', 'quiet': 'False', 'no_print': 'None', 'warn_error_options': 'WarnErrorOptionsV2(error=[], warn=[], silence=[])', 'invocation_command': 'dbt run', 'static_parser': 'True', 'log_format': 'default', 'target_path': 'None', 'introspect': 'True', 'send_anonymous_usage_stats': 'True'}
[0m14:37:06.531124 [debug] [MainThread]: Sending event: {'category': 'dbt', 'action': 'project_id', 'label': 'f0c24a18-2102-4074-9f78-7c13b00a502a', 'context': [<snowplow_tracker.self_describing_json.SelfDescribingJson object at 0x000001D5EC60ED90>]}
[0m14:37:06.916046 [debug] [MainThread]: Sending event: {'category': 'dbt', 'action': 'adapter_info', 'label': 'f0c24a18-2102-4074-9f78-7c13b00a502a', 'context': [<snowplow_tracker.self_describing_json.SelfDescribingJson object at 0x000001D5E7C50650>]}
[0m14:37:06.920044 [info ] [MainThread]: Registered adapter: postgres=1.10.0
[0m14:37:08.528248 [debug] [MainThread]: checksum: 3d40d8bbe1bef07db1c24822f2dbfff8bc07f2a48ed4fe2658a40653aec0b54b, vars: {}, profile: , target: , version: 1.11.2
[0m14:37:09.877167 [debug] [MainThread]: Partial parsing enabled: 0 files deleted, 0 files added, 0 files changed.
[0m14:37:09.879676 [debug] [MainThread]: Nothing changed, skipping partial parsing.
[0m14:37:09.881225 [debug] [MainThread]: Partial parsing enabled, no changes found, skipping parsing
[0m14:37:10.196903 [debug] [MainThread]: Sending event: {'category': 'dbt', 'action': 'load_project', 'label': 'f0c24a18-2102-4074-9f78-7c13b00a502a', 'context': [<snowplow_tracker.self_describing_json.SelfDescribingJson object at 0x000001D5EC956F90>]}
[0m14:37:10.651892 [debug] [MainThread]: Wrote artifact WritableManifest to C:\Data Engineering\jeans_mfg_data_pipeline\target\manifest.json
[0m14:37:10.666775 [debug] [MainThread]: Wrote artifact SemanticManifest to C:\Data Engineering\jeans_mfg_data_pipeline\target\semantic_manifest.json
[0m14:37:10.832901 [debug] [MainThread]: Sending event: {'category': 'dbt', 'action': 'resource_counts', 'label': 'f0c24a18-2102-4074-9f78-7c13b00a502a', 'context': [<snowplow_tracker.self_describing_json.SelfDescribingJson object at 0x000001D5EC965F90>]}
[0m14:37:10.835447 [info ] [MainThread]: Found 5 models, 4 sources, 465 macros
[0m14:37:10.836460 [debug] [MainThread]: Sending event: {'category': 'dbt', 'action': 'runnable_timing', 'label': 'f0c24a18-2102-4074-9f78-7c13b00a502a', 'context': [<snowplow_tracker.self_describing_json.SelfDescribingJson object at 0x000001D5EB1B5610>]}
[0m14:37:10.846136 [info ] [MainThread]: 
[0m14:37:10.848486 [info ] [MainThread]: Concurrency: 1 threads (target='dev')
[0m14:37:10.850999 [info ] [MainThread]: 
[0m14:37:10.853556 [debug] [MainThread]: Acquiring new postgres connection 'master'
[0m14:37:10.875104 [debug] [ThreadPool]: Acquiring new postgres connection 'list_jeans_source_db'
[0m14:37:11.294166 [debug] [ThreadPool]: Using postgres connection "list_jeans_source_db"
[0m14:37:11.295695 [debug] [ThreadPool]: On list_jeans_source_db: /* {"app": "dbt", "dbt_version": "1.11.2", "profile_name": "jeans_mfg_data_pipeline", "target_name": "dev", "connection_name": "list_jeans_source_db"} */

    select distinct nspname from pg_namespace
  
[0m14:37:11.297207 [debug] [ThreadPool]: Opening a new connection, currently in state init
[0m14:37:11.363431 [debug] [ThreadPool]: SQL status: SELECT 6 in 0.066 seconds
[0m14:37:11.374785 [debug] [ThreadPool]: On list_jeans_source_db: Close
[0m14:37:11.404360 [debug] [ThreadPool]: Using postgres connection "list_jeans_source_db"
[0m14:37:11.407216 [debug] [ThreadPool]: On list_jeans_source_db: /* {"app": "dbt", "dbt_version": "1.11.2", "profile_name": "jeans_mfg_data_pipeline", "target_name": "dev", "connection_name": "list_jeans_source_db"} */

    select distinct nspname from pg_namespace
  
[0m14:37:11.410482 [debug] [ThreadPool]: Opening a new connection, currently in state closed
[0m14:37:11.461520 [debug] [ThreadPool]: SQL status: SELECT 6 in 0.052 seconds
[0m14:37:11.467690 [debug] [ThreadPool]: On list_jeans_source_db: Close
[0m14:37:11.480544 [debug] [ThreadPool]: Acquiring new postgres connection 'list_jeans_source_db_marts'
[0m14:37:11.507416 [debug] [ThreadPool]: Using postgres connection "list_jeans_source_db_marts"
[0m14:37:11.509428 [debug] [ThreadPool]: On list_jeans_source_db_marts: /* {"app": "dbt", "dbt_version": "1.11.2", "profile_name": "jeans_mfg_data_pipeline", "target_name": "dev", "connection_name": "list_jeans_source_db_marts"} */
select
      'jeans_source_db' as database,
      tablename as name,
      schemaname as schema,
      'table' as type
    from pg_tables
    where schemaname ilike 'marts'
    union all
    select
      'jeans_source_db' as database,
      viewname as name,
      schemaname as schema,
      'view' as type
    from pg_views
    where schemaname ilike 'marts'
    union all
    select
      'jeans_source_db' as database,
      matviewname as name,
      schemaname as schema,
      'materialized_view' as type
    from pg_matviews
    where schemaname ilike 'marts'
  
[0m14:37:11.510428 [debug] [ThreadPool]: Opening a new connection, currently in state init
[0m14:37:11.569391 [debug] [ThreadPool]: SQL status: SELECT 1 in 0.059 seconds
[0m14:37:11.573980 [debug] [ThreadPool]: On list_jeans_source_db_marts: ROLLBACK
[0m14:37:11.579473 [debug] [ThreadPool]: On list_jeans_source_db_marts: Close
[0m14:37:11.583578 [debug] [ThreadPool]: Re-using an available connection from the pool (formerly list_jeans_source_db_marts, now list_jeans_source_db_staging)
[0m14:37:11.750812 [debug] [ThreadPool]: Using postgres connection "list_jeans_source_db_staging"
[0m14:37:11.752859 [debug] [ThreadPool]: On list_jeans_source_db_staging: /* {"app": "dbt", "dbt_version": "1.11.2", "profile_name": "jeans_mfg_data_pipeline", "target_name": "dev", "connection_name": "list_jeans_source_db_staging"} */
select
      'jeans_source_db' as database,
      tablename as name,
      schemaname as schema,
      'table' as type
    from pg_tables
    where schemaname ilike 'staging'
    union all
    select
      'jeans_source_db' as database,
      viewname as name,
      schemaname as schema,
      'view' as type
    from pg_views
    where schemaname ilike 'staging'
    union all
    select
      'jeans_source_db' as database,
      matviewname as name,
      schemaname as schema,
      'materialized_view' as type
    from pg_matviews
    where schemaname ilike 'staging'
  
[0m14:37:11.758471 [debug] [ThreadPool]: Opening a new connection, currently in state closed
[0m14:37:11.810581 [debug] [ThreadPool]: SQL status: SELECT 2 in 0.052 seconds
[0m14:37:11.815861 [debug] [ThreadPool]: On list_jeans_source_db_staging: ROLLBACK
[0m14:37:11.819868 [debug] [ThreadPool]: On list_jeans_source_db_staging: Close
[0m14:37:11.843170 [debug] [MainThread]: Using postgres connection "master"
[0m14:37:11.845706 [debug] [MainThread]: On master: /* {"app": "dbt", "dbt_version": "1.11.2", "profile_name": "jeans_mfg_data_pipeline", "target_name": "dev", "connection_name": "master"} */
select distinct
        dependent_namespace.nspname as dependent_schema,
        dependent_class.relname as dependent_name,
        referenced_namespace.nspname as referenced_schema,
        referenced_class.relname as referenced_name

    -- Query for views: views are entries in pg_class with an entry in pg_rewrite, but we avoid
    -- a seq scan on pg_rewrite by leveraging the fact there is an "internal" row in pg_depend for
    -- the view...
    from pg_class as dependent_class
    join pg_namespace as dependent_namespace on dependent_namespace.oid = dependent_class.relnamespace
    join pg_depend as dependent_depend on dependent_depend.refobjid = dependent_class.oid
        and dependent_depend.classid = 'pg_rewrite'::regclass
        and dependent_depend.refclassid = 'pg_class'::regclass
        and dependent_depend.deptype = 'i'

    -- ... and via pg_depend (that has a row per column, hence the need for "distinct" above, and
    -- making sure to exclude the internal row to avoid a view appearing to depend on itself)...
    join pg_depend as joining_depend on joining_depend.objid = dependent_depend.objid
        and joining_depend.classid = 'pg_rewrite'::regclass
        and joining_depend.refclassid = 'pg_class'::regclass
        and joining_depend.refobjid != dependent_depend.refobjid

    -- ... we can find the tables they query from in pg_class, but excluding system tables. Note we
    -- don't need need to exclude _dependent_ system tables, because they only query from other
    -- system tables, and so are automatically excluded by excluding _referenced_ system tables
    join pg_class as referenced_class on referenced_class.oid = joining_depend.refobjid
    join pg_namespace as referenced_namespace on referenced_namespace.oid = referenced_class.relnamespace
        and referenced_namespace.nspname != 'information_schema'
        and referenced_namespace.nspname not like 'pg\_%'

    order by
        dependent_schema, dependent_name, referenced_schema, referenced_name;
[0m14:37:11.849231 [debug] [MainThread]: Opening a new connection, currently in state init
[0m14:37:11.919207 [debug] [MainThread]: SQL status: SELECT 2 in 0.070 seconds
[0m14:37:11.930533 [debug] [MainThread]: Sending event: {'category': 'dbt', 'action': 'runnable_timing', 'label': 'f0c24a18-2102-4074-9f78-7c13b00a502a', 'context': [<snowplow_tracker.self_describing_json.SelfDescribingJson object at 0x000001D5ECE8AE10>]}
[0m14:37:11.934117 [debug] [MainThread]: On master: ROLLBACK
[0m14:37:11.939250 [debug] [MainThread]: On master: COMMIT
[0m14:37:11.941807 [debug] [MainThread]: Using postgres connection "master"
[0m14:37:11.944797 [debug] [MainThread]: On master: COMMIT
[0m14:37:11.949664 [debug] [MainThread]: SQL status: COMMIT in 0.003 seconds
[0m14:37:11.952220 [debug] [MainThread]: On master: Close
[0m14:37:11.996261 [debug] [Thread-1 (]: Began running node model.jeans_mfg_data_pipeline.stg_production_logs
[0m14:37:11.998318 [info ] [Thread-1 (]: 1 of 4 START sql view model staging.stg_production_logs ........................ [RUN]
[0m14:37:12.002006 [debug] [Thread-1 (]: Acquiring new postgres connection 'model.jeans_mfg_data_pipeline.stg_production_logs'
[0m14:37:12.003532 [debug] [Thread-1 (]: Began compiling node model.jeans_mfg_data_pipeline.stg_production_logs
[0m14:37:12.050549 [debug] [Thread-1 (]: Writing injected SQL for node "model.jeans_mfg_data_pipeline.stg_production_logs"
[0m14:37:12.064232 [debug] [Thread-1 (]: Began executing node model.jeans_mfg_data_pipeline.stg_production_logs
[0m14:37:12.261325 [debug] [Thread-1 (]: Writing runtime sql for node "model.jeans_mfg_data_pipeline.stg_production_logs"
[0m14:37:12.265960 [debug] [Thread-1 (]: Using postgres connection "model.jeans_mfg_data_pipeline.stg_production_logs"
[0m14:37:12.268124 [debug] [Thread-1 (]: On model.jeans_mfg_data_pipeline.stg_production_logs: /* {"app": "dbt", "dbt_version": "1.11.2", "profile_name": "jeans_mfg_data_pipeline", "target_name": "dev", "node_id": "model.jeans_mfg_data_pipeline.stg_production_logs"} */

  create view "jeans_source_db"."staging"."stg_production_logs__dbt_tmp"
    
    
  as (
    -- models/staging/stg_production_logs.sql



WITH source AS (
    SELECT * FROM "jeans_source_db"."public"."raw_production_logs"
),

renamed AS (
    SELECT
        log_id,
        order_form_no,
        stage,
        updated_at,
        updated_by
    FROM source
)

SELECT * FROM renamed
  );
[0m14:37:12.270120 [debug] [Thread-1 (]: Opening a new connection, currently in state init
[0m14:37:12.316376 [debug] [Thread-1 (]: SQL status: CREATE VIEW in 0.047 seconds
[0m14:37:12.334523 [debug] [Thread-1 (]: Using postgres connection "model.jeans_mfg_data_pipeline.stg_production_logs"
[0m14:37:12.336041 [debug] [Thread-1 (]: On model.jeans_mfg_data_pipeline.stg_production_logs: /* {"app": "dbt", "dbt_version": "1.11.2", "profile_name": "jeans_mfg_data_pipeline", "target_name": "dev", "node_id": "model.jeans_mfg_data_pipeline.stg_production_logs"} */
alter table "jeans_source_db"."staging"."stg_production_logs" rename to "stg_production_logs__dbt_backup"
[0m14:37:12.340697 [debug] [Thread-1 (]: SQL status: ALTER TABLE in 0.003 seconds
[0m14:37:12.353730 [debug] [Thread-1 (]: Using postgres connection "model.jeans_mfg_data_pipeline.stg_production_logs"
[0m14:37:12.355771 [debug] [Thread-1 (]: On model.jeans_mfg_data_pipeline.stg_production_logs: /* {"app": "dbt", "dbt_version": "1.11.2", "profile_name": "jeans_mfg_data_pipeline", "target_name": "dev", "node_id": "model.jeans_mfg_data_pipeline.stg_production_logs"} */
alter table "jeans_source_db"."staging"."stg_production_logs__dbt_tmp" rename to "stg_production_logs"
[0m14:37:12.361213 [debug] [Thread-1 (]: SQL status: ALTER TABLE in 0.002 seconds
[0m14:37:12.412857 [debug] [Thread-1 (]: On model.jeans_mfg_data_pipeline.stg_production_logs: COMMIT
[0m14:37:12.413401 [debug] [Thread-1 (]: Using postgres connection "model.jeans_mfg_data_pipeline.stg_production_logs"
[0m14:37:12.414940 [debug] [Thread-1 (]: On model.jeans_mfg_data_pipeline.stg_production_logs: COMMIT
[0m14:37:12.427653 [debug] [Thread-1 (]: SQL status: COMMIT in 0.011 seconds
[0m14:37:12.453695 [debug] [Thread-1 (]: Applying DROP to: "jeans_source_db"."staging"."stg_production_logs__dbt_backup"
[0m14:37:12.473162 [debug] [Thread-1 (]: Using postgres connection "model.jeans_mfg_data_pipeline.stg_production_logs"
[0m14:37:12.476826 [debug] [Thread-1 (]: On model.jeans_mfg_data_pipeline.stg_production_logs: /* {"app": "dbt", "dbt_version": "1.11.2", "profile_name": "jeans_mfg_data_pipeline", "target_name": "dev", "node_id": "model.jeans_mfg_data_pipeline.stg_production_logs"} */
drop view if exists "jeans_source_db"."staging"."stg_production_logs__dbt_backup" cascade
[0m14:37:12.503035 [debug] [Thread-1 (]: SQL status: DROP VIEW in 0.024 seconds
[0m14:37:12.509421 [debug] [Thread-1 (]: On model.jeans_mfg_data_pipeline.stg_production_logs: Close
[0m14:37:12.518415 [debug] [Thread-1 (]: Sending event: {'category': 'dbt', 'action': 'run_model', 'label': 'f0c24a18-2102-4074-9f78-7c13b00a502a', 'context': [<snowplow_tracker.self_describing_json.SelfDescribingJson object at 0x000001D5ECE89450>]}
[0m14:37:12.522852 [info ] [Thread-1 (]: 1 of 4 OK created sql view model staging.stg_production_logs ................... [[32mCREATE VIEW[0m in 0.51s]
[0m14:37:12.527495 [debug] [Thread-1 (]: Finished running node model.jeans_mfg_data_pipeline.stg_production_logs
[0m14:37:12.530259 [debug] [Thread-1 (]: Began running node model.jeans_mfg_data_pipeline.stg_unpivoted_orders
[0m14:37:12.532550 [info ] [Thread-1 (]: 2 of 4 START sql view model staging.stg_unpivoted_orders ....................... [RUN]
[0m14:37:12.534853 [debug] [Thread-1 (]: Re-using an available connection from the pool (formerly model.jeans_mfg_data_pipeline.stg_production_logs, now model.jeans_mfg_data_pipeline.stg_unpivoted_orders)
[0m14:37:12.537530 [debug] [Thread-1 (]: Began compiling node model.jeans_mfg_data_pipeline.stg_unpivoted_orders
[0m14:37:12.562765 [debug] [Thread-1 (]: Writing injected SQL for node "model.jeans_mfg_data_pipeline.stg_unpivoted_orders"
[0m14:37:12.566459 [debug] [Thread-1 (]: Began executing node model.jeans_mfg_data_pipeline.stg_unpivoted_orders
[0m14:37:12.583619 [debug] [Thread-1 (]: Writing runtime sql for node "model.jeans_mfg_data_pipeline.stg_unpivoted_orders"
[0m14:37:12.587599 [debug] [Thread-1 (]: Using postgres connection "model.jeans_mfg_data_pipeline.stg_unpivoted_orders"
[0m14:37:12.593912 [debug] [Thread-1 (]: On model.jeans_mfg_data_pipeline.stg_unpivoted_orders: /* {"app": "dbt", "dbt_version": "1.11.2", "profile_name": "jeans_mfg_data_pipeline", "target_name": "dev", "node_id": "model.jeans_mfg_data_pipeline.stg_unpivoted_orders"} */

  create view "jeans_source_db"."staging"."stg_unpivoted_orders__dbt_tmp"
    
    
  as (
    -- models/staging/stg_unpivoted_orders.sql



WITH source_orders AS (

    SELECT *
    FROM "jeans_source_db"."public"."raw_orders"

),

unpivoted AS (

    SELECT
        o.order_form_no,
        o.order_date,
        o.buyer_name,
        o.buyer_location,
        o.s_no,
        o.style_number,
        o.unit_price,
        o.line_item_total,
        o.total_qty_line_item,
        o.ingested_at,
        u.size,
        u.quantity_ordered AS quantity
    FROM source_orders o
    CROSS JOIN LATERAL (
        VALUES
            ('18', o.size_18_qty),
            ('20', o.size_20_qty),
            ('22', o.size_22_qty),
            ('24', o.size_24_qty),
            ('26', o.size_26_qty),
            ('28', o.size_28_qty),
            ('30', o.size_30_qty),
            ('32', o.size_32_qty),
            ('34', o.size_34_qty),
            ('36', o.size_36_qty),
            ('38', o.size_38_qty),
            ('40', o.size_40_qty),
            ('42', o.size_42_qty)
    ) AS u(size, quantity_ordered)

)

SELECT *
FROM unpivoted
WHERE quantity > 0
  );
[0m14:37:12.596030 [debug] [Thread-1 (]: Opening a new connection, currently in state closed
[0m14:37:12.647370 [debug] [Thread-1 (]: SQL status: CREATE VIEW in 0.051 seconds
[0m14:37:12.657660 [debug] [Thread-1 (]: Using postgres connection "model.jeans_mfg_data_pipeline.stg_unpivoted_orders"
[0m14:37:12.661180 [debug] [Thread-1 (]: On model.jeans_mfg_data_pipeline.stg_unpivoted_orders: /* {"app": "dbt", "dbt_version": "1.11.2", "profile_name": "jeans_mfg_data_pipeline", "target_name": "dev", "node_id": "model.jeans_mfg_data_pipeline.stg_unpivoted_orders"} */
alter table "jeans_source_db"."staging"."stg_unpivoted_orders" rename to "stg_unpivoted_orders__dbt_backup"
[0m14:37:12.666442 [debug] [Thread-1 (]: SQL status: ALTER TABLE in 0.003 seconds
[0m14:37:12.681528 [debug] [Thread-1 (]: Using postgres connection "model.jeans_mfg_data_pipeline.stg_unpivoted_orders"
[0m14:37:12.682527 [debug] [Thread-1 (]: On model.jeans_mfg_data_pipeline.stg_unpivoted_orders: /* {"app": "dbt", "dbt_version": "1.11.2", "profile_name": "jeans_mfg_data_pipeline", "target_name": "dev", "node_id": "model.jeans_mfg_data_pipeline.stg_unpivoted_orders"} */
alter table "jeans_source_db"."staging"."stg_unpivoted_orders__dbt_tmp" rename to "stg_unpivoted_orders"
[0m14:37:12.687245 [debug] [Thread-1 (]: SQL status: ALTER TABLE in 0.003 seconds
[0m14:37:12.694752 [debug] [Thread-1 (]: On model.jeans_mfg_data_pipeline.stg_unpivoted_orders: COMMIT
[0m14:37:12.697291 [debug] [Thread-1 (]: Using postgres connection "model.jeans_mfg_data_pipeline.stg_unpivoted_orders"
[0m14:37:12.699314 [debug] [Thread-1 (]: On model.jeans_mfg_data_pipeline.stg_unpivoted_orders: COMMIT
[0m14:37:12.710985 [debug] [Thread-1 (]: SQL status: COMMIT in 0.009 seconds
[0m14:37:12.722058 [debug] [Thread-1 (]: Applying DROP to: "jeans_source_db"."staging"."stg_unpivoted_orders__dbt_backup"
[0m14:37:12.728027 [debug] [Thread-1 (]: Using postgres connection "model.jeans_mfg_data_pipeline.stg_unpivoted_orders"
[0m14:37:12.730561 [debug] [Thread-1 (]: On model.jeans_mfg_data_pipeline.stg_unpivoted_orders: /* {"app": "dbt", "dbt_version": "1.11.2", "profile_name": "jeans_mfg_data_pipeline", "target_name": "dev", "node_id": "model.jeans_mfg_data_pipeline.stg_unpivoted_orders"} */
drop view if exists "jeans_source_db"."staging"."stg_unpivoted_orders__dbt_backup" cascade
[0m14:37:12.744556 [debug] [Thread-1 (]: SQL status: DROP VIEW in 0.011 seconds
[0m14:37:12.749793 [debug] [Thread-1 (]: On model.jeans_mfg_data_pipeline.stg_unpivoted_orders: Close
[0m14:37:12.753245 [debug] [Thread-1 (]: Sending event: {'category': 'dbt', 'action': 'run_model', 'label': 'f0c24a18-2102-4074-9f78-7c13b00a502a', 'context': [<snowplow_tracker.self_describing_json.SelfDescribingJson object at 0x000001D5EC501E10>]}
[0m14:37:12.759936 [info ] [Thread-1 (]: 2 of 4 OK created sql view model staging.stg_unpivoted_orders .................. [[32mCREATE VIEW[0m in 0.22s]
[0m14:37:12.765261 [debug] [Thread-1 (]: Finished running node model.jeans_mfg_data_pipeline.stg_unpivoted_orders
[0m14:37:12.775691 [debug] [Thread-1 (]: Began running node model.jeans_mfg_data_pipeline.fact_material_requirements
[0m14:37:12.778708 [info ] [Thread-1 (]: 3 of 4 START sql table model marts.fact_material_requirements .................. [RUN]
[0m14:37:12.782084 [debug] [Thread-1 (]: Re-using an available connection from the pool (formerly model.jeans_mfg_data_pipeline.stg_unpivoted_orders, now model.jeans_mfg_data_pipeline.fact_material_requirements)
[0m14:37:12.784614 [debug] [Thread-1 (]: Began compiling node model.jeans_mfg_data_pipeline.fact_material_requirements
[0m14:37:12.802333 [debug] [Thread-1 (]: Writing injected SQL for node "model.jeans_mfg_data_pipeline.fact_material_requirements"
[0m14:37:12.808322 [debug] [Thread-1 (]: Began executing node model.jeans_mfg_data_pipeline.fact_material_requirements
[0m14:37:12.920081 [debug] [Thread-1 (]: Writing runtime sql for node "model.jeans_mfg_data_pipeline.fact_material_requirements"
[0m14:37:12.925168 [debug] [Thread-1 (]: Using postgres connection "model.jeans_mfg_data_pipeline.fact_material_requirements"
[0m14:37:12.928205 [debug] [Thread-1 (]: On model.jeans_mfg_data_pipeline.fact_material_requirements: /* {"app": "dbt", "dbt_version": "1.11.2", "profile_name": "jeans_mfg_data_pipeline", "target_name": "dev", "node_id": "model.jeans_mfg_data_pipeline.fact_material_requirements"} */

  
    

  create  table "jeans_source_db"."marts"."fact_material_requirements__dbt_tmp"
  
  
    as
  
  (
    -- models/marts/fact_material_requirements.sql

 -- Final models are often tables for performance

SELECT
    o.order_form_no,
    o.order_date,
    o.buyer_name,
    o.buyer_location,
    o.s_no,
    o.style_number,
    CAST(o.size AS INT) AS size, -- Cast size_text back to INT for joining
    o.quantity, -- Renamed from quantity_ordered in staging
    b.material_type,
    b.material_qty_per_unit,
    b.unit_of_measure,
    -- Calculate total material needed for this line item
    o.quantity * b.material_qty_per_unit AS total_material_needed_for_line_item,
    o.ingested_at AS order_ingested_at,
    b.ingested_at AS bom_ingested_at
FROM
    "jeans_source_db"."staging"."stg_unpivoted_orders" o -- Reference our staging model
JOIN
    "jeans_source_db"."public"."raw_bill_of_materials" b -- Reference the BOM source
ON
    o.style_number = b.style_number
    AND CAST(o.size AS INT) = b.size -- Cast to INT for join
WHERE
    o.quantity > 0
  );
  
[0m14:37:12.931293 [debug] [Thread-1 (]: Opening a new connection, currently in state closed
[0m14:37:13.002946 [debug] [Thread-1 (]: Postgres adapter: Postgres error: column b.ingested_at does not exist
LINE 31:     b.ingested_at AS bom_ingested_at
             ^
HINT:  Perhaps you meant to reference the column "o.ingested_at".

[0m14:37:13.005925 [debug] [Thread-1 (]: On model.jeans_mfg_data_pipeline.fact_material_requirements: ROLLBACK
[0m14:37:13.010001 [debug] [Thread-1 (]: On model.jeans_mfg_data_pipeline.fact_material_requirements: Close
[0m14:37:13.060900 [debug] [Thread-1 (]: Database Error in model fact_material_requirements (models\marts\fact_material_requirements.sql)
  column b.ingested_at does not exist
  LINE 31:     b.ingested_at AS bom_ingested_at
               ^
  HINT:  Perhaps you meant to reference the column "o.ingested_at".
  compiled code at target\run\jeans_mfg_data_pipeline\models\marts\fact_material_requirements.sql
[0m14:37:13.064831 [debug] [Thread-1 (]: Sending event: {'category': 'dbt', 'action': 'run_model', 'label': 'f0c24a18-2102-4074-9f78-7c13b00a502a', 'context': [<snowplow_tracker.self_describing_json.SelfDescribingJson object at 0x000001D5EB282790>]}
[0m14:37:13.067951 [error] [Thread-1 (]: 3 of 4 ERROR creating sql table model marts.fact_material_requirements ......... [[31mERROR[0m in 0.28s]
[0m14:37:13.070991 [debug] [Thread-1 (]: Finished running node model.jeans_mfg_data_pipeline.fact_material_requirements
[0m14:37:13.074384 [debug] [Thread-1 (]: Began running node model.jeans_mfg_data_pipeline.fct_order_fulfillment
[0m14:37:13.077792 [debug] [Thread-4 (]: Marking all children of 'model.jeans_mfg_data_pipeline.fact_material_requirements' to be skipped because of status 'error'.  Reason: Database Error in model fact_material_requirements (models\marts\fact_material_requirements.sql)
  column b.ingested_at does not exist
  LINE 31:     b.ingested_at AS bom_ingested_at
               ^
  HINT:  Perhaps you meant to reference the column "o.ingested_at".
  compiled code at target\run\jeans_mfg_data_pipeline\models\marts\fact_material_requirements.sql.
[0m14:37:13.080109 [info ] [Thread-1 (]: 4 of 4 START sql table model marts.fct_order_fulfillment ....................... [RUN]
[0m14:37:13.085712 [debug] [Thread-1 (]: Re-using an available connection from the pool (formerly model.jeans_mfg_data_pipeline.fact_material_requirements, now model.jeans_mfg_data_pipeline.fct_order_fulfillment)
[0m14:37:13.088998 [debug] [Thread-1 (]: Began compiling node model.jeans_mfg_data_pipeline.fct_order_fulfillment
[0m14:37:13.117101 [debug] [Thread-1 (]: Writing injected SQL for node "model.jeans_mfg_data_pipeline.fct_order_fulfillment"
[0m14:37:13.121785 [debug] [Thread-1 (]: Began executing node model.jeans_mfg_data_pipeline.fct_order_fulfillment
[0m14:37:13.150572 [debug] [Thread-1 (]: Writing runtime sql for node "model.jeans_mfg_data_pipeline.fct_order_fulfillment"
[0m14:37:13.166793 [debug] [Thread-1 (]: Using postgres connection "model.jeans_mfg_data_pipeline.fct_order_fulfillment"
[0m14:37:13.177934 [debug] [Thread-1 (]: On model.jeans_mfg_data_pipeline.fct_order_fulfillment: /* {"app": "dbt", "dbt_version": "1.11.2", "profile_name": "jeans_mfg_data_pipeline", "target_name": "dev", "node_id": "model.jeans_mfg_data_pipeline.fct_order_fulfillment"} */

  
    

  create  table "jeans_source_db"."marts"."fct_order_fulfillment__dbt_tmp"
  
  
    as
  
  (
    -- models/marts/fct_order_fulfillment.sql



WITH orders AS (
    SELECT * FROM "jeans_source_db"."staging"."stg_unpivoted_orders"
),

prod_logs AS (
    SELECT * FROM "jeans_source_db"."staging"."stg_production_logs"
),

latest_prod AS (
    SELECT 
        order_form_no,
        stage AS current_production_stage,
        updated_at AS last_stage_updated_at
    FROM (
        SELECT *, ROW_NUMBER() OVER (PARTITION BY order_form_no ORDER BY updated_at DESC) as rn
        FROM prod_logs
    ) t
    WHERE rn = 1
)

SELECT
    o.order_form_no,
    o.order_date,
    o.buyer_name,
    o.buyer_location,
    o.style_number,
    SUM(o.quantity) as total_order_quantity,
    MAX(lp.current_production_stage) as current_production_stage,
    MAX(lp.last_stage_updated_at) as last_stage_updated_at
FROM orders o
LEFT JOIN latest_prod lp ON o.order_form_no = lp.order_form_no
GROUP BY 
    o.order_form_no,
    o.order_date,
    o.buyer_name,
    o.buyer_location,
    o.style_number
  );
  
[0m14:37:13.184743 [debug] [Thread-1 (]: Opening a new connection, currently in state closed
[0m14:37:13.332630 [debug] [Thread-1 (]: SQL status: SELECT 923 in 0.152 seconds
[0m14:37:13.353115 [debug] [Thread-1 (]: Using postgres connection "model.jeans_mfg_data_pipeline.fct_order_fulfillment"
[0m14:37:13.355782 [debug] [Thread-1 (]: On model.jeans_mfg_data_pipeline.fct_order_fulfillment: /* {"app": "dbt", "dbt_version": "1.11.2", "profile_name": "jeans_mfg_data_pipeline", "target_name": "dev", "node_id": "model.jeans_mfg_data_pipeline.fct_order_fulfillment"} */
alter table "jeans_source_db"."marts"."fct_order_fulfillment" rename to "fct_order_fulfillment__dbt_backup"
[0m14:37:13.360328 [debug] [Thread-1 (]: SQL status: ALTER TABLE in 0.003 seconds
[0m14:37:13.378210 [debug] [Thread-1 (]: Using postgres connection "model.jeans_mfg_data_pipeline.fct_order_fulfillment"
[0m14:37:13.378210 [debug] [Thread-1 (]: On model.jeans_mfg_data_pipeline.fct_order_fulfillment: /* {"app": "dbt", "dbt_version": "1.11.2", "profile_name": "jeans_mfg_data_pipeline", "target_name": "dev", "node_id": "model.jeans_mfg_data_pipeline.fct_order_fulfillment"} */
alter table "jeans_source_db"."marts"."fct_order_fulfillment__dbt_tmp" rename to "fct_order_fulfillment"
[0m14:37:13.383845 [debug] [Thread-1 (]: SQL status: ALTER TABLE in 0.002 seconds
[0m14:37:13.391404 [debug] [Thread-1 (]: On model.jeans_mfg_data_pipeline.fct_order_fulfillment: COMMIT
[0m14:37:13.394957 [debug] [Thread-1 (]: Using postgres connection "model.jeans_mfg_data_pipeline.fct_order_fulfillment"
[0m14:37:13.397494 [debug] [Thread-1 (]: On model.jeans_mfg_data_pipeline.fct_order_fulfillment: COMMIT
[0m14:37:13.416921 [debug] [Thread-1 (]: SQL status: COMMIT in 0.018 seconds
[0m14:37:13.430417 [debug] [Thread-1 (]: Applying DROP to: "jeans_source_db"."marts"."fct_order_fulfillment__dbt_backup"
[0m14:37:13.444857 [debug] [Thread-1 (]: Using postgres connection "model.jeans_mfg_data_pipeline.fct_order_fulfillment"
[0m14:37:13.447629 [debug] [Thread-1 (]: On model.jeans_mfg_data_pipeline.fct_order_fulfillment: /* {"app": "dbt", "dbt_version": "1.11.2", "profile_name": "jeans_mfg_data_pipeline", "target_name": "dev", "node_id": "model.jeans_mfg_data_pipeline.fct_order_fulfillment"} */
drop table if exists "jeans_source_db"."marts"."fct_order_fulfillment__dbt_backup" cascade
[0m14:37:13.459766 [debug] [Thread-1 (]: SQL status: DROP TABLE in 0.011 seconds
[0m14:37:13.466058 [debug] [Thread-1 (]: On model.jeans_mfg_data_pipeline.fct_order_fulfillment: Close
[0m14:37:13.469585 [debug] [Thread-1 (]: Sending event: {'category': 'dbt', 'action': 'run_model', 'label': 'f0c24a18-2102-4074-9f78-7c13b00a502a', 'context': [<snowplow_tracker.self_describing_json.SelfDescribingJson object at 0x000001D5ECFB1C10>]}
[0m14:37:13.476643 [info ] [Thread-1 (]: 4 of 4 OK created sql table model marts.fct_order_fulfillment .................. [[32mSELECT 923[0m in 0.38s]
[0m14:37:13.481908 [debug] [Thread-1 (]: Finished running node model.jeans_mfg_data_pipeline.fct_order_fulfillment
[0m14:37:13.486569 [debug] [MainThread]: On master: COMMIT
[0m14:37:13.489792 [debug] [MainThread]: Using postgres connection "master"
[0m14:37:13.492880 [debug] [MainThread]: On master: COMMIT
[0m14:37:13.495306 [debug] [MainThread]: Opening a new connection, currently in state closed
[0m14:37:13.540867 [debug] [MainThread]: SQL status: COMMIT in 0.045 seconds
[0m14:37:13.543874 [debug] [MainThread]: On master: Close
[0m14:37:13.545378 [debug] [MainThread]: Connection 'master' was properly closed.
[0m14:37:13.548633 [debug] [MainThread]: Connection 'list_jeans_source_db' was properly closed.
[0m14:37:13.550159 [debug] [MainThread]: Connection 'list_jeans_source_db_staging' was properly closed.
[0m14:37:13.551194 [debug] [MainThread]: Connection 'model.jeans_mfg_data_pipeline.fct_order_fulfillment' was properly closed.
[0m14:37:13.554889 [info ] [MainThread]: 
[0m14:37:13.561161 [info ] [MainThread]: Finished running 2 table models, 2 view models in 0 hours 0 minutes and 2.70 seconds (2.70s).
[0m14:37:13.568959 [debug] [MainThread]: Command end result
[0m14:37:13.714191 [debug] [MainThread]: Wrote artifact WritableManifest to C:\Data Engineering\jeans_mfg_data_pipeline\target\manifest.json
[0m14:37:13.731341 [debug] [MainThread]: Wrote artifact SemanticManifest to C:\Data Engineering\jeans_mfg_data_pipeline\target\semantic_manifest.json
[0m14:37:13.764112 [debug] [MainThread]: Wrote artifact RunExecutionResult to C:\Data Engineering\jeans_mfg_data_pipeline\target\run_results.json
[0m14:37:13.766135 [info ] [MainThread]: 
[0m14:37:13.769767 [info ] [MainThread]: [31mCompleted with 1 error, 0 partial successes, and 0 warnings:[0m
[0m14:37:13.775687 [info ] [MainThread]: 
[0m14:37:13.780404 [error] [MainThread]: [31mFailure in model fact_material_requirements (models\marts\fact_material_requirements.sql)[0m
[0m14:37:13.782428 [error] [MainThread]:   Database Error in model fact_material_requirements (models\marts\fact_material_requirements.sql)
  column b.ingested_at does not exist
  LINE 31:     b.ingested_at AS bom_ingested_at
               ^
  HINT:  Perhaps you meant to reference the column "o.ingested_at".
  compiled code at target\run\jeans_mfg_data_pipeline\models\marts\fact_material_requirements.sql
[0m14:37:13.785419 [info ] [MainThread]: 
[0m14:37:13.789737 [info ] [MainThread]:   compiled code at target\compiled\jeans_mfg_data_pipeline\models\marts\fact_material_requirements.sql
[0m14:37:13.793755 [info ] [MainThread]: 
[0m14:37:13.797798 [info ] [MainThread]: Done. PASS=3 WARN=0 ERROR=1 SKIP=0 NO-OP=0 TOTAL=4
[0m14:37:13.812897 [debug] [MainThread]: Command `dbt run` failed at 14:37:13.811871 after 8.96 seconds
[0m14:37:13.815459 [debug] [MainThread]: Sending event: {'category': 'dbt', 'action': 'invocation', 'label': 'end', 'context': [<snowplow_tracker.self_describing_json.SelfDescribingJson object at 0x000001D5E4705AD0>, <snowplow_tracker.self_describing_json.SelfDescribingJson object at 0x000001D5E4705ED0>, <snowplow_tracker.self_describing_json.SelfDescribingJson object at 0x000001D5EB451090>]}
[0m14:37:13.817988 [debug] [MainThread]: Flushing usage events
[0m14:37:16.557943 [debug] [MainThread]: An error was encountered while trying to flush usage events
[0m14:37:45.509561 [debug] [MainThread]: Sending event: {'category': 'dbt', 'action': 'invocation', 'label': 'start', 'context': [<snowplow_tracker.self_describing_json.SelfDescribingJson object at 0x0000021D6BA0FBD0>, <snowplow_tracker.self_describing_json.SelfDescribingJson object at 0x0000021D6BA0DE10>, <snowplow_tracker.self_describing_json.SelfDescribingJson object at 0x0000021D6BA0E1D0>]}


============================== 14:37:45.522196 | 963a5dd4-c5c5-4396-a133-49a4fc118d3f ==============================
[0m14:37:45.522196 [info ] [MainThread]: Running with dbt=1.11.2
[0m14:37:45.525806 [debug] [MainThread]: running dbt with arguments {'printer_width': '80', 'indirect_selection': 'eager', 'log_cache_events': 'False', 'write_json': 'True', 'partial_parse': 'True', 'cache_selected_only': 'False', 'profiles_dir': 'C:\\Data Engineering\\jeans_mfg_data_pipeline', 'fail_fast': 'False', 'debug': 'False', 'log_path': 'C:\\Data Engineering\\jeans_mfg_data_pipeline\\logs', 'version_check': 'True', 'warn_error': 'None', 'use_colors': 'True', 'use_experimental_parser': 'False', 'no_print': 'None', 'quiet': 'False', 'empty': 'False', 'warn_error_options': 'WarnErrorOptionsV2(error=[], warn=[], silence=[])', 'invocation_command': 'dbt run', 'log_format': 'default', 'introspect': 'True', 'target_path': 'None', 'static_parser': 'True', 'send_anonymous_usage_stats': 'True'}
[0m14:37:46.168110 [debug] [MainThread]: Sending event: {'category': 'dbt', 'action': 'project_id', 'label': '963a5dd4-c5c5-4396-a133-49a4fc118d3f', 'context': [<snowplow_tracker.self_describing_json.SelfDescribingJson object at 0x0000021D6B210890>]}
[0m14:37:46.391385 [debug] [MainThread]: Sending event: {'category': 'dbt', 'action': 'adapter_info', 'label': '963a5dd4-c5c5-4396-a133-49a4fc118d3f', 'context': [<snowplow_tracker.self_describing_json.SelfDescribingJson object at 0x0000021D682A02D0>]}
[0m14:37:46.394406 [info ] [MainThread]: Registered adapter: postgres=1.10.0
[0m14:37:47.622866 [debug] [MainThread]: checksum: 3d40d8bbe1bef07db1c24822f2dbfff8bc07f2a48ed4fe2658a40653aec0b54b, vars: {}, profile: , target: , version: 1.11.2
[0m14:37:48.049442 [debug] [MainThread]: Partial parsing enabled: 0 files deleted, 0 files added, 0 files changed.
[0m14:37:48.053005 [debug] [MainThread]: Nothing changed, skipping partial parsing.
[0m14:37:48.055057 [debug] [MainThread]: Partial parsing enabled, no changes found, skipping parsing
[0m14:37:48.222371 [debug] [MainThread]: Sending event: {'category': 'dbt', 'action': 'load_project', 'label': '963a5dd4-c5c5-4396-a133-49a4fc118d3f', 'context': [<snowplow_tracker.self_describing_json.SelfDescribingJson object at 0x0000021D6CC49590>]}
[0m14:37:48.840809 [debug] [MainThread]: Wrote artifact WritableManifest to C:\Data Engineering\jeans_mfg_data_pipeline\target\manifest.json
[0m14:37:48.850156 [debug] [MainThread]: Wrote artifact SemanticManifest to C:\Data Engineering\jeans_mfg_data_pipeline\target\semantic_manifest.json
[0m14:37:48.932366 [debug] [MainThread]: Sending event: {'category': 'dbt', 'action': 'resource_counts', 'label': '963a5dd4-c5c5-4396-a133-49a4fc118d3f', 'context': [<snowplow_tracker.self_describing_json.SelfDescribingJson object at 0x0000021D6CBC5AD0>]}
[0m14:37:48.934972 [info ] [MainThread]: Found 5 models, 4 sources, 465 macros
[0m14:37:48.938191 [debug] [MainThread]: Sending event: {'category': 'dbt', 'action': 'runnable_timing', 'label': '963a5dd4-c5c5-4396-a133-49a4fc118d3f', 'context': [<snowplow_tracker.self_describing_json.SelfDescribingJson object at 0x0000021D6CF0CC90>]}
[0m14:37:48.948510 [info ] [MainThread]: 
[0m14:37:48.950579 [info ] [MainThread]: Concurrency: 1 threads (target='dev')
[0m14:37:48.961859 [info ] [MainThread]: 
[0m14:37:48.967455 [debug] [MainThread]: Acquiring new postgres connection 'master'
[0m14:37:49.001900 [debug] [ThreadPool]: Acquiring new postgres connection 'list_jeans_source_db'
[0m14:37:49.431292 [debug] [ThreadPool]: Using postgres connection "list_jeans_source_db"
[0m14:37:49.433085 [debug] [ThreadPool]: On list_jeans_source_db: /* {"app": "dbt", "dbt_version": "1.11.2", "profile_name": "jeans_mfg_data_pipeline", "target_name": "dev", "connection_name": "list_jeans_source_db"} */

    select distinct nspname from pg_namespace
  
[0m14:37:49.435993 [debug] [ThreadPool]: Opening a new connection, currently in state init
[0m14:37:49.503190 [debug] [ThreadPool]: SQL status: SELECT 6 in 0.068 seconds
[0m14:37:49.507796 [debug] [ThreadPool]: On list_jeans_source_db: Close
[0m14:37:49.522117 [debug] [ThreadPool]: Using postgres connection "list_jeans_source_db"
[0m14:37:49.523837 [debug] [ThreadPool]: On list_jeans_source_db: /* {"app": "dbt", "dbt_version": "1.11.2", "profile_name": "jeans_mfg_data_pipeline", "target_name": "dev", "connection_name": "list_jeans_source_db"} */

    select distinct nspname from pg_namespace
  
[0m14:37:49.525385 [debug] [ThreadPool]: Opening a new connection, currently in state closed
[0m14:37:49.569564 [debug] [ThreadPool]: SQL status: SELECT 6 in 0.045 seconds
[0m14:37:49.574998 [debug] [ThreadPool]: On list_jeans_source_db: Close
[0m14:37:49.582395 [debug] [ThreadPool]: Acquiring new postgres connection 'list_jeans_source_db_marts'
[0m14:37:49.609436 [debug] [ThreadPool]: Using postgres connection "list_jeans_source_db_marts"
[0m14:37:49.610957 [debug] [ThreadPool]: On list_jeans_source_db_marts: /* {"app": "dbt", "dbt_version": "1.11.2", "profile_name": "jeans_mfg_data_pipeline", "target_name": "dev", "connection_name": "list_jeans_source_db_marts"} */
select
      'jeans_source_db' as database,
      tablename as name,
      schemaname as schema,
      'table' as type
    from pg_tables
    where schemaname ilike 'marts'
    union all
    select
      'jeans_source_db' as database,
      viewname as name,
      schemaname as schema,
      'view' as type
    from pg_views
    where schemaname ilike 'marts'
    union all
    select
      'jeans_source_db' as database,
      matviewname as name,
      schemaname as schema,
      'materialized_view' as type
    from pg_matviews
    where schemaname ilike 'marts'
  
[0m14:37:49.612628 [debug] [ThreadPool]: Opening a new connection, currently in state init
[0m14:37:49.673958 [debug] [ThreadPool]: SQL status: SELECT 1 in 0.061 seconds
[0m14:37:49.679035 [debug] [ThreadPool]: On list_jeans_source_db_marts: ROLLBACK
[0m14:37:49.682610 [debug] [ThreadPool]: On list_jeans_source_db_marts: Close
[0m14:37:49.687899 [debug] [ThreadPool]: Re-using an available connection from the pool (formerly list_jeans_source_db_marts, now list_jeans_source_db_staging)
[0m14:37:49.793216 [debug] [ThreadPool]: Using postgres connection "list_jeans_source_db_staging"
[0m14:37:49.794730 [debug] [ThreadPool]: On list_jeans_source_db_staging: /* {"app": "dbt", "dbt_version": "1.11.2", "profile_name": "jeans_mfg_data_pipeline", "target_name": "dev", "connection_name": "list_jeans_source_db_staging"} */
select
      'jeans_source_db' as database,
      tablename as name,
      schemaname as schema,
      'table' as type
    from pg_tables
    where schemaname ilike 'staging'
    union all
    select
      'jeans_source_db' as database,
      viewname as name,
      schemaname as schema,
      'view' as type
    from pg_views
    where schemaname ilike 'staging'
    union all
    select
      'jeans_source_db' as database,
      matviewname as name,
      schemaname as schema,
      'materialized_view' as type
    from pg_matviews
    where schemaname ilike 'staging'
  
[0m14:37:49.797294 [debug] [ThreadPool]: Opening a new connection, currently in state closed
[0m14:37:49.842290 [debug] [ThreadPool]: SQL status: SELECT 2 in 0.046 seconds
[0m14:37:49.847332 [debug] [ThreadPool]: On list_jeans_source_db_staging: ROLLBACK
[0m14:37:49.850885 [debug] [ThreadPool]: On list_jeans_source_db_staging: Close
[0m14:37:49.872028 [debug] [MainThread]: Using postgres connection "master"
[0m14:37:49.874666 [debug] [MainThread]: On master: /* {"app": "dbt", "dbt_version": "1.11.2", "profile_name": "jeans_mfg_data_pipeline", "target_name": "dev", "connection_name": "master"} */
select distinct
        dependent_namespace.nspname as dependent_schema,
        dependent_class.relname as dependent_name,
        referenced_namespace.nspname as referenced_schema,
        referenced_class.relname as referenced_name

    -- Query for views: views are entries in pg_class with an entry in pg_rewrite, but we avoid
    -- a seq scan on pg_rewrite by leveraging the fact there is an "internal" row in pg_depend for
    -- the view...
    from pg_class as dependent_class
    join pg_namespace as dependent_namespace on dependent_namespace.oid = dependent_class.relnamespace
    join pg_depend as dependent_depend on dependent_depend.refobjid = dependent_class.oid
        and dependent_depend.classid = 'pg_rewrite'::regclass
        and dependent_depend.refclassid = 'pg_class'::regclass
        and dependent_depend.deptype = 'i'

    -- ... and via pg_depend (that has a row per column, hence the need for "distinct" above, and
    -- making sure to exclude the internal row to avoid a view appearing to depend on itself)...
    join pg_depend as joining_depend on joining_depend.objid = dependent_depend.objid
        and joining_depend.classid = 'pg_rewrite'::regclass
        and joining_depend.refclassid = 'pg_class'::regclass
        and joining_depend.refobjid != dependent_depend.refobjid

    -- ... we can find the tables they query from in pg_class, but excluding system tables. Note we
    -- don't need need to exclude _dependent_ system tables, because they only query from other
    -- system tables, and so are automatically excluded by excluding _referenced_ system tables
    join pg_class as referenced_class on referenced_class.oid = joining_depend.refobjid
    join pg_namespace as referenced_namespace on referenced_namespace.oid = referenced_class.relnamespace
        and referenced_namespace.nspname != 'information_schema'
        and referenced_namespace.nspname not like 'pg\_%'

    order by
        dependent_schema, dependent_name, referenced_schema, referenced_name;
[0m14:37:49.875685 [debug] [MainThread]: Opening a new connection, currently in state init
[0m14:37:49.928405 [debug] [MainThread]: SQL status: SELECT 2 in 0.053 seconds
[0m14:37:49.933719 [debug] [MainThread]: Sending event: {'category': 'dbt', 'action': 'runnable_timing', 'label': '963a5dd4-c5c5-4396-a133-49a4fc118d3f', 'context': [<snowplow_tracker.self_describing_json.SelfDescribingJson object at 0x0000021D6D476E50>]}
[0m14:37:49.936236 [debug] [MainThread]: On master: ROLLBACK
[0m14:37:49.941994 [debug] [MainThread]: On master: COMMIT
[0m14:37:49.943023 [debug] [MainThread]: Using postgres connection "master"
[0m14:37:49.946123 [debug] [MainThread]: On master: COMMIT
[0m14:37:49.949395 [debug] [MainThread]: SQL status: COMMIT in 0.003 seconds
[0m14:37:49.951937 [debug] [MainThread]: On master: Close
[0m14:37:49.963434 [debug] [Thread-1 (]: Began running node model.jeans_mfg_data_pipeline.stg_production_logs
[0m14:37:49.965454 [info ] [Thread-1 (]: 1 of 4 START sql view model staging.stg_production_logs ........................ [RUN]
[0m14:37:49.968455 [debug] [Thread-1 (]: Acquiring new postgres connection 'model.jeans_mfg_data_pipeline.stg_production_logs'
[0m14:37:49.970450 [debug] [Thread-1 (]: Began compiling node model.jeans_mfg_data_pipeline.stg_production_logs
[0m14:37:49.997050 [debug] [Thread-1 (]: Writing injected SQL for node "model.jeans_mfg_data_pipeline.stg_production_logs"
[0m14:37:50.000242 [debug] [Thread-1 (]: Began executing node model.jeans_mfg_data_pipeline.stg_production_logs
[0m14:37:50.112638 [debug] [Thread-1 (]: Writing runtime sql for node "model.jeans_mfg_data_pipeline.stg_production_logs"
[0m14:37:50.116214 [debug] [Thread-1 (]: Using postgres connection "model.jeans_mfg_data_pipeline.stg_production_logs"
[0m14:37:50.118728 [debug] [Thread-1 (]: On model.jeans_mfg_data_pipeline.stg_production_logs: /* {"app": "dbt", "dbt_version": "1.11.2", "profile_name": "jeans_mfg_data_pipeline", "target_name": "dev", "node_id": "model.jeans_mfg_data_pipeline.stg_production_logs"} */

  create view "jeans_source_db"."staging"."stg_production_logs__dbt_tmp"
    
    
  as (
    -- models/staging/stg_production_logs.sql



WITH source AS (
    SELECT * FROM "jeans_source_db"."public"."raw_production_logs"
),

renamed AS (
    SELECT
        log_id,
        order_form_no,
        stage,
        updated_at,
        updated_by
    FROM source
)

SELECT * FROM renamed
  );
[0m14:37:50.121257 [debug] [Thread-1 (]: Opening a new connection, currently in state init
[0m14:37:50.172627 [debug] [Thread-1 (]: SQL status: CREATE VIEW in 0.051 seconds
[0m14:37:50.194504 [debug] [Thread-1 (]: Using postgres connection "model.jeans_mfg_data_pipeline.stg_production_logs"
[0m14:37:50.196666 [debug] [Thread-1 (]: On model.jeans_mfg_data_pipeline.stg_production_logs: /* {"app": "dbt", "dbt_version": "1.11.2", "profile_name": "jeans_mfg_data_pipeline", "target_name": "dev", "node_id": "model.jeans_mfg_data_pipeline.stg_production_logs"} */
alter table "jeans_source_db"."staging"."stg_production_logs" rename to "stg_production_logs__dbt_backup"
[0m14:37:50.200886 [debug] [Thread-1 (]: SQL status: ALTER TABLE in 0.002 seconds
[0m14:37:50.214277 [debug] [Thread-1 (]: Using postgres connection "model.jeans_mfg_data_pipeline.stg_production_logs"
[0m14:37:50.216914 [debug] [Thread-1 (]: On model.jeans_mfg_data_pipeline.stg_production_logs: /* {"app": "dbt", "dbt_version": "1.11.2", "profile_name": "jeans_mfg_data_pipeline", "target_name": "dev", "node_id": "model.jeans_mfg_data_pipeline.stg_production_logs"} */
alter table "jeans_source_db"."staging"."stg_production_logs__dbt_tmp" rename to "stg_production_logs"
[0m14:37:50.221530 [debug] [Thread-1 (]: SQL status: ALTER TABLE in 0.002 seconds
[0m14:37:50.286336 [debug] [Thread-1 (]: On model.jeans_mfg_data_pipeline.stg_production_logs: COMMIT
[0m14:37:50.289889 [debug] [Thread-1 (]: Using postgres connection "model.jeans_mfg_data_pipeline.stg_production_logs"
[0m14:37:50.292098 [debug] [Thread-1 (]: On model.jeans_mfg_data_pipeline.stg_production_logs: COMMIT
[0m14:37:50.305848 [debug] [Thread-1 (]: SQL status: COMMIT in 0.012 seconds
[0m14:37:50.332914 [debug] [Thread-1 (]: Applying DROP to: "jeans_source_db"."staging"."stg_production_logs__dbt_backup"
[0m14:37:50.358166 [debug] [Thread-1 (]: Using postgres connection "model.jeans_mfg_data_pipeline.stg_production_logs"
[0m14:37:50.360690 [debug] [Thread-1 (]: On model.jeans_mfg_data_pipeline.stg_production_logs: /* {"app": "dbt", "dbt_version": "1.11.2", "profile_name": "jeans_mfg_data_pipeline", "target_name": "dev", "node_id": "model.jeans_mfg_data_pipeline.stg_production_logs"} */
drop view if exists "jeans_source_db"."staging"."stg_production_logs__dbt_backup" cascade
[0m14:37:50.375507 [debug] [Thread-1 (]: SQL status: DROP VIEW in 0.012 seconds
[0m14:37:50.388170 [debug] [Thread-1 (]: On model.jeans_mfg_data_pipeline.stg_production_logs: Close
[0m14:37:50.396016 [debug] [Thread-1 (]: Sending event: {'category': 'dbt', 'action': 'run_model', 'label': '963a5dd4-c5c5-4396-a133-49a4fc118d3f', 'context': [<snowplow_tracker.self_describing_json.SelfDescribingJson object at 0x0000021D6BA0E290>]}
[0m14:37:50.399562 [info ] [Thread-1 (]: 1 of 4 OK created sql view model staging.stg_production_logs ................... [[32mCREATE VIEW[0m in 0.42s]
[0m14:37:50.404215 [debug] [Thread-1 (]: Finished running node model.jeans_mfg_data_pipeline.stg_production_logs
[0m14:37:50.406379 [debug] [Thread-1 (]: Began running node model.jeans_mfg_data_pipeline.stg_unpivoted_orders
[0m14:37:50.408666 [info ] [Thread-1 (]: 2 of 4 START sql view model staging.stg_unpivoted_orders ....................... [RUN]
[0m14:37:50.411418 [debug] [Thread-1 (]: Re-using an available connection from the pool (formerly model.jeans_mfg_data_pipeline.stg_production_logs, now model.jeans_mfg_data_pipeline.stg_unpivoted_orders)
[0m14:37:50.413090 [debug] [Thread-1 (]: Began compiling node model.jeans_mfg_data_pipeline.stg_unpivoted_orders
[0m14:37:50.429994 [debug] [Thread-1 (]: Writing injected SQL for node "model.jeans_mfg_data_pipeline.stg_unpivoted_orders"
[0m14:37:50.433214 [debug] [Thread-1 (]: Began executing node model.jeans_mfg_data_pipeline.stg_unpivoted_orders
[0m14:37:50.444792 [debug] [Thread-1 (]: Writing runtime sql for node "model.jeans_mfg_data_pipeline.stg_unpivoted_orders"
[0m14:37:50.448031 [debug] [Thread-1 (]: Using postgres connection "model.jeans_mfg_data_pipeline.stg_unpivoted_orders"
[0m14:37:50.450050 [debug] [Thread-1 (]: On model.jeans_mfg_data_pipeline.stg_unpivoted_orders: /* {"app": "dbt", "dbt_version": "1.11.2", "profile_name": "jeans_mfg_data_pipeline", "target_name": "dev", "node_id": "model.jeans_mfg_data_pipeline.stg_unpivoted_orders"} */

  create view "jeans_source_db"."staging"."stg_unpivoted_orders__dbt_tmp"
    
    
  as (
    -- models/staging/stg_unpivoted_orders.sql



WITH source_orders AS (

    SELECT *
    FROM "jeans_source_db"."public"."raw_orders"

),

unpivoted AS (

    SELECT
        o.order_form_no,
        o.order_date,
        o.buyer_name,
        o.buyer_location,
        o.s_no,
        o.style_number,
        o.unit_price,
        o.line_item_total,
        o.total_qty_line_item,
        o.ingested_at,
        u.size,
        u.quantity_ordered AS quantity
    FROM source_orders o
    CROSS JOIN LATERAL (
        VALUES
            ('18', o.size_18_qty),
            ('20', o.size_20_qty),
            ('22', o.size_22_qty),
            ('24', o.size_24_qty),
            ('26', o.size_26_qty),
            ('28', o.size_28_qty),
            ('30', o.size_30_qty),
            ('32', o.size_32_qty),
            ('34', o.size_34_qty),
            ('36', o.size_36_qty),
            ('38', o.size_38_qty),
            ('40', o.size_40_qty),
            ('42', o.size_42_qty)
    ) AS u(size, quantity_ordered)

)

SELECT *
FROM unpivoted
WHERE quantity > 0
  );
[0m14:37:50.453581 [debug] [Thread-1 (]: Opening a new connection, currently in state closed
[0m14:37:50.512532 [debug] [Thread-1 (]: SQL status: CREATE VIEW in 0.060 seconds
[0m14:37:50.524366 [debug] [Thread-1 (]: Using postgres connection "model.jeans_mfg_data_pipeline.stg_unpivoted_orders"
[0m14:37:50.526390 [debug] [Thread-1 (]: On model.jeans_mfg_data_pipeline.stg_unpivoted_orders: /* {"app": "dbt", "dbt_version": "1.11.2", "profile_name": "jeans_mfg_data_pipeline", "target_name": "dev", "node_id": "model.jeans_mfg_data_pipeline.stg_unpivoted_orders"} */
alter table "jeans_source_db"."staging"."stg_unpivoted_orders" rename to "stg_unpivoted_orders__dbt_backup"
[0m14:37:50.531511 [debug] [Thread-1 (]: SQL status: ALTER TABLE in 0.003 seconds
[0m14:37:50.541531 [debug] [Thread-1 (]: Using postgres connection "model.jeans_mfg_data_pipeline.stg_unpivoted_orders"
[0m14:37:50.543122 [debug] [Thread-1 (]: On model.jeans_mfg_data_pipeline.stg_unpivoted_orders: /* {"app": "dbt", "dbt_version": "1.11.2", "profile_name": "jeans_mfg_data_pipeline", "target_name": "dev", "node_id": "model.jeans_mfg_data_pipeline.stg_unpivoted_orders"} */
alter table "jeans_source_db"."staging"."stg_unpivoted_orders__dbt_tmp" rename to "stg_unpivoted_orders"
[0m14:37:50.547011 [debug] [Thread-1 (]: SQL status: ALTER TABLE in 0.002 seconds
[0m14:37:50.551065 [debug] [Thread-1 (]: On model.jeans_mfg_data_pipeline.stg_unpivoted_orders: COMMIT
[0m14:37:50.553152 [debug] [Thread-1 (]: Using postgres connection "model.jeans_mfg_data_pipeline.stg_unpivoted_orders"
[0m14:37:50.555777 [debug] [Thread-1 (]: On model.jeans_mfg_data_pipeline.stg_unpivoted_orders: COMMIT
[0m14:37:50.569635 [debug] [Thread-1 (]: SQL status: COMMIT in 0.011 seconds
[0m14:37:50.579880 [debug] [Thread-1 (]: Applying DROP to: "jeans_source_db"."staging"."stg_unpivoted_orders__dbt_backup"
[0m14:37:50.582447 [debug] [Thread-1 (]: Using postgres connection "model.jeans_mfg_data_pipeline.stg_unpivoted_orders"
[0m14:37:50.583965 [debug] [Thread-1 (]: On model.jeans_mfg_data_pipeline.stg_unpivoted_orders: /* {"app": "dbt", "dbt_version": "1.11.2", "profile_name": "jeans_mfg_data_pipeline", "target_name": "dev", "node_id": "model.jeans_mfg_data_pipeline.stg_unpivoted_orders"} */
drop view if exists "jeans_source_db"."staging"."stg_unpivoted_orders__dbt_backup" cascade
[0m14:37:50.601010 [debug] [Thread-1 (]: SQL status: DROP VIEW in 0.014 seconds
[0m14:37:50.606652 [debug] [Thread-1 (]: On model.jeans_mfg_data_pipeline.stg_unpivoted_orders: Close
[0m14:37:50.609651 [debug] [Thread-1 (]: Sending event: {'category': 'dbt', 'action': 'run_model', 'label': '963a5dd4-c5c5-4396-a133-49a4fc118d3f', 'context': [<snowplow_tracker.self_describing_json.SelfDescribingJson object at 0x0000021D6D401710>]}
[0m14:37:50.613342 [info ] [Thread-1 (]: 2 of 4 OK created sql view model staging.stg_unpivoted_orders .................. [[32mCREATE VIEW[0m in 0.20s]
[0m14:37:50.616746 [debug] [Thread-1 (]: Finished running node model.jeans_mfg_data_pipeline.stg_unpivoted_orders
[0m14:37:50.620068 [debug] [Thread-1 (]: Began running node model.jeans_mfg_data_pipeline.fact_material_requirements
[0m14:37:50.623261 [info ] [Thread-1 (]: 3 of 4 START sql table model marts.fact_material_requirements .................. [RUN]
[0m14:37:50.625499 [debug] [Thread-1 (]: Re-using an available connection from the pool (formerly model.jeans_mfg_data_pipeline.stg_unpivoted_orders, now model.jeans_mfg_data_pipeline.fact_material_requirements)
[0m14:37:50.626513 [debug] [Thread-1 (]: Began compiling node model.jeans_mfg_data_pipeline.fact_material_requirements
[0m14:37:50.641969 [debug] [Thread-1 (]: Writing injected SQL for node "model.jeans_mfg_data_pipeline.fact_material_requirements"
[0m14:37:50.645027 [debug] [Thread-1 (]: Began executing node model.jeans_mfg_data_pipeline.fact_material_requirements
[0m14:37:50.727367 [debug] [Thread-1 (]: Writing runtime sql for node "model.jeans_mfg_data_pipeline.fact_material_requirements"
[0m14:37:50.730465 [debug] [Thread-1 (]: Using postgres connection "model.jeans_mfg_data_pipeline.fact_material_requirements"
[0m14:37:50.732093 [debug] [Thread-1 (]: On model.jeans_mfg_data_pipeline.fact_material_requirements: /* {"app": "dbt", "dbt_version": "1.11.2", "profile_name": "jeans_mfg_data_pipeline", "target_name": "dev", "node_id": "model.jeans_mfg_data_pipeline.fact_material_requirements"} */

  
    

  create  table "jeans_source_db"."marts"."fact_material_requirements__dbt_tmp"
  
  
    as
  
  (
    -- models/marts/fact_material_requirements.sql

 -- Final models are often tables for performance

SELECT
    o.order_form_no,
    o.order_date,
    o.buyer_name,
    o.buyer_location,
    o.s_no,
    o.style_number,
    CAST(o.size AS INT) AS size, -- Cast size_text back to INT for joining
    o.quantity, -- Renamed from quantity_ordered in staging
    b.material_type,
    b.material_qty_per_unit,
    b.unit_of_measure,
    -- Calculate total material needed for this line item
    o.quantity * b.material_qty_per_unit AS total_material_needed_for_line_item,
    o.ingested_at AS order_ingested_at,
    b.ingested_at AS bom_ingested_at
FROM
    "jeans_source_db"."staging"."stg_unpivoted_orders" o -- Reference our staging model
JOIN
    "jeans_source_db"."public"."raw_bill_of_materials" b -- Reference the BOM source
ON
    o.style_number = b.style_number
    AND CAST(o.size AS INT) = b.size -- Cast to INT for join
WHERE
    o.quantity > 0
  );
  
[0m14:37:50.733092 [debug] [Thread-1 (]: Opening a new connection, currently in state closed
[0m14:37:50.847356 [debug] [Thread-1 (]: SQL status: SELECT 7007 in 0.114 seconds
[0m14:37:50.863386 [debug] [Thread-1 (]: Using postgres connection "model.jeans_mfg_data_pipeline.fact_material_requirements"
[0m14:37:50.864926 [debug] [Thread-1 (]: On model.jeans_mfg_data_pipeline.fact_material_requirements: /* {"app": "dbt", "dbt_version": "1.11.2", "profile_name": "jeans_mfg_data_pipeline", "target_name": "dev", "node_id": "model.jeans_mfg_data_pipeline.fact_material_requirements"} */
alter table "jeans_source_db"."marts"."fact_material_requirements__dbt_tmp" rename to "fact_material_requirements"
[0m14:37:50.868941 [debug] [Thread-1 (]: SQL status: ALTER TABLE in 0.002 seconds
[0m14:37:50.872055 [debug] [Thread-1 (]: On model.jeans_mfg_data_pipeline.fact_material_requirements: COMMIT
[0m14:37:50.874732 [debug] [Thread-1 (]: Using postgres connection "model.jeans_mfg_data_pipeline.fact_material_requirements"
[0m14:37:50.875742 [debug] [Thread-1 (]: On model.jeans_mfg_data_pipeline.fact_material_requirements: COMMIT
[0m14:37:50.891256 [debug] [Thread-1 (]: SQL status: COMMIT in 0.014 seconds
[0m14:37:50.903334 [debug] [Thread-1 (]: Applying DROP to: "jeans_source_db"."marts"."fact_material_requirements__dbt_backup"
[0m14:37:50.913480 [debug] [Thread-1 (]: Using postgres connection "model.jeans_mfg_data_pipeline.fact_material_requirements"
[0m14:37:50.916493 [debug] [Thread-1 (]: On model.jeans_mfg_data_pipeline.fact_material_requirements: /* {"app": "dbt", "dbt_version": "1.11.2", "profile_name": "jeans_mfg_data_pipeline", "target_name": "dev", "node_id": "model.jeans_mfg_data_pipeline.fact_material_requirements"} */
drop table if exists "jeans_source_db"."marts"."fact_material_requirements__dbt_backup" cascade
[0m14:37:50.920720 [debug] [Thread-1 (]: SQL status: DROP TABLE in 0.002 seconds
[0m14:37:50.924920 [debug] [Thread-1 (]: On model.jeans_mfg_data_pipeline.fact_material_requirements: Close
[0m14:37:50.928462 [debug] [Thread-1 (]: Sending event: {'category': 'dbt', 'action': 'run_model', 'label': '963a5dd4-c5c5-4396-a133-49a4fc118d3f', 'context': [<snowplow_tracker.self_describing_json.SelfDescribingJson object at 0x0000021D6D4FB390>]}
[0m14:37:50.932671 [info ] [Thread-1 (]: 3 of 4 OK created sql table model marts.fact_material_requirements ............. [[32mSELECT 7007[0m in 0.30s]
[0m14:37:50.938003 [debug] [Thread-1 (]: Finished running node model.jeans_mfg_data_pipeline.fact_material_requirements
[0m14:37:50.940821 [debug] [Thread-1 (]: Began running node model.jeans_mfg_data_pipeline.fct_order_fulfillment
[0m14:37:50.943066 [info ] [Thread-1 (]: 4 of 4 START sql table model marts.fct_order_fulfillment ....................... [RUN]
[0m14:37:50.945392 [debug] [Thread-1 (]: Re-using an available connection from the pool (formerly model.jeans_mfg_data_pipeline.fact_material_requirements, now model.jeans_mfg_data_pipeline.fct_order_fulfillment)
[0m14:37:50.948029 [debug] [Thread-1 (]: Began compiling node model.jeans_mfg_data_pipeline.fct_order_fulfillment
[0m14:37:50.962687 [debug] [Thread-1 (]: Writing injected SQL for node "model.jeans_mfg_data_pipeline.fct_order_fulfillment"
[0m14:37:50.966231 [debug] [Thread-1 (]: Began executing node model.jeans_mfg_data_pipeline.fct_order_fulfillment
[0m14:37:50.984236 [debug] [Thread-1 (]: Writing runtime sql for node "model.jeans_mfg_data_pipeline.fct_order_fulfillment"
[0m14:37:50.988834 [debug] [Thread-1 (]: Using postgres connection "model.jeans_mfg_data_pipeline.fct_order_fulfillment"
[0m14:37:50.990869 [debug] [Thread-1 (]: On model.jeans_mfg_data_pipeline.fct_order_fulfillment: /* {"app": "dbt", "dbt_version": "1.11.2", "profile_name": "jeans_mfg_data_pipeline", "target_name": "dev", "node_id": "model.jeans_mfg_data_pipeline.fct_order_fulfillment"} */

  
    

  create  table "jeans_source_db"."marts"."fct_order_fulfillment__dbt_tmp"
  
  
    as
  
  (
    -- models/marts/fct_order_fulfillment.sql



WITH orders AS (
    SELECT * FROM "jeans_source_db"."staging"."stg_unpivoted_orders"
),

prod_logs AS (
    SELECT * FROM "jeans_source_db"."staging"."stg_production_logs"
),

latest_prod AS (
    SELECT 
        order_form_no,
        stage AS current_production_stage,
        updated_at AS last_stage_updated_at
    FROM (
        SELECT *, ROW_NUMBER() OVER (PARTITION BY order_form_no ORDER BY updated_at DESC) as rn
        FROM prod_logs
    ) t
    WHERE rn = 1
)

SELECT
    o.order_form_no,
    o.order_date,
    o.buyer_name,
    o.buyer_location,
    o.style_number,
    SUM(o.quantity) as total_order_quantity,
    MAX(lp.current_production_stage) as current_production_stage,
    MAX(lp.last_stage_updated_at) as last_stage_updated_at
FROM orders o
LEFT JOIN latest_prod lp ON o.order_form_no = lp.order_form_no
GROUP BY 
    o.order_form_no,
    o.order_date,
    o.buyer_name,
    o.buyer_location,
    o.style_number
  );
  
[0m14:37:50.992871 [debug] [Thread-1 (]: Opening a new connection, currently in state closed
[0m14:37:51.087774 [debug] [Thread-1 (]: SQL status: SELECT 923 in 0.093 seconds
[0m14:37:51.101087 [debug] [Thread-1 (]: Using postgres connection "model.jeans_mfg_data_pipeline.fct_order_fulfillment"
[0m14:37:51.104143 [debug] [Thread-1 (]: On model.jeans_mfg_data_pipeline.fct_order_fulfillment: /* {"app": "dbt", "dbt_version": "1.11.2", "profile_name": "jeans_mfg_data_pipeline", "target_name": "dev", "node_id": "model.jeans_mfg_data_pipeline.fct_order_fulfillment"} */
alter table "jeans_source_db"."marts"."fct_order_fulfillment" rename to "fct_order_fulfillment__dbt_backup"
[0m14:37:51.107263 [debug] [Thread-1 (]: SQL status: ALTER TABLE in 0.002 seconds
[0m14:37:51.116037 [debug] [Thread-1 (]: Using postgres connection "model.jeans_mfg_data_pipeline.fct_order_fulfillment"
[0m14:37:51.118039 [debug] [Thread-1 (]: On model.jeans_mfg_data_pipeline.fct_order_fulfillment: /* {"app": "dbt", "dbt_version": "1.11.2", "profile_name": "jeans_mfg_data_pipeline", "target_name": "dev", "node_id": "model.jeans_mfg_data_pipeline.fct_order_fulfillment"} */
alter table "jeans_source_db"."marts"."fct_order_fulfillment__dbt_tmp" rename to "fct_order_fulfillment"
[0m14:37:51.121927 [debug] [Thread-1 (]: SQL status: ALTER TABLE in 0.002 seconds
[0m14:37:51.126558 [debug] [Thread-1 (]: On model.jeans_mfg_data_pipeline.fct_order_fulfillment: COMMIT
[0m14:37:51.128560 [debug] [Thread-1 (]: Using postgres connection "model.jeans_mfg_data_pipeline.fct_order_fulfillment"
[0m14:37:51.130626 [debug] [Thread-1 (]: On model.jeans_mfg_data_pipeline.fct_order_fulfillment: COMMIT
[0m14:37:51.144369 [debug] [Thread-1 (]: SQL status: COMMIT in 0.012 seconds
[0m14:37:51.151629 [debug] [Thread-1 (]: Applying DROP to: "jeans_source_db"."marts"."fct_order_fulfillment__dbt_backup"
[0m14:37:51.155168 [debug] [Thread-1 (]: Using postgres connection "model.jeans_mfg_data_pipeline.fct_order_fulfillment"
[0m14:37:51.156725 [debug] [Thread-1 (]: On model.jeans_mfg_data_pipeline.fct_order_fulfillment: /* {"app": "dbt", "dbt_version": "1.11.2", "profile_name": "jeans_mfg_data_pipeline", "target_name": "dev", "node_id": "model.jeans_mfg_data_pipeline.fct_order_fulfillment"} */
drop table if exists "jeans_source_db"."marts"."fct_order_fulfillment__dbt_backup" cascade
[0m14:37:51.171575 [debug] [Thread-1 (]: SQL status: DROP TABLE in 0.012 seconds
[0m14:37:51.177349 [debug] [Thread-1 (]: On model.jeans_mfg_data_pipeline.fct_order_fulfillment: Close
[0m14:37:51.180413 [debug] [Thread-1 (]: Sending event: {'category': 'dbt', 'action': 'run_model', 'label': '963a5dd4-c5c5-4396-a133-49a4fc118d3f', 'context': [<snowplow_tracker.self_describing_json.SelfDescribingJson object at 0x0000021D6D5302D0>]}
[0m14:37:51.183953 [info ] [Thread-1 (]: 4 of 4 OK created sql table model marts.fct_order_fulfillment .................. [[32mSELECT 923[0m in 0.24s]
[0m14:37:51.189005 [debug] [Thread-1 (]: Finished running node model.jeans_mfg_data_pipeline.fct_order_fulfillment
[0m14:37:51.192922 [debug] [MainThread]: On master: COMMIT
[0m14:37:51.194574 [debug] [MainThread]: Using postgres connection "master"
[0m14:37:51.196271 [debug] [MainThread]: On master: COMMIT
[0m14:37:51.197284 [debug] [MainThread]: Opening a new connection, currently in state closed
[0m14:37:51.244920 [debug] [MainThread]: SQL status: COMMIT in 0.048 seconds
[0m14:37:51.247084 [debug] [MainThread]: On master: Close
[0m14:37:51.250100 [debug] [MainThread]: Connection 'master' was properly closed.
[0m14:37:51.251107 [debug] [MainThread]: Connection 'list_jeans_source_db' was properly closed.
[0m14:37:51.254368 [debug] [MainThread]: Connection 'list_jeans_source_db_staging' was properly closed.
[0m14:37:51.256422 [debug] [MainThread]: Connection 'model.jeans_mfg_data_pipeline.fct_order_fulfillment' was properly closed.
[0m14:37:51.258446 [info ] [MainThread]: 
[0m14:37:51.260479 [info ] [MainThread]: Finished running 2 table models, 2 view models in 0 hours 0 minutes and 2.29 seconds (2.29s).
[0m14:37:51.266203 [debug] [MainThread]: Command end result
[0m14:37:51.355010 [debug] [MainThread]: Wrote artifact WritableManifest to C:\Data Engineering\jeans_mfg_data_pipeline\target\manifest.json
[0m14:37:51.362716 [debug] [MainThread]: Wrote artifact SemanticManifest to C:\Data Engineering\jeans_mfg_data_pipeline\target\semantic_manifest.json
[0m14:37:51.382499 [debug] [MainThread]: Wrote artifact RunExecutionResult to C:\Data Engineering\jeans_mfg_data_pipeline\target\run_results.json
[0m14:37:51.383661 [info ] [MainThread]: 
[0m14:37:51.386435 [info ] [MainThread]: [32mCompleted successfully[0m
[0m14:37:51.389579 [info ] [MainThread]: 
[0m14:37:51.391809 [info ] [MainThread]: Done. PASS=4 WARN=0 ERROR=0 SKIP=0 NO-OP=0 TOTAL=4
[0m14:37:51.395663 [debug] [MainThread]: Command `dbt run` succeeded at 14:37:51.395129 after 6.28 seconds
[0m14:37:51.397889 [debug] [MainThread]: Sending event: {'category': 'dbt', 'action': 'invocation', 'label': 'end', 'context': [<snowplow_tracker.self_describing_json.SelfDescribingJson object at 0x0000021D64D65F50>, <snowplow_tracker.self_describing_json.SelfDescribingJson object at 0x0000021D64D65A10>, <snowplow_tracker.self_describing_json.SelfDescribingJson object at 0x0000021D64D65C10>]}
[0m14:37:51.399597 [debug] [MainThread]: Flushing usage events
[0m14:37:53.061612 [debug] [MainThread]: An error was encountered while trying to flush usage events
[0m14:38:12.278389 [debug] [MainThread]: Sending event: {'category': 'dbt', 'action': 'invocation', 'label': 'start', 'context': [<snowplow_tracker.self_describing_json.SelfDescribingJson object at 0x000001474026E610>, <snowplow_tracker.self_describing_json.SelfDescribingJson object at 0x000001474026DD10>, <snowplow_tracker.self_describing_json.SelfDescribingJson object at 0x000001474026D890>]}


============================== 14:38:12.294832 | 3134d926-4399-4170-9d96-33429b40c66c ==============================
[0m14:38:12.294832 [info ] [MainThread]: Running with dbt=1.11.2
[0m14:38:12.297361 [debug] [MainThread]: running dbt with arguments {'printer_width': '80', 'indirect_selection': 'eager', 'log_cache_events': 'False', 'write_json': 'True', 'partial_parse': 'True', 'cache_selected_only': 'False', 'warn_error': 'None', 'version_check': 'True', 'profiles_dir': 'C:\\Data Engineering\\jeans_mfg_data_pipeline', 'log_path': 'C:\\Data Engineering\\jeans_mfg_data_pipeline\\logs', 'fail_fast': 'False', 'debug': 'False', 'use_colors': 'True', 'use_experimental_parser': 'False', 'empty': 'None', 'quiet': 'False', 'no_print': 'None', 'warn_error_options': 'WarnErrorOptionsV2(error=[], warn=[], silence=[])', 'static_parser': 'True', 'introspect': 'True', 'log_format': 'default', 'target_path': 'None', 'invocation_command': 'dbt test', 'send_anonymous_usage_stats': 'True'}
[0m14:38:13.185407 [debug] [MainThread]: Sending event: {'category': 'dbt', 'action': 'project_id', 'label': '3134d926-4399-4170-9d96-33429b40c66c', 'context': [<snowplow_tracker.self_describing_json.SelfDescribingJson object at 0x00000147402C64D0>]}
[0m14:38:13.473935 [debug] [MainThread]: Sending event: {'category': 'dbt', 'action': 'adapter_info', 'label': '3134d926-4399-4170-9d96-33429b40c66c', 'context': [<snowplow_tracker.self_describing_json.SelfDescribingJson object at 0x000001473CAB1010>]}
[0m14:38:13.479038 [info ] [MainThread]: Registered adapter: postgres=1.10.0
[0m14:38:15.011230 [debug] [MainThread]: checksum: 3d40d8bbe1bef07db1c24822f2dbfff8bc07f2a48ed4fe2658a40653aec0b54b, vars: {}, profile: , target: , version: 1.11.2
[0m14:38:15.726108 [debug] [MainThread]: Partial parsing enabled: 0 files deleted, 0 files added, 0 files changed.
[0m14:38:15.728108 [debug] [MainThread]: Nothing changed, skipping partial parsing.
[0m14:38:15.730106 [debug] [MainThread]: Partial parsing enabled, no changes found, skipping parsing
[0m14:38:15.916825 [debug] [MainThread]: Sending event: {'category': 'dbt', 'action': 'load_project', 'label': '3134d926-4399-4170-9d96-33429b40c66c', 'context': [<snowplow_tracker.self_describing_json.SelfDescribingJson object at 0x00000147402FF750>]}
[0m14:38:16.377585 [debug] [MainThread]: Wrote artifact WritableManifest to C:\Data Engineering\jeans_mfg_data_pipeline\target\manifest.json
[0m14:38:16.391121 [debug] [MainThread]: Wrote artifact SemanticManifest to C:\Data Engineering\jeans_mfg_data_pipeline\target\semantic_manifest.json
[0m14:38:16.584246 [debug] [MainThread]: Sending event: {'category': 'dbt', 'action': 'resource_counts', 'label': '3134d926-4399-4170-9d96-33429b40c66c', 'context': [<snowplow_tracker.self_describing_json.SelfDescribingJson object at 0x0000014741A22F50>]}
[0m14:38:16.588848 [info ] [MainThread]: Found 5 models, 4 sources, 465 macros
[0m14:38:16.591965 [debug] [MainThread]: Sending event: {'category': 'dbt', 'action': 'runnable_timing', 'label': '3134d926-4399-4170-9d96-33429b40c66c', 'context': [<snowplow_tracker.self_describing_json.SelfDescribingJson object at 0x000001474172A090>]}
[0m14:38:16.604136 [warn ] [MainThread]: Nothing to do. Try checking your model configs and model specification args
[0m14:38:16.612518 [debug] [MainThread]: Command end result
[0m14:38:16.736890 [debug] [MainThread]: Wrote artifact WritableManifest to C:\Data Engineering\jeans_mfg_data_pipeline\target\manifest.json
[0m14:38:16.744846 [debug] [MainThread]: Wrote artifact SemanticManifest to C:\Data Engineering\jeans_mfg_data_pipeline\target\semantic_manifest.json
[0m14:38:16.756747 [debug] [MainThread]: Wrote artifact RunExecutionResult to C:\Data Engineering\jeans_mfg_data_pipeline\target\run_results.json
[0m14:38:16.760910 [debug] [MainThread]: Command `dbt test` succeeded at 14:38:16.759907 after 4.96 seconds
[0m14:38:16.762833 [debug] [MainThread]: Sending event: {'category': 'dbt', 'action': 'invocation', 'label': 'end', 'context': [<snowplow_tracker.self_describing_json.SelfDescribingJson object at 0x00000147402633D0>, <snowplow_tracker.self_describing_json.SelfDescribingJson object at 0x00000147395F5C90>, <snowplow_tracker.self_describing_json.SelfDescribingJson object at 0x00000147395F5A10>]}
[0m14:38:16.764379 [debug] [MainThread]: Flushing usage events
[0m14:38:18.734646 [debug] [MainThread]: An error was encountered while trying to flush usage events
[0m13:44:33.411817 [debug] [MainThread]: Sending event: {'category': 'dbt', 'action': 'invocation', 'label': 'start', 'context': [<snowplow_tracker.self_describing_json.SelfDescribingJson object at 0x0000021086E8E710>, <snowplow_tracker.self_describing_json.SelfDescribingJson object at 0x0000021086E85450>, <snowplow_tracker.self_describing_json.SelfDescribingJson object at 0x0000021086E8E410>]}


============================== 13:44:33.433866 | a3feb129-311e-4a7d-9756-7efd4e89b610 ==============================
[0m13:44:33.433866 [info ] [MainThread]: Running with dbt=1.11.2
[0m13:44:33.439341 [debug] [MainThread]: running dbt with arguments {'printer_width': '80', 'indirect_selection': 'eager', 'write_json': 'True', 'log_cache_events': 'False', 'partial_parse': 'True', 'cache_selected_only': 'False', 'profiles_dir': 'C:\\Data Engineering\\jeans_mfg_data_pipeline', 'debug': 'False', 'fail_fast': 'False', 'log_path': 'C:\\Data Engineering\\jeans_mfg_data_pipeline\\logs', 'version_check': 'True', 'warn_error': 'None', 'use_colors': 'True', 'use_experimental_parser': 'False', 'empty': 'False', 'quiet': 'False', 'no_print': 'None', 'warn_error_options': 'WarnErrorOptionsV2(error=[], warn=[], silence=[])', 'introspect': 'True', 'invocation_command': 'dbt run', 'log_format': 'default', 'target_path': 'None', 'static_parser': 'True', 'send_anonymous_usage_stats': 'True'}
[0m13:44:34.504497 [debug] [MainThread]: Sending event: {'category': 'dbt', 'action': 'project_id', 'label': 'a3feb129-311e-4a7d-9756-7efd4e89b610', 'context': [<snowplow_tracker.self_describing_json.SelfDescribingJson object at 0x0000021086602910>]}
[0m13:44:34.857489 [debug] [MainThread]: Sending event: {'category': 'dbt', 'action': 'adapter_info', 'label': 'a3feb129-311e-4a7d-9756-7efd4e89b610', 'context': [<snowplow_tracker.self_describing_json.SelfDescribingJson object at 0x00000210836D0490>]}
[0m13:44:34.862695 [info ] [MainThread]: Registered adapter: postgres=1.10.0
[0m13:44:37.908359 [debug] [MainThread]: checksum: 3d40d8bbe1bef07db1c24822f2dbfff8bc07f2a48ed4fe2658a40653aec0b54b, vars: {}, profile: , target: , version: 1.11.2
[0m13:44:38.851476 [debug] [MainThread]: Partial parsing enabled: 0 files deleted, 2 files added, 1 files changed.
[0m13:44:38.853170 [debug] [MainThread]: Partial parsing: added file: jeans_mfg_data_pipeline://models\staging\stg_shipping_logs.sql
[0m13:44:38.854837 [debug] [MainThread]: Partial parsing: added file: jeans_mfg_data_pipeline://models\schema.yml
[0m13:44:38.857405 [debug] [MainThread]: Partial parsing: updated file: jeans_mfg_data_pipeline://models\marts\fct_order_fulfillment.sql
[0m13:44:41.919754 [warn ] [MainThread]: [[33mWARNING[0m][MissingArgumentsPropertyInGenericTestDeprecation]: Deprecated
functionality
Found top-level arguments to test `accepted_values` defined on
'fct_order_fulfillment' in package 'jeans_mfg_data_pipeline'
(models\schema.yml). Arguments to generic tests should be nested under the
`arguments` property.
[0m13:44:41.921835 [debug] [MainThread]: Sending event: {'category': 'dbt', 'action': 'deprecation', 'label': 'a3feb129-311e-4a7d-9756-7efd4e89b610', 'property_': 'warn', 'context': [<snowplow_tracker.self_describing_json.SelfDescribingJson object at 0x00000210884F7F50>]}
[0m13:44:42.300846 [error] [MainThread]: Encountered an error:
Compilation Error
  dbt found two sources with the name "raw_raw_orders".
  
  Since these resources have the same name, dbt will be unable to find the correct resource
  when looking for source("raw", "raw_orders").
  
  To fix this, change the name of one of these resources:
  - source.jeans_mfg_data_pipeline.raw.raw_orders (models\schema.yml)
  - source.jeans_mfg_data_pipeline.raw.raw_orders (models\sources.yml)
[0m13:44:42.304239 [warn ] [MainThread]: [[33mWARNING[0m][DeprecationsSummary]: Deprecated functionality
Summary of encountered deprecations:
- MissingArgumentsPropertyInGenericTestDeprecation: 1 occurrence
To see all deprecation instances instead of just the first occurrence of each,
run command again with the `--show-all-deprecations` flag. You may also need to
run with `--no-partial-parse` as some deprecations are only encountered during
parsing.
[0m13:44:42.331631 [debug] [MainThread]: Command `dbt run` failed at 13:44:42.319776 after 9.29 seconds
[0m13:44:42.340247 [debug] [MainThread]: Sending event: {'category': 'dbt', 'action': 'invocation', 'label': 'end', 'context': [<snowplow_tracker.self_describing_json.SelfDescribingJson object at 0x0000021080235C10>, <snowplow_tracker.self_describing_json.SelfDescribingJson object at 0x00000210882DFE10>, <snowplow_tracker.self_describing_json.SelfDescribingJson object at 0x0000021080235BD0>]}
[0m13:44:42.348210 [debug] [MainThread]: Flushing usage events
[0m13:44:45.082609 [debug] [MainThread]: An error was encountered while trying to flush usage events
[0m13:45:48.966541 [debug] [MainThread]: Sending event: {'category': 'dbt', 'action': 'invocation', 'label': 'start', 'context': [<snowplow_tracker.self_describing_json.SelfDescribingJson object at 0x000002876CD4FBD0>, <snowplow_tracker.self_describing_json.SelfDescribingJson object at 0x000002876C4D0690>, <snowplow_tracker.self_describing_json.SelfDescribingJson object at 0x000002876C4D3A10>]}


============================== 13:45:48.982310 | 703bca03-d51e-4277-8262-f2a788190fda ==============================
[0m13:45:48.982310 [info ] [MainThread]: Running with dbt=1.11.2
[0m13:45:48.985552 [debug] [MainThread]: running dbt with arguments {'printer_width': '80', 'indirect_selection': 'eager', 'log_cache_events': 'False', 'write_json': 'True', 'partial_parse': 'True', 'cache_selected_only': 'False', 'profiles_dir': 'C:\\Data Engineering\\jeans_mfg_data_pipeline', 'debug': 'False', 'fail_fast': 'False', 'log_path': 'C:\\Data Engineering\\jeans_mfg_data_pipeline\\logs', 'version_check': 'True', 'warn_error': 'None', 'use_colors': 'True', 'use_experimental_parser': 'False', 'empty': 'False', 'quiet': 'False', 'no_print': 'None', 'warn_error_options': 'WarnErrorOptionsV2(error=[], warn=[], silence=[])', 'invocation_command': 'dbt run', 'log_format': 'default', 'introspect': 'True', 'target_path': 'None', 'static_parser': 'True', 'send_anonymous_usage_stats': 'True'}
[0m13:45:49.657830 [debug] [MainThread]: Sending event: {'category': 'dbt', 'action': 'project_id', 'label': '703bca03-d51e-4277-8262-f2a788190fda', 'context': [<snowplow_tracker.self_describing_json.SelfDescribingJson object at 0x000002876CDA6D50>]}
[0m13:45:50.044116 [debug] [MainThread]: Sending event: {'category': 'dbt', 'action': 'adapter_info', 'label': '703bca03-d51e-4277-8262-f2a788190fda', 'context': [<snowplow_tracker.self_describing_json.SelfDescribingJson object at 0x00000287695907D0>]}
[0m13:45:50.056945 [info ] [MainThread]: Registered adapter: postgres=1.10.0
[0m13:45:51.913146 [debug] [MainThread]: checksum: 3d40d8bbe1bef07db1c24822f2dbfff8bc07f2a48ed4fe2658a40653aec0b54b, vars: {}, profile: , target: , version: 1.11.2
[0m13:45:52.757901 [debug] [MainThread]: Partial parsing enabled: 0 files deleted, 2 files added, 2 files changed.
[0m13:45:52.763931 [debug] [MainThread]: Partial parsing: added file: jeans_mfg_data_pipeline://models\schema.yml
[0m13:45:52.765029 [debug] [MainThread]: Partial parsing: added file: jeans_mfg_data_pipeline://models\staging\stg_shipping_logs.sql
[0m13:45:52.769626 [debug] [MainThread]: Partial parsing: updated file: jeans_mfg_data_pipeline://models\sources.yml
[0m13:45:52.774797 [debug] [MainThread]: Partial parsing: updated file: jeans_mfg_data_pipeline://models\marts\fct_order_fulfillment.sql
[0m13:45:54.885801 [warn ] [MainThread]: [[33mWARNING[0m][MissingArgumentsPropertyInGenericTestDeprecation]: Deprecated
functionality
Found top-level arguments to test `accepted_values` defined on
'fct_order_fulfillment' in package 'jeans_mfg_data_pipeline'
(models\schema.yml). Arguments to generic tests should be nested under the
`arguments` property.
[0m13:45:54.891943 [debug] [MainThread]: Sending event: {'category': 'dbt', 'action': 'deprecation', 'label': '703bca03-d51e-4277-8262-f2a788190fda', 'property_': 'warn', 'context': [<snowplow_tracker.self_describing_json.SelfDescribingJson object at 0x000002876E4BC050>]}
[0m13:45:55.892397 [debug] [MainThread]: Sending event: {'category': 'dbt', 'action': 'load_project', 'label': '703bca03-d51e-4277-8262-f2a788190fda', 'context': [<snowplow_tracker.self_describing_json.SelfDescribingJson object at 0x000002876C647D50>]}
[0m13:45:56.317059 [debug] [MainThread]: Wrote artifact WritableManifest to C:\Data Engineering\jeans_mfg_data_pipeline\target\manifest.json
[0m13:45:56.332628 [debug] [MainThread]: Wrote artifact SemanticManifest to C:\Data Engineering\jeans_mfg_data_pipeline\target\semantic_manifest.json
[0m13:45:56.614978 [debug] [MainThread]: Sending event: {'category': 'dbt', 'action': 'resource_counts', 'label': '703bca03-d51e-4277-8262-f2a788190fda', 'context': [<snowplow_tracker.self_describing_json.SelfDescribingJson object at 0x000002876E782590>]}
[0m13:45:56.617668 [info ] [MainThread]: Found 6 models, 8 data tests, 4 sources, 465 macros
[0m13:45:56.619379 [debug] [MainThread]: Sending event: {'category': 'dbt', 'action': 'runnable_timing', 'label': '703bca03-d51e-4277-8262-f2a788190fda', 'context': [<snowplow_tracker.self_describing_json.SelfDescribingJson object at 0x000002876E60C690>]}
[0m13:45:56.627564 [info ] [MainThread]: 
[0m13:45:56.632307 [info ] [MainThread]: Concurrency: 1 threads (target='dev')
[0m13:45:56.635696 [info ] [MainThread]: 
[0m13:45:56.639695 [debug] [MainThread]: Acquiring new postgres connection 'master'
[0m13:45:56.654654 [debug] [ThreadPool]: Acquiring new postgres connection 'list_jeans_source_db'
[0m13:45:57.601117 [debug] [ThreadPool]: Using postgres connection "list_jeans_source_db"
[0m13:45:57.601640 [debug] [ThreadPool]: On list_jeans_source_db: /* {"app": "dbt", "dbt_version": "1.11.2", "profile_name": "jeans_mfg_data_pipeline", "target_name": "dev", "connection_name": "list_jeans_source_db"} */

    select distinct nspname from pg_namespace
  
[0m13:45:57.603219 [debug] [ThreadPool]: Opening a new connection, currently in state init
[0m13:45:57.676532 [debug] [ThreadPool]: SQL status: SELECT 6 in 0.074 seconds
[0m13:45:57.680243 [debug] [ThreadPool]: On list_jeans_source_db: Close
[0m13:45:57.690078 [debug] [ThreadPool]: Using postgres connection "list_jeans_source_db"
[0m13:45:57.690078 [debug] [ThreadPool]: On list_jeans_source_db: /* {"app": "dbt", "dbt_version": "1.11.2", "profile_name": "jeans_mfg_data_pipeline", "target_name": "dev", "connection_name": "list_jeans_source_db"} */

    select distinct nspname from pg_namespace
  
[0m13:45:57.692107 [debug] [ThreadPool]: Opening a new connection, currently in state closed
[0m13:45:57.737126 [debug] [ThreadPool]: SQL status: SELECT 6 in 0.046 seconds
[0m13:45:57.742660 [debug] [ThreadPool]: On list_jeans_source_db: Close
[0m13:45:57.748519 [debug] [ThreadPool]: Acquiring new postgres connection 'list_jeans_source_db_staging'
[0m13:45:57.764568 [debug] [ThreadPool]: Using postgres connection "list_jeans_source_db_staging"
[0m13:45:57.766140 [debug] [ThreadPool]: On list_jeans_source_db_staging: /* {"app": "dbt", "dbt_version": "1.11.2", "profile_name": "jeans_mfg_data_pipeline", "target_name": "dev", "connection_name": "list_jeans_source_db_staging"} */
select
      'jeans_source_db' as database,
      tablename as name,
      schemaname as schema,
      'table' as type
    from pg_tables
    where schemaname ilike 'staging'
    union all
    select
      'jeans_source_db' as database,
      viewname as name,
      schemaname as schema,
      'view' as type
    from pg_views
    where schemaname ilike 'staging'
    union all
    select
      'jeans_source_db' as database,
      matviewname as name,
      schemaname as schema,
      'materialized_view' as type
    from pg_matviews
    where schemaname ilike 'staging'
  
[0m13:45:57.766663 [debug] [ThreadPool]: Opening a new connection, currently in state init
[0m13:45:57.882138 [debug] [ThreadPool]: SQL status: SELECT 2 in 0.115 seconds
[0m13:45:57.888226 [debug] [ThreadPool]: On list_jeans_source_db_staging: ROLLBACK
[0m13:45:57.892854 [debug] [ThreadPool]: On list_jeans_source_db_staging: Close
[0m13:45:57.896405 [debug] [ThreadPool]: Re-using an available connection from the pool (formerly list_jeans_source_db_staging, now list_jeans_source_db_marts)
[0m13:45:57.908466 [debug] [ThreadPool]: Using postgres connection "list_jeans_source_db_marts"
[0m13:45:57.908466 [debug] [ThreadPool]: On list_jeans_source_db_marts: /* {"app": "dbt", "dbt_version": "1.11.2", "profile_name": "jeans_mfg_data_pipeline", "target_name": "dev", "connection_name": "list_jeans_source_db_marts"} */
select
      'jeans_source_db' as database,
      tablename as name,
      schemaname as schema,
      'table' as type
    from pg_tables
    where schemaname ilike 'marts'
    union all
    select
      'jeans_source_db' as database,
      viewname as name,
      schemaname as schema,
      'view' as type
    from pg_views
    where schemaname ilike 'marts'
    union all
    select
      'jeans_source_db' as database,
      matviewname as name,
      schemaname as schema,
      'materialized_view' as type
    from pg_matviews
    where schemaname ilike 'marts'
  
[0m13:45:57.912085 [debug] [ThreadPool]: Opening a new connection, currently in state closed
[0m13:45:57.965484 [debug] [ThreadPool]: SQL status: SELECT 2 in 0.054 seconds
[0m13:45:57.971608 [debug] [ThreadPool]: On list_jeans_source_db_marts: ROLLBACK
[0m13:45:57.975216 [debug] [ThreadPool]: On list_jeans_source_db_marts: Close
[0m13:45:57.992841 [debug] [MainThread]: Using postgres connection "master"
[0m13:45:57.996051 [debug] [MainThread]: On master: /* {"app": "dbt", "dbt_version": "1.11.2", "profile_name": "jeans_mfg_data_pipeline", "target_name": "dev", "connection_name": "master"} */
select distinct
        dependent_namespace.nspname as dependent_schema,
        dependent_class.relname as dependent_name,
        referenced_namespace.nspname as referenced_schema,
        referenced_class.relname as referenced_name

    -- Query for views: views are entries in pg_class with an entry in pg_rewrite, but we avoid
    -- a seq scan on pg_rewrite by leveraging the fact there is an "internal" row in pg_depend for
    -- the view...
    from pg_class as dependent_class
    join pg_namespace as dependent_namespace on dependent_namespace.oid = dependent_class.relnamespace
    join pg_depend as dependent_depend on dependent_depend.refobjid = dependent_class.oid
        and dependent_depend.classid = 'pg_rewrite'::regclass
        and dependent_depend.refclassid = 'pg_class'::regclass
        and dependent_depend.deptype = 'i'

    -- ... and via pg_depend (that has a row per column, hence the need for "distinct" above, and
    -- making sure to exclude the internal row to avoid a view appearing to depend on itself)...
    join pg_depend as joining_depend on joining_depend.objid = dependent_depend.objid
        and joining_depend.classid = 'pg_rewrite'::regclass
        and joining_depend.refclassid = 'pg_class'::regclass
        and joining_depend.refobjid != dependent_depend.refobjid

    -- ... we can find the tables they query from in pg_class, but excluding system tables. Note we
    -- don't need need to exclude _dependent_ system tables, because they only query from other
    -- system tables, and so are automatically excluded by excluding _referenced_ system tables
    join pg_class as referenced_class on referenced_class.oid = joining_depend.refobjid
    join pg_namespace as referenced_namespace on referenced_namespace.oid = referenced_class.relnamespace
        and referenced_namespace.nspname != 'information_schema'
        and referenced_namespace.nspname not like 'pg\_%'

    order by
        dependent_schema, dependent_name, referenced_schema, referenced_name;
[0m13:45:57.998316 [debug] [MainThread]: Opening a new connection, currently in state init
[0m13:45:58.107484 [debug] [MainThread]: SQL status: SELECT 2 in 0.109 seconds
[0m13:45:58.110243 [debug] [MainThread]: Sending event: {'category': 'dbt', 'action': 'runnable_timing', 'label': '703bca03-d51e-4277-8262-f2a788190fda', 'context': [<snowplow_tracker.self_describing_json.SelfDescribingJson object at 0x000002876E6DD650>]}
[0m13:45:58.112286 [debug] [MainThread]: On master: ROLLBACK
[0m13:45:58.115578 [debug] [MainThread]: On master: COMMIT
[0m13:45:58.117967 [debug] [MainThread]: Using postgres connection "master"
[0m13:45:58.119551 [debug] [MainThread]: On master: COMMIT
[0m13:45:58.125495 [debug] [MainThread]: SQL status: COMMIT in 0.004 seconds
[0m13:45:58.127564 [debug] [MainThread]: On master: Close
[0m13:45:58.154458 [debug] [Thread-1 (]: Began running node model.jeans_mfg_data_pipeline.stg_production_logs
[0m13:45:58.156511 [info ] [Thread-1 (]: 1 of 5 START sql view model staging.stg_production_logs ........................ [RUN]
[0m13:45:58.160332 [debug] [Thread-1 (]: Acquiring new postgres connection 'model.jeans_mfg_data_pipeline.stg_production_logs'
[0m13:45:58.162628 [debug] [Thread-1 (]: Began compiling node model.jeans_mfg_data_pipeline.stg_production_logs
[0m13:45:58.198904 [debug] [Thread-1 (]: Writing injected SQL for node "model.jeans_mfg_data_pipeline.stg_production_logs"
[0m13:45:58.204786 [debug] [Thread-1 (]: Began executing node model.jeans_mfg_data_pipeline.stg_production_logs
[0m13:45:58.385404 [debug] [Thread-1 (]: Writing runtime sql for node "model.jeans_mfg_data_pipeline.stg_production_logs"
[0m13:45:58.399759 [debug] [Thread-1 (]: Using postgres connection "model.jeans_mfg_data_pipeline.stg_production_logs"
[0m13:45:58.402340 [debug] [Thread-1 (]: On model.jeans_mfg_data_pipeline.stg_production_logs: /* {"app": "dbt", "dbt_version": "1.11.2", "profile_name": "jeans_mfg_data_pipeline", "target_name": "dev", "node_id": "model.jeans_mfg_data_pipeline.stg_production_logs"} */

  create view "jeans_source_db"."staging"."stg_production_logs__dbt_tmp"
    
    
  as (
    -- models/staging/stg_production_logs.sql



WITH source AS (
    SELECT * FROM "jeans_source_db"."public"."raw_production_logs"
),

renamed AS (
    SELECT
        log_id,
        order_form_no,
        stage,
        updated_at,
        updated_by
    FROM source
)

SELECT * FROM renamed
  );
[0m13:45:58.408342 [debug] [Thread-1 (]: Opening a new connection, currently in state init
[0m13:45:58.669968 [debug] [Thread-1 (]: SQL status: CREATE VIEW in 0.264 seconds
[0m13:45:58.712193 [debug] [Thread-1 (]: Using postgres connection "model.jeans_mfg_data_pipeline.stg_production_logs"
[0m13:45:58.717150 [debug] [Thread-1 (]: On model.jeans_mfg_data_pipeline.stg_production_logs: /* {"app": "dbt", "dbt_version": "1.11.2", "profile_name": "jeans_mfg_data_pipeline", "target_name": "dev", "node_id": "model.jeans_mfg_data_pipeline.stg_production_logs"} */
alter table "jeans_source_db"."staging"."stg_production_logs" rename to "stg_production_logs__dbt_backup"
[0m13:45:58.730828 [debug] [Thread-1 (]: SQL status: ALTER TABLE in 0.010 seconds
[0m13:45:58.747285 [debug] [Thread-1 (]: Using postgres connection "model.jeans_mfg_data_pipeline.stg_production_logs"
[0m13:45:58.749547 [debug] [Thread-1 (]: On model.jeans_mfg_data_pipeline.stg_production_logs: /* {"app": "dbt", "dbt_version": "1.11.2", "profile_name": "jeans_mfg_data_pipeline", "target_name": "dev", "node_id": "model.jeans_mfg_data_pipeline.stg_production_logs"} */
alter table "jeans_source_db"."staging"."stg_production_logs__dbt_tmp" rename to "stg_production_logs"
[0m13:45:58.767802 [debug] [Thread-1 (]: SQL status: ALTER TABLE in 0.016 seconds
[0m13:45:58.876733 [debug] [Thread-1 (]: On model.jeans_mfg_data_pipeline.stg_production_logs: COMMIT
[0m13:45:58.882669 [debug] [Thread-1 (]: Using postgres connection "model.jeans_mfg_data_pipeline.stg_production_logs"
[0m13:45:58.889319 [debug] [Thread-1 (]: On model.jeans_mfg_data_pipeline.stg_production_logs: COMMIT
[0m13:45:58.910077 [debug] [Thread-1 (]: SQL status: COMMIT in 0.018 seconds
[0m13:45:58.947636 [debug] [Thread-1 (]: Applying DROP to: "jeans_source_db"."staging"."stg_production_logs__dbt_backup"
[0m13:45:58.975611 [debug] [Thread-1 (]: Using postgres connection "model.jeans_mfg_data_pipeline.stg_production_logs"
[0m13:45:58.980416 [debug] [Thread-1 (]: On model.jeans_mfg_data_pipeline.stg_production_logs: /* {"app": "dbt", "dbt_version": "1.11.2", "profile_name": "jeans_mfg_data_pipeline", "target_name": "dev", "node_id": "model.jeans_mfg_data_pipeline.stg_production_logs"} */
drop view if exists "jeans_source_db"."staging"."stg_production_logs__dbt_backup" cascade
[0m13:45:59.109192 [debug] [Thread-1 (]: SQL status: DROP VIEW in 0.123 seconds
[0m13:45:59.126505 [debug] [Thread-1 (]: On model.jeans_mfg_data_pipeline.stg_production_logs: Close
[0m13:45:59.150951 [debug] [Thread-1 (]: Sending event: {'category': 'dbt', 'action': 'run_model', 'label': '703bca03-d51e-4277-8262-f2a788190fda', 'context': [<snowplow_tracker.self_describing_json.SelfDescribingJson object at 0x000002876EAC0A10>]}
[0m13:45:59.153596 [info ] [Thread-1 (]: 1 of 5 OK created sql view model staging.stg_production_logs ................... [[32mCREATE VIEW[0m in 0.98s]
[0m13:45:59.158447 [debug] [Thread-1 (]: Finished running node model.jeans_mfg_data_pipeline.stg_production_logs
[0m13:45:59.163457 [debug] [Thread-1 (]: Began running node model.jeans_mfg_data_pipeline.stg_shipping_logs
[0m13:45:59.166974 [info ] [Thread-1 (]: 2 of 5 START sql view model staging.stg_shipping_logs .......................... [RUN]
[0m13:45:59.169923 [debug] [Thread-1 (]: Re-using an available connection from the pool (formerly model.jeans_mfg_data_pipeline.stg_production_logs, now model.jeans_mfg_data_pipeline.stg_shipping_logs)
[0m13:45:59.176706 [debug] [Thread-1 (]: Began compiling node model.jeans_mfg_data_pipeline.stg_shipping_logs
[0m13:45:59.193355 [debug] [Thread-1 (]: Writing injected SQL for node "model.jeans_mfg_data_pipeline.stg_shipping_logs"
[0m13:45:59.197178 [debug] [Thread-1 (]: Began executing node model.jeans_mfg_data_pipeline.stg_shipping_logs
[0m13:45:59.230124 [debug] [Thread-1 (]: Writing runtime sql for node "model.jeans_mfg_data_pipeline.stg_shipping_logs"
[0m13:45:59.240538 [debug] [Thread-1 (]: Using postgres connection "model.jeans_mfg_data_pipeline.stg_shipping_logs"
[0m13:45:59.243098 [debug] [Thread-1 (]: On model.jeans_mfg_data_pipeline.stg_shipping_logs: /* {"app": "dbt", "dbt_version": "1.11.2", "profile_name": "jeans_mfg_data_pipeline", "target_name": "dev", "node_id": "model.jeans_mfg_data_pipeline.stg_shipping_logs"} */

  create view "jeans_source_db"."staging"."stg_shipping_logs__dbt_tmp"
    
    
  as (
    with source as (
    select * from "jeans_source_db"."public"."raw_shipping_logs"
),
renamed as (
    select
        order_form_no,
        courier,
        tracking_number,
        shipped_at,
        status
    from source
)
select * from renamed
  );
[0m13:45:59.243098 [debug] [Thread-1 (]: Opening a new connection, currently in state closed
[0m13:45:59.326700 [debug] [Thread-1 (]: SQL status: CREATE VIEW in 0.082 seconds
[0m13:45:59.340831 [debug] [Thread-1 (]: Using postgres connection "model.jeans_mfg_data_pipeline.stg_shipping_logs"
[0m13:45:59.343405 [debug] [Thread-1 (]: On model.jeans_mfg_data_pipeline.stg_shipping_logs: /* {"app": "dbt", "dbt_version": "1.11.2", "profile_name": "jeans_mfg_data_pipeline", "target_name": "dev", "node_id": "model.jeans_mfg_data_pipeline.stg_shipping_logs"} */
alter table "jeans_source_db"."staging"."stg_shipping_logs__dbt_tmp" rename to "stg_shipping_logs"
[0m13:45:59.358057 [debug] [Thread-1 (]: SQL status: ALTER TABLE in 0.011 seconds
[0m13:45:59.363150 [debug] [Thread-1 (]: On model.jeans_mfg_data_pipeline.stg_shipping_logs: COMMIT
[0m13:45:59.364674 [debug] [Thread-1 (]: Using postgres connection "model.jeans_mfg_data_pipeline.stg_shipping_logs"
[0m13:45:59.368205 [debug] [Thread-1 (]: On model.jeans_mfg_data_pipeline.stg_shipping_logs: COMMIT
[0m13:45:59.389168 [debug] [Thread-1 (]: SQL status: COMMIT in 0.017 seconds
[0m13:45:59.398318 [debug] [Thread-1 (]: Applying DROP to: "jeans_source_db"."staging"."stg_shipping_logs__dbt_backup"
[0m13:45:59.402246 [debug] [Thread-1 (]: Using postgres connection "model.jeans_mfg_data_pipeline.stg_shipping_logs"
[0m13:45:59.404921 [debug] [Thread-1 (]: On model.jeans_mfg_data_pipeline.stg_shipping_logs: /* {"app": "dbt", "dbt_version": "1.11.2", "profile_name": "jeans_mfg_data_pipeline", "target_name": "dev", "node_id": "model.jeans_mfg_data_pipeline.stg_shipping_logs"} */
drop view if exists "jeans_source_db"."staging"."stg_shipping_logs__dbt_backup" cascade
[0m13:45:59.416522 [debug] [Thread-1 (]: SQL status: DROP VIEW in 0.008 seconds
[0m13:45:59.423316 [debug] [Thread-1 (]: On model.jeans_mfg_data_pipeline.stg_shipping_logs: Close
[0m13:45:59.427280 [debug] [Thread-1 (]: Sending event: {'category': 'dbt', 'action': 'run_model', 'label': '703bca03-d51e-4277-8262-f2a788190fda', 'context': [<snowplow_tracker.self_describing_json.SelfDescribingJson object at 0x000002876EBEE650>]}
[0m13:45:59.432602 [info ] [Thread-1 (]: 2 of 5 OK created sql view model staging.stg_shipping_logs ..................... [[32mCREATE VIEW[0m in 0.26s]
[0m13:45:59.435314 [debug] [Thread-1 (]: Finished running node model.jeans_mfg_data_pipeline.stg_shipping_logs
[0m13:45:59.438733 [debug] [Thread-1 (]: Began running node model.jeans_mfg_data_pipeline.stg_unpivoted_orders
[0m13:45:59.441415 [info ] [Thread-1 (]: 3 of 5 START sql view model staging.stg_unpivoted_orders ....................... [RUN]
[0m13:45:59.444656 [debug] [Thread-1 (]: Re-using an available connection from the pool (formerly model.jeans_mfg_data_pipeline.stg_shipping_logs, now model.jeans_mfg_data_pipeline.stg_unpivoted_orders)
[0m13:45:59.447446 [debug] [Thread-1 (]: Began compiling node model.jeans_mfg_data_pipeline.stg_unpivoted_orders
[0m13:45:59.463542 [debug] [Thread-1 (]: Writing injected SQL for node "model.jeans_mfg_data_pipeline.stg_unpivoted_orders"
[0m13:45:59.468204 [debug] [Thread-1 (]: Began executing node model.jeans_mfg_data_pipeline.stg_unpivoted_orders
[0m13:45:59.489210 [debug] [Thread-1 (]: Writing runtime sql for node "model.jeans_mfg_data_pipeline.stg_unpivoted_orders"
[0m13:45:59.492542 [debug] [Thread-1 (]: Using postgres connection "model.jeans_mfg_data_pipeline.stg_unpivoted_orders"
[0m13:45:59.495143 [debug] [Thread-1 (]: On model.jeans_mfg_data_pipeline.stg_unpivoted_orders: /* {"app": "dbt", "dbt_version": "1.11.2", "profile_name": "jeans_mfg_data_pipeline", "target_name": "dev", "node_id": "model.jeans_mfg_data_pipeline.stg_unpivoted_orders"} */

  create view "jeans_source_db"."staging"."stg_unpivoted_orders__dbt_tmp"
    
    
  as (
    -- models/staging/stg_unpivoted_orders.sql



WITH source_orders AS (

    SELECT *
    FROM "jeans_source_db"."public"."raw_orders"

),

unpivoted AS (

    SELECT
        o.order_form_no,
        o.order_date,
        o.buyer_name,
        o.buyer_location,
        o.s_no,
        o.style_number,
        o.unit_price,
        o.line_item_total,
        o.total_qty_line_item,
        o.ingested_at,
        u.size,
        u.quantity_ordered AS quantity
    FROM source_orders o
    CROSS JOIN LATERAL (
        VALUES
            ('18', o.size_18_qty),
            ('20', o.size_20_qty),
            ('22', o.size_22_qty),
            ('24', o.size_24_qty),
            ('26', o.size_26_qty),
            ('28', o.size_28_qty),
            ('30', o.size_30_qty),
            ('32', o.size_32_qty),
            ('34', o.size_34_qty),
            ('36', o.size_36_qty),
            ('38', o.size_38_qty),
            ('40', o.size_40_qty),
            ('42', o.size_42_qty)
    ) AS u(size, quantity_ordered)

)

SELECT *
FROM unpivoted
WHERE quantity > 0
  );
[0m13:45:59.498276 [debug] [Thread-1 (]: Opening a new connection, currently in state closed
[0m13:45:59.592272 [debug] [Thread-1 (]: SQL status: CREATE VIEW in 0.094 seconds
[0m13:45:59.603818 [debug] [Thread-1 (]: Using postgres connection "model.jeans_mfg_data_pipeline.stg_unpivoted_orders"
[0m13:45:59.606478 [debug] [Thread-1 (]: On model.jeans_mfg_data_pipeline.stg_unpivoted_orders: /* {"app": "dbt", "dbt_version": "1.11.2", "profile_name": "jeans_mfg_data_pipeline", "target_name": "dev", "node_id": "model.jeans_mfg_data_pipeline.stg_unpivoted_orders"} */
alter table "jeans_source_db"."staging"."stg_unpivoted_orders" rename to "stg_unpivoted_orders__dbt_backup"
[0m13:45:59.617293 [debug] [Thread-1 (]: SQL status: ALTER TABLE in 0.008 seconds
[0m13:45:59.627598 [debug] [Thread-1 (]: Using postgres connection "model.jeans_mfg_data_pipeline.stg_unpivoted_orders"
[0m13:45:59.630163 [debug] [Thread-1 (]: On model.jeans_mfg_data_pipeline.stg_unpivoted_orders: /* {"app": "dbt", "dbt_version": "1.11.2", "profile_name": "jeans_mfg_data_pipeline", "target_name": "dev", "node_id": "model.jeans_mfg_data_pipeline.stg_unpivoted_orders"} */
alter table "jeans_source_db"."staging"."stg_unpivoted_orders__dbt_tmp" rename to "stg_unpivoted_orders"
[0m13:45:59.635044 [debug] [Thread-1 (]: SQL status: ALTER TABLE in 0.003 seconds
[0m13:45:59.637140 [debug] [Thread-1 (]: On model.jeans_mfg_data_pipeline.stg_unpivoted_orders: COMMIT
[0m13:45:59.642228 [debug] [Thread-1 (]: Using postgres connection "model.jeans_mfg_data_pipeline.stg_unpivoted_orders"
[0m13:45:59.643298 [debug] [Thread-1 (]: On model.jeans_mfg_data_pipeline.stg_unpivoted_orders: COMMIT
[0m13:45:59.656834 [debug] [Thread-1 (]: SQL status: COMMIT in 0.012 seconds
[0m13:45:59.663767 [debug] [Thread-1 (]: Applying DROP to: "jeans_source_db"."staging"."stg_unpivoted_orders__dbt_backup"
[0m13:45:59.666250 [debug] [Thread-1 (]: Using postgres connection "model.jeans_mfg_data_pipeline.stg_unpivoted_orders"
[0m13:45:59.666797 [debug] [Thread-1 (]: On model.jeans_mfg_data_pipeline.stg_unpivoted_orders: /* {"app": "dbt", "dbt_version": "1.11.2", "profile_name": "jeans_mfg_data_pipeline", "target_name": "dev", "node_id": "model.jeans_mfg_data_pipeline.stg_unpivoted_orders"} */
drop view if exists "jeans_source_db"."staging"."stg_unpivoted_orders__dbt_backup" cascade
[0m13:45:59.684641 [debug] [Thread-1 (]: SQL status: DROP VIEW in 0.016 seconds
[0m13:45:59.689941 [debug] [Thread-1 (]: On model.jeans_mfg_data_pipeline.stg_unpivoted_orders: Close
[0m13:45:59.693080 [debug] [Thread-1 (]: Sending event: {'category': 'dbt', 'action': 'run_model', 'label': '703bca03-d51e-4277-8262-f2a788190fda', 'context': [<snowplow_tracker.self_describing_json.SelfDescribingJson object at 0x000002876EC08950>]}
[0m13:45:59.696324 [info ] [Thread-1 (]: 3 of 5 OK created sql view model staging.stg_unpivoted_orders .................. [[32mCREATE VIEW[0m in 0.25s]
[0m13:45:59.699036 [debug] [Thread-1 (]: Finished running node model.jeans_mfg_data_pipeline.stg_unpivoted_orders
[0m13:45:59.707718 [debug] [Thread-1 (]: Began running node model.jeans_mfg_data_pipeline.fact_material_requirements
[0m13:45:59.710679 [info ] [Thread-1 (]: 4 of 5 START sql table model marts.fact_material_requirements .................. [RUN]
[0m13:45:59.714118 [debug] [Thread-1 (]: Re-using an available connection from the pool (formerly model.jeans_mfg_data_pipeline.stg_unpivoted_orders, now model.jeans_mfg_data_pipeline.fact_material_requirements)
[0m13:45:59.717617 [debug] [Thread-1 (]: Began compiling node model.jeans_mfg_data_pipeline.fact_material_requirements
[0m13:45:59.727312 [debug] [Thread-1 (]: Writing injected SQL for node "model.jeans_mfg_data_pipeline.fact_material_requirements"
[0m13:45:59.739564 [debug] [Thread-1 (]: Began executing node model.jeans_mfg_data_pipeline.fact_material_requirements
[0m13:45:59.826349 [debug] [Thread-1 (]: Writing runtime sql for node "model.jeans_mfg_data_pipeline.fact_material_requirements"
[0m13:45:59.835604 [debug] [Thread-1 (]: Using postgres connection "model.jeans_mfg_data_pipeline.fact_material_requirements"
[0m13:45:59.839165 [debug] [Thread-1 (]: On model.jeans_mfg_data_pipeline.fact_material_requirements: /* {"app": "dbt", "dbt_version": "1.11.2", "profile_name": "jeans_mfg_data_pipeline", "target_name": "dev", "node_id": "model.jeans_mfg_data_pipeline.fact_material_requirements"} */

  
    

  create  table "jeans_source_db"."marts"."fact_material_requirements__dbt_tmp"
  
  
    as
  
  (
    -- models/marts/fact_material_requirements.sql

 -- Final models are often tables for performance

SELECT
    o.order_form_no,
    o.order_date,
    o.buyer_name,
    o.buyer_location,
    o.s_no,
    o.style_number,
    CAST(o.size AS INT) AS size, -- Cast size_text back to INT for joining
    o.quantity, -- Renamed from quantity_ordered in staging
    b.material_type,
    b.material_qty_per_unit,
    b.unit_of_measure,
    -- Calculate total material needed for this line item
    o.quantity * b.material_qty_per_unit AS total_material_needed_for_line_item,
    o.ingested_at AS order_ingested_at,
    b.ingested_at AS bom_ingested_at
FROM
    "jeans_source_db"."staging"."stg_unpivoted_orders" o -- Reference our staging model
JOIN
    "jeans_source_db"."public"."raw_bill_of_materials" b -- Reference the BOM source
ON
    o.style_number = b.style_number
    AND CAST(o.size AS INT) = b.size -- Cast to INT for join
WHERE
    o.quantity > 0
  );
  
[0m13:45:59.840982 [debug] [Thread-1 (]: Opening a new connection, currently in state closed
[0m13:46:00.184938 [debug] [Thread-1 (]: SQL status: SELECT 7007 in 0.344 seconds
[0m13:46:00.209629 [debug] [Thread-1 (]: Using postgres connection "model.jeans_mfg_data_pipeline.fact_material_requirements"
[0m13:46:00.209629 [debug] [Thread-1 (]: On model.jeans_mfg_data_pipeline.fact_material_requirements: /* {"app": "dbt", "dbt_version": "1.11.2", "profile_name": "jeans_mfg_data_pipeline", "target_name": "dev", "node_id": "model.jeans_mfg_data_pipeline.fact_material_requirements"} */
alter table "jeans_source_db"."marts"."fact_material_requirements" rename to "fact_material_requirements__dbt_backup"
[0m13:46:00.213381 [debug] [Thread-1 (]: SQL status: ALTER TABLE in 0.002 seconds
[0m13:46:00.228240 [debug] [Thread-1 (]: Using postgres connection "model.jeans_mfg_data_pipeline.fact_material_requirements"
[0m13:46:00.232346 [debug] [Thread-1 (]: On model.jeans_mfg_data_pipeline.fact_material_requirements: /* {"app": "dbt", "dbt_version": "1.11.2", "profile_name": "jeans_mfg_data_pipeline", "target_name": "dev", "node_id": "model.jeans_mfg_data_pipeline.fact_material_requirements"} */
alter table "jeans_source_db"."marts"."fact_material_requirements__dbt_tmp" rename to "fact_material_requirements"
[0m13:46:00.239217 [debug] [Thread-1 (]: SQL status: ALTER TABLE in 0.003 seconds
[0m13:46:00.245307 [debug] [Thread-1 (]: On model.jeans_mfg_data_pipeline.fact_material_requirements: COMMIT
[0m13:46:00.246894 [debug] [Thread-1 (]: Using postgres connection "model.jeans_mfg_data_pipeline.fact_material_requirements"
[0m13:46:00.249472 [debug] [Thread-1 (]: On model.jeans_mfg_data_pipeline.fact_material_requirements: COMMIT
[0m13:46:00.267091 [debug] [Thread-1 (]: SQL status: COMMIT in 0.015 seconds
[0m13:46:00.280645 [debug] [Thread-1 (]: Applying DROP to: "jeans_source_db"."marts"."fact_material_requirements__dbt_backup"
[0m13:46:00.292234 [debug] [Thread-1 (]: Using postgres connection "model.jeans_mfg_data_pipeline.fact_material_requirements"
[0m13:46:00.293374 [debug] [Thread-1 (]: On model.jeans_mfg_data_pipeline.fact_material_requirements: /* {"app": "dbt", "dbt_version": "1.11.2", "profile_name": "jeans_mfg_data_pipeline", "target_name": "dev", "node_id": "model.jeans_mfg_data_pipeline.fact_material_requirements"} */
drop table if exists "jeans_source_db"."marts"."fact_material_requirements__dbt_backup" cascade
[0m13:46:00.407465 [debug] [Thread-1 (]: SQL status: DROP TABLE in 0.111 seconds
[0m13:46:00.413410 [debug] [Thread-1 (]: On model.jeans_mfg_data_pipeline.fact_material_requirements: Close
[0m13:46:00.416526 [debug] [Thread-1 (]: Sending event: {'category': 'dbt', 'action': 'run_model', 'label': '703bca03-d51e-4277-8262-f2a788190fda', 'context': [<snowplow_tracker.self_describing_json.SelfDescribingJson object at 0x000002876EAB6990>]}
[0m13:46:00.422925 [info ] [Thread-1 (]: 4 of 5 OK created sql table model marts.fact_material_requirements ............. [[32mSELECT 7007[0m in 0.70s]
[0m13:46:00.429520 [debug] [Thread-1 (]: Finished running node model.jeans_mfg_data_pipeline.fact_material_requirements
[0m13:46:00.432916 [debug] [Thread-1 (]: Began running node model.jeans_mfg_data_pipeline.fct_order_fulfillment
[0m13:46:00.437007 [info ] [Thread-1 (]: 5 of 5 START sql table model marts.fct_order_fulfillment ....................... [RUN]
[0m13:46:00.445053 [debug] [Thread-1 (]: Re-using an available connection from the pool (formerly model.jeans_mfg_data_pipeline.fact_material_requirements, now model.jeans_mfg_data_pipeline.fct_order_fulfillment)
[0m13:46:00.446864 [debug] [Thread-1 (]: Began compiling node model.jeans_mfg_data_pipeline.fct_order_fulfillment
[0m13:46:00.460323 [debug] [Thread-1 (]: Writing injected SQL for node "model.jeans_mfg_data_pipeline.fct_order_fulfillment"
[0m13:46:00.467026 [debug] [Thread-1 (]: Began executing node model.jeans_mfg_data_pipeline.fct_order_fulfillment
[0m13:46:00.482203 [debug] [Thread-1 (]: Writing runtime sql for node "model.jeans_mfg_data_pipeline.fct_order_fulfillment"
[0m13:46:00.484959 [debug] [Thread-1 (]: Using postgres connection "model.jeans_mfg_data_pipeline.fct_order_fulfillment"
[0m13:46:00.490234 [debug] [Thread-1 (]: On model.jeans_mfg_data_pipeline.fct_order_fulfillment: /* {"app": "dbt", "dbt_version": "1.11.2", "profile_name": "jeans_mfg_data_pipeline", "target_name": "dev", "node_id": "model.jeans_mfg_data_pipeline.fct_order_fulfillment"} */

  
    

  create  table "jeans_source_db"."marts"."fct_order_fulfillment__dbt_tmp"
  
  
    as
  
  (
    -- models/marts/fct_order_fulfillment.sql



WITH orders AS (
    SELECT * FROM "jeans_source_db"."staging"."stg_unpivoted_orders"
),

prod_logs AS (
    SELECT * FROM "jeans_source_db"."staging"."stg_production_logs"
),

shipping_logs AS (
    SELECT * FROM "jeans_source_db"."staging"."stg_shipping_logs"
),

latest_prod AS (
    SELECT 
        order_form_no,
        stage AS current_production_stage,
        updated_at AS last_stage_updated_at
    FROM (
        SELECT *, ROW_NUMBER() OVER (PARTITION BY order_form_no ORDER BY updated_at DESC) as rn
        FROM prod_logs
    ) t
    WHERE rn = 1
)

SELECT
    o.order_form_no,
    o.order_date,
    o.buyer_name,
    o.buyer_location,
    o.style_number,
    SUM(o.quantity) as total_order_quantity,
    MAX(lp.current_production_stage) as current_production_stage,
    MAX(lp.last_stage_updated_at) as last_stage_updated_at,
    MAX(EXTRACT(DAY FROM CURRENT_TIMESTAMP - lp.last_stage_updated_at)) AS days_in_current_stage,
    CAST(MAX(CASE WHEN s.shipped_at IS NOT NULL THEN 1 ELSE 0 END) AS BOOLEAN) AS is_shipped,
    MAX(s.shipped_at) AS shipped_at,
    MAX(s.courier) AS courier,
    MAX(s.tracking_number) AS tracking_number,
    CAST(MAX(CASE WHEN s.shipped_at IS NULL AND EXTRACT(DAY FROM CURRENT_TIMESTAMP - lp.last_stage_updated_at) > 5 THEN 1 ELSE 0 END) AS BOOLEAN) AS is_delayed
FROM orders o
LEFT JOIN latest_prod lp ON o.order_form_no = lp.order_form_no
LEFT JOIN shipping_logs s ON o.order_form_no = s.order_form_no
GROUP BY 
    o.order_form_no,
    o.order_date,
    o.buyer_name,
    o.buyer_location,
    o.style_number
  );
  
[0m13:46:00.492317 [debug] [Thread-1 (]: Opening a new connection, currently in state closed
[0m13:46:00.703463 [debug] [Thread-1 (]: SQL status: SELECT 923 in 0.211 seconds
[0m13:46:00.718677 [debug] [Thread-1 (]: Using postgres connection "model.jeans_mfg_data_pipeline.fct_order_fulfillment"
[0m13:46:00.721996 [debug] [Thread-1 (]: On model.jeans_mfg_data_pipeline.fct_order_fulfillment: /* {"app": "dbt", "dbt_version": "1.11.2", "profile_name": "jeans_mfg_data_pipeline", "target_name": "dev", "node_id": "model.jeans_mfg_data_pipeline.fct_order_fulfillment"} */
alter table "jeans_source_db"."marts"."fct_order_fulfillment" rename to "fct_order_fulfillment__dbt_backup"
[0m13:46:00.727947 [debug] [Thread-1 (]: SQL status: ALTER TABLE in 0.003 seconds
[0m13:46:00.741759 [debug] [Thread-1 (]: Using postgres connection "model.jeans_mfg_data_pipeline.fct_order_fulfillment"
[0m13:46:00.743832 [debug] [Thread-1 (]: On model.jeans_mfg_data_pipeline.fct_order_fulfillment: /* {"app": "dbt", "dbt_version": "1.11.2", "profile_name": "jeans_mfg_data_pipeline", "target_name": "dev", "node_id": "model.jeans_mfg_data_pipeline.fct_order_fulfillment"} */
alter table "jeans_source_db"."marts"."fct_order_fulfillment__dbt_tmp" rename to "fct_order_fulfillment"
[0m13:46:00.748268 [debug] [Thread-1 (]: SQL status: ALTER TABLE in 0.002 seconds
[0m13:46:00.755400 [debug] [Thread-1 (]: On model.jeans_mfg_data_pipeline.fct_order_fulfillment: COMMIT
[0m13:46:00.759048 [debug] [Thread-1 (]: Using postgres connection "model.jeans_mfg_data_pipeline.fct_order_fulfillment"
[0m13:46:00.760784 [debug] [Thread-1 (]: On model.jeans_mfg_data_pipeline.fct_order_fulfillment: COMMIT
[0m13:46:00.781561 [debug] [Thread-1 (]: SQL status: COMMIT in 0.018 seconds
[0m13:46:00.793511 [debug] [Thread-1 (]: Applying DROP to: "jeans_source_db"."marts"."fct_order_fulfillment__dbt_backup"
[0m13:46:00.798101 [debug] [Thread-1 (]: Using postgres connection "model.jeans_mfg_data_pipeline.fct_order_fulfillment"
[0m13:46:00.802649 [debug] [Thread-1 (]: On model.jeans_mfg_data_pipeline.fct_order_fulfillment: /* {"app": "dbt", "dbt_version": "1.11.2", "profile_name": "jeans_mfg_data_pipeline", "target_name": "dev", "node_id": "model.jeans_mfg_data_pipeline.fct_order_fulfillment"} */
drop table if exists "jeans_source_db"."marts"."fct_order_fulfillment__dbt_backup" cascade
[0m13:46:00.819818 [debug] [Thread-1 (]: SQL status: DROP TABLE in 0.014 seconds
[0m13:46:00.830279 [debug] [Thread-1 (]: On model.jeans_mfg_data_pipeline.fct_order_fulfillment: Close
[0m13:46:00.833995 [debug] [Thread-1 (]: Sending event: {'category': 'dbt', 'action': 'run_model', 'label': '703bca03-d51e-4277-8262-f2a788190fda', 'context': [<snowplow_tracker.self_describing_json.SelfDescribingJson object at 0x000002876E517B10>]}
[0m13:46:00.840021 [info ] [Thread-1 (]: 5 of 5 OK created sql table model marts.fct_order_fulfillment .................. [[32mSELECT 923[0m in 0.39s]
[0m13:46:00.844782 [debug] [Thread-1 (]: Finished running node model.jeans_mfg_data_pipeline.fct_order_fulfillment
[0m13:46:00.851170 [debug] [MainThread]: On master: COMMIT
[0m13:46:00.859558 [debug] [MainThread]: Using postgres connection "master"
[0m13:46:00.862161 [debug] [MainThread]: On master: COMMIT
[0m13:46:00.864778 [debug] [MainThread]: Opening a new connection, currently in state closed
[0m13:46:00.947161 [debug] [MainThread]: SQL status: COMMIT in 0.082 seconds
[0m13:46:00.949317 [debug] [MainThread]: On master: Close
[0m13:46:00.953473 [debug] [MainThread]: Connection 'master' was properly closed.
[0m13:46:00.958719 [debug] [MainThread]: Connection 'list_jeans_source_db' was properly closed.
[0m13:46:00.960383 [debug] [MainThread]: Connection 'list_jeans_source_db_marts' was properly closed.
[0m13:46:00.962982 [debug] [MainThread]: Connection 'model.jeans_mfg_data_pipeline.fct_order_fulfillment' was properly closed.
[0m13:46:00.967717 [info ] [MainThread]: 
[0m13:46:00.973376 [info ] [MainThread]: Finished running 2 table models, 3 view models in 0 hours 0 minutes and 4.33 seconds (4.33s).
[0m13:46:00.983086 [debug] [MainThread]: Command end result
[0m13:46:01.176191 [debug] [MainThread]: Wrote artifact WritableManifest to C:\Data Engineering\jeans_mfg_data_pipeline\target\manifest.json
[0m13:46:01.182917 [debug] [MainThread]: Wrote artifact SemanticManifest to C:\Data Engineering\jeans_mfg_data_pipeline\target\semantic_manifest.json
[0m13:46:01.208177 [debug] [MainThread]: Wrote artifact RunExecutionResult to C:\Data Engineering\jeans_mfg_data_pipeline\target\run_results.json
[0m13:46:01.208716 [info ] [MainThread]: 
[0m13:46:01.211461 [info ] [MainThread]: [32mCompleted successfully[0m
[0m13:46:01.213648 [info ] [MainThread]: 
[0m13:46:01.215943 [info ] [MainThread]: Done. PASS=5 WARN=0 ERROR=0 SKIP=0 NO-OP=0 TOTAL=5
[0m13:46:01.218603 [warn ] [MainThread]: [[33mWARNING[0m][DeprecationsSummary]: Deprecated functionality
Summary of encountered deprecations:
- MissingArgumentsPropertyInGenericTestDeprecation: 1 occurrence
To see all deprecation instances instead of just the first occurrence of each,
run command again with the `--show-all-deprecations` flag. You may also need to
run with `--no-partial-parse` as some deprecations are only encountered during
parsing.
[0m13:46:01.224534 [debug] [MainThread]: Command `dbt run` succeeded at 13:46:01.223486 after 12.75 seconds
[0m13:46:01.226603 [debug] [MainThread]: Sending event: {'category': 'dbt', 'action': 'invocation', 'label': 'end', 'context': [<snowplow_tracker.self_describing_json.SelfDescribingJson object at 0x000002876CDA7790>, <snowplow_tracker.self_describing_json.SelfDescribingJson object at 0x000002876CDB5150>, <snowplow_tracker.self_describing_json.SelfDescribingJson object at 0x000002876CD43390>]}
[0m13:46:01.226603 [debug] [MainThread]: Flushing usage events
[0m13:46:03.193172 [debug] [MainThread]: An error was encountered while trying to flush usage events
[0m13:46:19.338847 [debug] [MainThread]: Sending event: {'category': 'dbt', 'action': 'invocation', 'label': 'start', 'context': [<snowplow_tracker.self_describing_json.SelfDescribingJson object at 0x000001BD7184CB50>, <snowplow_tracker.self_describing_json.SelfDescribingJson object at 0x000001BD718A6DD0>, <snowplow_tracker.self_describing_json.SelfDescribingJson object at 0x000001BD718A7C50>]}


============================== 13:46:19.353998 | ba9cca30-9cfe-43a3-a70f-be5811873d10 ==============================
[0m13:46:19.353998 [info ] [MainThread]: Running with dbt=1.11.2
[0m13:46:19.358382 [debug] [MainThread]: running dbt with arguments {'printer_width': '80', 'indirect_selection': 'eager', 'write_json': 'True', 'log_cache_events': 'False', 'partial_parse': 'True', 'cache_selected_only': 'False', 'warn_error': 'None', 'debug': 'False', 'fail_fast': 'False', 'log_path': 'C:\\Data Engineering\\jeans_mfg_data_pipeline\\logs', 'profiles_dir': 'C:\\Data Engineering\\jeans_mfg_data_pipeline', 'version_check': 'True', 'use_colors': 'True', 'use_experimental_parser': 'False', 'no_print': 'None', 'quiet': 'False', 'empty': 'None', 'warn_error_options': 'WarnErrorOptionsV2(error=[], warn=[], silence=[])', 'introspect': 'True', 'static_parser': 'True', 'log_format': 'default', 'target_path': 'None', 'invocation_command': 'dbt test', 'send_anonymous_usage_stats': 'True'}
[0m13:46:19.974767 [debug] [MainThread]: Sending event: {'category': 'dbt', 'action': 'project_id', 'label': 'ba9cca30-9cfe-43a3-a70f-be5811873d10', 'context': [<snowplow_tracker.self_describing_json.SelfDescribingJson object at 0x000001BD718A6CD0>]}
[0m13:46:20.169344 [debug] [MainThread]: Sending event: {'category': 'dbt', 'action': 'adapter_info', 'label': 'ba9cca30-9cfe-43a3-a70f-be5811873d10', 'context': [<snowplow_tracker.self_describing_json.SelfDescribingJson object at 0x000001BD6E131250>]}
[0m13:46:20.174647 [info ] [MainThread]: Registered adapter: postgres=1.10.0
[0m13:46:21.494792 [debug] [MainThread]: checksum: 3d40d8bbe1bef07db1c24822f2dbfff8bc07f2a48ed4fe2658a40653aec0b54b, vars: {}, profile: , target: , version: 1.11.2
[0m13:46:22.166678 [debug] [MainThread]: Partial parsing enabled: 0 files deleted, 0 files added, 0 files changed.
[0m13:46:22.169455 [debug] [MainThread]: Nothing changed, skipping partial parsing.
[0m13:46:22.169455 [debug] [MainThread]: Partial parsing enabled, no changes found, skipping parsing
[0m13:46:22.413562 [debug] [MainThread]: Sending event: {'category': 'dbt', 'action': 'load_project', 'label': 'ba9cca30-9cfe-43a3-a70f-be5811873d10', 'context': [<snowplow_tracker.self_describing_json.SelfDescribingJson object at 0x000001BD71847810>]}
[0m13:46:22.806490 [debug] [MainThread]: Wrote artifact WritableManifest to C:\Data Engineering\jeans_mfg_data_pipeline\target\manifest.json
[0m13:46:22.816916 [debug] [MainThread]: Wrote artifact SemanticManifest to C:\Data Engineering\jeans_mfg_data_pipeline\target\semantic_manifest.json
[0m13:46:22.978105 [debug] [MainThread]: Sending event: {'category': 'dbt', 'action': 'resource_counts', 'label': 'ba9cca30-9cfe-43a3-a70f-be5811873d10', 'context': [<snowplow_tracker.self_describing_json.SelfDescribingJson object at 0x000001BD730D7F90>]}
[0m13:46:22.982171 [info ] [MainThread]: Found 6 models, 8 data tests, 4 sources, 465 macros
[0m13:46:22.988463 [debug] [MainThread]: Sending event: {'category': 'dbt', 'action': 'runnable_timing', 'label': 'ba9cca30-9cfe-43a3-a70f-be5811873d10', 'context': [<snowplow_tracker.self_describing_json.SelfDescribingJson object at 0x000001BD72CABF50>]}
[0m13:46:22.998283 [info ] [MainThread]: 
[0m13:46:23.000621 [info ] [MainThread]: Concurrency: 1 threads (target='dev')
[0m13:46:23.005148 [info ] [MainThread]: 
[0m13:46:23.008190 [debug] [MainThread]: Acquiring new postgres connection 'master'
[0m13:46:23.031386 [debug] [ThreadPool]: Acquiring new postgres connection 'list_jeans_source_db_marts'
[0m13:46:23.567829 [debug] [ThreadPool]: Using postgres connection "list_jeans_source_db_marts"
[0m13:46:23.569373 [debug] [ThreadPool]: On list_jeans_source_db_marts: /* {"app": "dbt", "dbt_version": "1.11.2", "profile_name": "jeans_mfg_data_pipeline", "target_name": "dev", "connection_name": "list_jeans_source_db_marts"} */
select
      'jeans_source_db' as database,
      tablename as name,
      schemaname as schema,
      'table' as type
    from pg_tables
    where schemaname ilike 'marts'
    union all
    select
      'jeans_source_db' as database,
      viewname as name,
      schemaname as schema,
      'view' as type
    from pg_views
    where schemaname ilike 'marts'
    union all
    select
      'jeans_source_db' as database,
      matviewname as name,
      schemaname as schema,
      'materialized_view' as type
    from pg_matviews
    where schemaname ilike 'marts'
  
[0m13:46:23.573013 [debug] [ThreadPool]: Opening a new connection, currently in state init
[0m13:46:23.634756 [debug] [ThreadPool]: SQL status: SELECT 2 in 0.062 seconds
[0m13:46:23.639645 [debug] [ThreadPool]: On list_jeans_source_db_marts: ROLLBACK
[0m13:46:23.642712 [debug] [ThreadPool]: On list_jeans_source_db_marts: Close
[0m13:46:23.645893 [debug] [ThreadPool]: Re-using an available connection from the pool (formerly list_jeans_source_db_marts, now list_jeans_source_db_staging)
[0m13:46:23.657270 [debug] [ThreadPool]: Using postgres connection "list_jeans_source_db_staging"
[0m13:46:23.658408 [debug] [ThreadPool]: On list_jeans_source_db_staging: /* {"app": "dbt", "dbt_version": "1.11.2", "profile_name": "jeans_mfg_data_pipeline", "target_name": "dev", "connection_name": "list_jeans_source_db_staging"} */
select
      'jeans_source_db' as database,
      tablename as name,
      schemaname as schema,
      'table' as type
    from pg_tables
    where schemaname ilike 'staging'
    union all
    select
      'jeans_source_db' as database,
      viewname as name,
      schemaname as schema,
      'view' as type
    from pg_views
    where schemaname ilike 'staging'
    union all
    select
      'jeans_source_db' as database,
      matviewname as name,
      schemaname as schema,
      'materialized_view' as type
    from pg_matviews
    where schemaname ilike 'staging'
  
[0m13:46:23.658408 [debug] [ThreadPool]: Opening a new connection, currently in state closed
[0m13:46:23.722446 [debug] [ThreadPool]: SQL status: SELECT 3 in 0.062 seconds
[0m13:46:23.727663 [debug] [ThreadPool]: On list_jeans_source_db_staging: ROLLBACK
[0m13:46:23.731284 [debug] [ThreadPool]: On list_jeans_source_db_staging: Close
[0m13:46:23.748720 [debug] [MainThread]: Using postgres connection "master"
[0m13:46:23.752289 [debug] [MainThread]: On master: /* {"app": "dbt", "dbt_version": "1.11.2", "profile_name": "jeans_mfg_data_pipeline", "target_name": "dev", "connection_name": "master"} */
select distinct
        dependent_namespace.nspname as dependent_schema,
        dependent_class.relname as dependent_name,
        referenced_namespace.nspname as referenced_schema,
        referenced_class.relname as referenced_name

    -- Query for views: views are entries in pg_class with an entry in pg_rewrite, but we avoid
    -- a seq scan on pg_rewrite by leveraging the fact there is an "internal" row in pg_depend for
    -- the view...
    from pg_class as dependent_class
    join pg_namespace as dependent_namespace on dependent_namespace.oid = dependent_class.relnamespace
    join pg_depend as dependent_depend on dependent_depend.refobjid = dependent_class.oid
        and dependent_depend.classid = 'pg_rewrite'::regclass
        and dependent_depend.refclassid = 'pg_class'::regclass
        and dependent_depend.deptype = 'i'

    -- ... and via pg_depend (that has a row per column, hence the need for "distinct" above, and
    -- making sure to exclude the internal row to avoid a view appearing to depend on itself)...
    join pg_depend as joining_depend on joining_depend.objid = dependent_depend.objid
        and joining_depend.classid = 'pg_rewrite'::regclass
        and joining_depend.refclassid = 'pg_class'::regclass
        and joining_depend.refobjid != dependent_depend.refobjid

    -- ... we can find the tables they query from in pg_class, but excluding system tables. Note we
    -- don't need need to exclude _dependent_ system tables, because they only query from other
    -- system tables, and so are automatically excluded by excluding _referenced_ system tables
    join pg_class as referenced_class on referenced_class.oid = joining_depend.refobjid
    join pg_namespace as referenced_namespace on referenced_namespace.oid = referenced_class.relnamespace
        and referenced_namespace.nspname != 'information_schema'
        and referenced_namespace.nspname not like 'pg\_%'

    order by
        dependent_schema, dependent_name, referenced_schema, referenced_name;
[0m13:46:23.755011 [debug] [MainThread]: Opening a new connection, currently in state init
[0m13:46:23.798581 [debug] [MainThread]: SQL status: SELECT 3 in 0.043 seconds
[0m13:46:23.799604 [debug] [MainThread]: Sending event: {'category': 'dbt', 'action': 'runnable_timing', 'label': 'ba9cca30-9cfe-43a3-a70f-be5811873d10', 'context': [<snowplow_tracker.self_describing_json.SelfDescribingJson object at 0x000001BD72F4DE50>]}
[0m13:46:23.802667 [debug] [MainThread]: On master: ROLLBACK
[0m13:46:23.807184 [debug] [MainThread]: On master: COMMIT
[0m13:46:23.808387 [debug] [MainThread]: Using postgres connection "master"
[0m13:46:23.808906 [debug] [MainThread]: On master: COMMIT
[0m13:46:23.812587 [debug] [MainThread]: SQL status: COMMIT in 0.002 seconds
[0m13:46:23.813171 [debug] [MainThread]: On master: Close
[0m13:46:23.824629 [debug] [Thread-1 (]: Began running node test.jeans_mfg_data_pipeline.accepted_values_fct_order_fulfillment_current_production_stage__False__Cutting__Stitching__Washing__Packing.ad1e0cf639
[0m13:46:23.827725 [info ] [Thread-1 (]: 1 of 8 START test accepted_values_fct_order_fulfillment_current_production_stage__False__Cutting__Stitching__Washing__Packing  [RUN]
[0m13:46:23.833040 [debug] [Thread-1 (]: Acquiring new postgres connection 'test.jeans_mfg_data_pipeline.accepted_values_fct_order_fulfillment_current_production_stage__False__Cutting__Stitching__Washing__Packing.ad1e0cf639'
[0m13:46:23.836925 [debug] [Thread-1 (]: Began compiling node test.jeans_mfg_data_pipeline.accepted_values_fct_order_fulfillment_current_production_stage__False__Cutting__Stitching__Washing__Packing.ad1e0cf639
[0m13:46:23.902675 [debug] [Thread-1 (]: Writing injected SQL for node "test.jeans_mfg_data_pipeline.accepted_values_fct_order_fulfillment_current_production_stage__False__Cutting__Stitching__Washing__Packing.ad1e0cf639"
[0m13:46:23.907395 [debug] [Thread-1 (]: Began executing node test.jeans_mfg_data_pipeline.accepted_values_fct_order_fulfillment_current_production_stage__False__Cutting__Stitching__Washing__Packing.ad1e0cf639
[0m13:46:23.989570 [debug] [Thread-1 (]: Writing runtime sql for node "test.jeans_mfg_data_pipeline.accepted_values_fct_order_fulfillment_current_production_stage__False__Cutting__Stitching__Washing__Packing.ad1e0cf639"
[0m13:46:23.996504 [debug] [Thread-1 (]: Using postgres connection "test.jeans_mfg_data_pipeline.accepted_values_fct_order_fulfillment_current_production_stage__False__Cutting__Stitching__Washing__Packing.ad1e0cf639"
[0m13:46:23.999678 [debug] [Thread-1 (]: On test.jeans_mfg_data_pipeline.accepted_values_fct_order_fulfillment_current_production_stage__False__Cutting__Stitching__Washing__Packing.ad1e0cf639: /* {"app": "dbt", "dbt_version": "1.11.2", "profile_name": "jeans_mfg_data_pipeline", "target_name": "dev", "node_id": "test.jeans_mfg_data_pipeline.accepted_values_fct_order_fulfillment_current_production_stage__False__Cutting__Stitching__Washing__Packing.ad1e0cf639"} */

    select
      count(*) as failures,
      count(*) != 0 as should_warn,
      count(*) != 0 as should_error
    from (
      
    
  
    
    

with all_values as (

    select
        current_production_stage as value_field,
        count(*) as n_records

    from "jeans_source_db"."marts"."fct_order_fulfillment"
    group by current_production_stage

)

select *
from all_values
where value_field not in (
    Cutting,Stitching,Washing,Packing
)



  
  
      
    ) dbt_internal_test
[0m13:46:24.002864 [debug] [Thread-1 (]: Opening a new connection, currently in state init
[0m13:46:24.103109 [debug] [Thread-1 (]: Postgres adapter: Postgres error: column "cutting" does not exist
LINE 28:     Cutting,Stitching,Washing,Packing
             ^

[0m13:46:24.106475 [debug] [Thread-1 (]: On test.jeans_mfg_data_pipeline.accepted_values_fct_order_fulfillment_current_production_stage__False__Cutting__Stitching__Washing__Packing.ad1e0cf639: ROLLBACK
[0m13:46:24.112232 [debug] [Thread-1 (]: On test.jeans_mfg_data_pipeline.accepted_values_fct_order_fulfillment_current_production_stage__False__Cutting__Stitching__Washing__Packing.ad1e0cf639: Close
[0m13:46:24.164581 [debug] [Thread-1 (]: Database Error in test accepted_values_fct_order_fulfillment_current_production_stage__False__Cutting__Stitching__Washing__Packing (models\schema.yml)
  column "cutting" does not exist
  LINE 28:     Cutting,Stitching,Washing,Packing
               ^
  compiled code at target\run\jeans_mfg_data_pipeline\models\schema.yml\accepted_values_fct_order_fulf_752a0b0db2da6d089bcf2b7b1fc3d8a9.sql
[0m13:46:24.168592 [error] [Thread-1 (]: 1 of 8 ERROR accepted_values_fct_order_fulfillment_current_production_stage__False__Cutting__Stitching__Washing__Packing  [[31mERROR[0m in 0.34s]
[0m13:46:24.174825 [debug] [Thread-1 (]: Finished running node test.jeans_mfg_data_pipeline.accepted_values_fct_order_fulfillment_current_production_stage__False__Cutting__Stitching__Washing__Packing.ad1e0cf639
[0m13:46:24.177745 [debug] [Thread-1 (]: Began running node test.jeans_mfg_data_pipeline.not_null_fct_order_fulfillment_order_form_no.fe6909a71c
[0m13:46:24.180037 [debug] [Thread-4 (]: Marking all children of 'test.jeans_mfg_data_pipeline.accepted_values_fct_order_fulfillment_current_production_stage__False__Cutting__Stitching__Washing__Packing.ad1e0cf639' to be skipped because of status 'error'.  Reason: Database Error in test accepted_values_fct_order_fulfillment_current_production_stage__False__Cutting__Stitching__Washing__Packing (models\schema.yml)
  column "cutting" does not exist
  LINE 28:     Cutting,Stitching,Washing,Packing
               ^
  compiled code at target\run\jeans_mfg_data_pipeline\models\schema.yml\accepted_values_fct_order_fulf_752a0b0db2da6d089bcf2b7b1fc3d8a9.sql.
[0m13:46:24.183416 [info ] [Thread-1 (]: 2 of 8 START test not_null_fct_order_fulfillment_order_form_no ................. [RUN]
[0m13:46:24.191298 [debug] [Thread-1 (]: Re-using an available connection from the pool (formerly test.jeans_mfg_data_pipeline.accepted_values_fct_order_fulfillment_current_production_stage__False__Cutting__Stitching__Washing__Packing.ad1e0cf639, now test.jeans_mfg_data_pipeline.not_null_fct_order_fulfillment_order_form_no.fe6909a71c)
[0m13:46:24.194417 [debug] [Thread-1 (]: Began compiling node test.jeans_mfg_data_pipeline.not_null_fct_order_fulfillment_order_form_no.fe6909a71c
[0m13:46:24.224355 [debug] [Thread-1 (]: Writing injected SQL for node "test.jeans_mfg_data_pipeline.not_null_fct_order_fulfillment_order_form_no.fe6909a71c"
[0m13:46:24.229210 [debug] [Thread-1 (]: Began executing node test.jeans_mfg_data_pipeline.not_null_fct_order_fulfillment_order_form_no.fe6909a71c
[0m13:46:24.243094 [debug] [Thread-1 (]: Writing runtime sql for node "test.jeans_mfg_data_pipeline.not_null_fct_order_fulfillment_order_form_no.fe6909a71c"
[0m13:46:24.248647 [debug] [Thread-1 (]: Using postgres connection "test.jeans_mfg_data_pipeline.not_null_fct_order_fulfillment_order_form_no.fe6909a71c"
[0m13:46:24.251286 [debug] [Thread-1 (]: On test.jeans_mfg_data_pipeline.not_null_fct_order_fulfillment_order_form_no.fe6909a71c: /* {"app": "dbt", "dbt_version": "1.11.2", "profile_name": "jeans_mfg_data_pipeline", "target_name": "dev", "node_id": "test.jeans_mfg_data_pipeline.not_null_fct_order_fulfillment_order_form_no.fe6909a71c"} */

    select
      count(*) as failures,
      count(*) != 0 as should_warn,
      count(*) != 0 as should_error
    from (
      
    
  
    
    



select order_form_no
from "jeans_source_db"."marts"."fct_order_fulfillment"
where order_form_no is null



  
  
      
    ) dbt_internal_test
[0m13:46:24.253374 [debug] [Thread-1 (]: Opening a new connection, currently in state closed
[0m13:46:24.308291 [debug] [Thread-1 (]: SQL status: SELECT 1 in 0.055 seconds
[0m13:46:24.325298 [debug] [Thread-1 (]: On test.jeans_mfg_data_pipeline.not_null_fct_order_fulfillment_order_form_no.fe6909a71c: ROLLBACK
[0m13:46:24.330936 [debug] [Thread-1 (]: On test.jeans_mfg_data_pipeline.not_null_fct_order_fulfillment_order_form_no.fe6909a71c: Close
[0m13:46:24.335060 [info ] [Thread-1 (]: 2 of 8 PASS not_null_fct_order_fulfillment_order_form_no ....................... [[32mPASS[0m in 0.14s]
[0m13:46:24.340169 [debug] [Thread-1 (]: Finished running node test.jeans_mfg_data_pipeline.not_null_fct_order_fulfillment_order_form_no.fe6909a71c
[0m13:46:24.342470 [debug] [Thread-1 (]: Began running node test.jeans_mfg_data_pipeline.source_not_null_raw_raw_orders_order_form_no.f25a34ab78
[0m13:46:24.344729 [info ] [Thread-1 (]: 3 of 8 START test source_not_null_raw_raw_orders_order_form_no ................. [RUN]
[0m13:46:24.347621 [debug] [Thread-1 (]: Re-using an available connection from the pool (formerly test.jeans_mfg_data_pipeline.not_null_fct_order_fulfillment_order_form_no.fe6909a71c, now test.jeans_mfg_data_pipeline.source_not_null_raw_raw_orders_order_form_no.f25a34ab78)
[0m13:46:24.349883 [debug] [Thread-1 (]: Began compiling node test.jeans_mfg_data_pipeline.source_not_null_raw_raw_orders_order_form_no.f25a34ab78
[0m13:46:24.375698 [debug] [Thread-1 (]: Writing injected SQL for node "test.jeans_mfg_data_pipeline.source_not_null_raw_raw_orders_order_form_no.f25a34ab78"
[0m13:46:24.383853 [debug] [Thread-1 (]: Began executing node test.jeans_mfg_data_pipeline.source_not_null_raw_raw_orders_order_form_no.f25a34ab78
[0m13:46:24.398614 [debug] [Thread-1 (]: Writing runtime sql for node "test.jeans_mfg_data_pipeline.source_not_null_raw_raw_orders_order_form_no.f25a34ab78"
[0m13:46:24.408537 [debug] [Thread-1 (]: Using postgres connection "test.jeans_mfg_data_pipeline.source_not_null_raw_raw_orders_order_form_no.f25a34ab78"
[0m13:46:24.408537 [debug] [Thread-1 (]: On test.jeans_mfg_data_pipeline.source_not_null_raw_raw_orders_order_form_no.f25a34ab78: /* {"app": "dbt", "dbt_version": "1.11.2", "profile_name": "jeans_mfg_data_pipeline", "target_name": "dev", "node_id": "test.jeans_mfg_data_pipeline.source_not_null_raw_raw_orders_order_form_no.f25a34ab78"} */

    select
      count(*) as failures,
      count(*) != 0 as should_warn,
      count(*) != 0 as should_error
    from (
      
    
  
    
    



select order_form_no
from "jeans_source_db"."public"."raw_orders"
where order_form_no is null



  
  
      
    ) dbt_internal_test
[0m13:46:24.412963 [debug] [Thread-1 (]: Opening a new connection, currently in state closed
[0m13:46:24.463542 [debug] [Thread-1 (]: SQL status: SELECT 1 in 0.053 seconds
[0m13:46:24.473151 [debug] [Thread-1 (]: On test.jeans_mfg_data_pipeline.source_not_null_raw_raw_orders_order_form_no.f25a34ab78: ROLLBACK
[0m13:46:24.474720 [debug] [Thread-1 (]: On test.jeans_mfg_data_pipeline.source_not_null_raw_raw_orders_order_form_no.f25a34ab78: Close
[0m13:46:24.480426 [info ] [Thread-1 (]: 3 of 8 PASS source_not_null_raw_raw_orders_order_form_no ....................... [[32mPASS[0m in 0.13s]
[0m13:46:24.484547 [debug] [Thread-1 (]: Finished running node test.jeans_mfg_data_pipeline.source_not_null_raw_raw_orders_order_form_no.f25a34ab78
[0m13:46:24.488972 [debug] [Thread-1 (]: Began running node test.jeans_mfg_data_pipeline.source_not_null_raw_raw_production_logs_order_form_no.009b7e83ba
[0m13:46:24.491353 [info ] [Thread-1 (]: 4 of 8 START test source_not_null_raw_raw_production_logs_order_form_no ........ [RUN]
[0m13:46:24.494411 [debug] [Thread-1 (]: Re-using an available connection from the pool (formerly test.jeans_mfg_data_pipeline.source_not_null_raw_raw_orders_order_form_no.f25a34ab78, now test.jeans_mfg_data_pipeline.source_not_null_raw_raw_production_logs_order_form_no.009b7e83ba)
[0m13:46:24.497713 [debug] [Thread-1 (]: Began compiling node test.jeans_mfg_data_pipeline.source_not_null_raw_raw_production_logs_order_form_no.009b7e83ba
[0m13:46:24.522809 [debug] [Thread-1 (]: Writing injected SQL for node "test.jeans_mfg_data_pipeline.source_not_null_raw_raw_production_logs_order_form_no.009b7e83ba"
[0m13:46:24.528653 [debug] [Thread-1 (]: Began executing node test.jeans_mfg_data_pipeline.source_not_null_raw_raw_production_logs_order_form_no.009b7e83ba
[0m13:46:24.541467 [debug] [Thread-1 (]: Writing runtime sql for node "test.jeans_mfg_data_pipeline.source_not_null_raw_raw_production_logs_order_form_no.009b7e83ba"
[0m13:46:24.545944 [debug] [Thread-1 (]: Using postgres connection "test.jeans_mfg_data_pipeline.source_not_null_raw_raw_production_logs_order_form_no.009b7e83ba"
[0m13:46:24.548522 [debug] [Thread-1 (]: On test.jeans_mfg_data_pipeline.source_not_null_raw_raw_production_logs_order_form_no.009b7e83ba: /* {"app": "dbt", "dbt_version": "1.11.2", "profile_name": "jeans_mfg_data_pipeline", "target_name": "dev", "node_id": "test.jeans_mfg_data_pipeline.source_not_null_raw_raw_production_logs_order_form_no.009b7e83ba"} */

    select
      count(*) as failures,
      count(*) != 0 as should_warn,
      count(*) != 0 as should_error
    from (
      
    
  
    
    



select order_form_no
from "jeans_source_db"."public"."raw_production_logs"
where order_form_no is null



  
  
      
    ) dbt_internal_test
[0m13:46:24.549563 [debug] [Thread-1 (]: Opening a new connection, currently in state closed
[0m13:46:24.605860 [debug] [Thread-1 (]: SQL status: SELECT 1 in 0.055 seconds
[0m13:46:24.612246 [debug] [Thread-1 (]: On test.jeans_mfg_data_pipeline.source_not_null_raw_raw_production_logs_order_form_no.009b7e83ba: ROLLBACK
[0m13:46:24.617550 [debug] [Thread-1 (]: On test.jeans_mfg_data_pipeline.source_not_null_raw_raw_production_logs_order_form_no.009b7e83ba: Close
[0m13:46:24.622363 [info ] [Thread-1 (]: 4 of 8 PASS source_not_null_raw_raw_production_logs_order_form_no .............. [[32mPASS[0m in 0.13s]
[0m13:46:24.625839 [debug] [Thread-1 (]: Finished running node test.jeans_mfg_data_pipeline.source_not_null_raw_raw_production_logs_order_form_no.009b7e83ba
[0m13:46:24.631854 [debug] [Thread-1 (]: Began running node test.jeans_mfg_data_pipeline.source_not_null_raw_raw_shipping_logs_order_form_no.9419f506de
[0m13:46:24.634581 [info ] [Thread-1 (]: 5 of 8 START test source_not_null_raw_raw_shipping_logs_order_form_no .......... [RUN]
[0m13:46:24.638499 [debug] [Thread-1 (]: Re-using an available connection from the pool (formerly test.jeans_mfg_data_pipeline.source_not_null_raw_raw_production_logs_order_form_no.009b7e83ba, now test.jeans_mfg_data_pipeline.source_not_null_raw_raw_shipping_logs_order_form_no.9419f506de)
[0m13:46:24.640845 [debug] [Thread-1 (]: Began compiling node test.jeans_mfg_data_pipeline.source_not_null_raw_raw_shipping_logs_order_form_no.9419f506de
[0m13:46:24.661138 [debug] [Thread-1 (]: Writing injected SQL for node "test.jeans_mfg_data_pipeline.source_not_null_raw_raw_shipping_logs_order_form_no.9419f506de"
[0m13:46:24.666901 [debug] [Thread-1 (]: Began executing node test.jeans_mfg_data_pipeline.source_not_null_raw_raw_shipping_logs_order_form_no.9419f506de
[0m13:46:24.677500 [debug] [Thread-1 (]: Writing runtime sql for node "test.jeans_mfg_data_pipeline.source_not_null_raw_raw_shipping_logs_order_form_no.9419f506de"
[0m13:46:24.681867 [debug] [Thread-1 (]: Using postgres connection "test.jeans_mfg_data_pipeline.source_not_null_raw_raw_shipping_logs_order_form_no.9419f506de"
[0m13:46:24.683569 [debug] [Thread-1 (]: On test.jeans_mfg_data_pipeline.source_not_null_raw_raw_shipping_logs_order_form_no.9419f506de: /* {"app": "dbt", "dbt_version": "1.11.2", "profile_name": "jeans_mfg_data_pipeline", "target_name": "dev", "node_id": "test.jeans_mfg_data_pipeline.source_not_null_raw_raw_shipping_logs_order_form_no.9419f506de"} */

    select
      count(*) as failures,
      count(*) != 0 as should_warn,
      count(*) != 0 as should_error
    from (
      
    
  
    
    



select order_form_no
from "jeans_source_db"."public"."raw_shipping_logs"
where order_form_no is null



  
  
      
    ) dbt_internal_test
[0m13:46:24.685120 [debug] [Thread-1 (]: Opening a new connection, currently in state closed
[0m13:46:24.749584 [debug] [Thread-1 (]: SQL status: SELECT 1 in 0.064 seconds
[0m13:46:24.758388 [debug] [Thread-1 (]: On test.jeans_mfg_data_pipeline.source_not_null_raw_raw_shipping_logs_order_form_no.9419f506de: ROLLBACK
[0m13:46:24.763200 [debug] [Thread-1 (]: On test.jeans_mfg_data_pipeline.source_not_null_raw_raw_shipping_logs_order_form_no.9419f506de: Close
[0m13:46:24.768421 [info ] [Thread-1 (]: 5 of 8 PASS source_not_null_raw_raw_shipping_logs_order_form_no ................ [[32mPASS[0m in 0.13s]
[0m13:46:24.779631 [debug] [Thread-1 (]: Finished running node test.jeans_mfg_data_pipeline.source_not_null_raw_raw_shipping_logs_order_form_no.9419f506de
[0m13:46:24.783238 [debug] [Thread-1 (]: Began running node test.jeans_mfg_data_pipeline.source_unique_raw_raw_orders_order_form_no.9cb592e22d
[0m13:46:24.792873 [info ] [Thread-1 (]: 6 of 8 START test source_unique_raw_raw_orders_order_form_no ................... [RUN]
[0m13:46:24.795799 [debug] [Thread-1 (]: Re-using an available connection from the pool (formerly test.jeans_mfg_data_pipeline.source_not_null_raw_raw_shipping_logs_order_form_no.9419f506de, now test.jeans_mfg_data_pipeline.source_unique_raw_raw_orders_order_form_no.9cb592e22d)
[0m13:46:24.797790 [debug] [Thread-1 (]: Began compiling node test.jeans_mfg_data_pipeline.source_unique_raw_raw_orders_order_form_no.9cb592e22d
[0m13:46:24.836362 [debug] [Thread-1 (]: Writing injected SQL for node "test.jeans_mfg_data_pipeline.source_unique_raw_raw_orders_order_form_no.9cb592e22d"
[0m13:46:24.846951 [debug] [Thread-1 (]: Began executing node test.jeans_mfg_data_pipeline.source_unique_raw_raw_orders_order_form_no.9cb592e22d
[0m13:46:24.866982 [debug] [Thread-1 (]: Writing runtime sql for node "test.jeans_mfg_data_pipeline.source_unique_raw_raw_orders_order_form_no.9cb592e22d"
[0m13:46:24.880596 [debug] [Thread-1 (]: Using postgres connection "test.jeans_mfg_data_pipeline.source_unique_raw_raw_orders_order_form_no.9cb592e22d"
[0m13:46:24.883161 [debug] [Thread-1 (]: On test.jeans_mfg_data_pipeline.source_unique_raw_raw_orders_order_form_no.9cb592e22d: /* {"app": "dbt", "dbt_version": "1.11.2", "profile_name": "jeans_mfg_data_pipeline", "target_name": "dev", "node_id": "test.jeans_mfg_data_pipeline.source_unique_raw_raw_orders_order_form_no.9cb592e22d"} */

    select
      count(*) as failures,
      count(*) != 0 as should_warn,
      count(*) != 0 as should_error
    from (
      
    
  
    
    

select
    order_form_no as unique_field,
    count(*) as n_records

from "jeans_source_db"."public"."raw_orders"
where order_form_no is not null
group by order_form_no
having count(*) > 1



  
  
      
    ) dbt_internal_test
[0m13:46:24.887268 [debug] [Thread-1 (]: Opening a new connection, currently in state closed
[0m13:46:24.972551 [debug] [Thread-1 (]: SQL status: SELECT 1 in 0.085 seconds
[0m13:46:24.983377 [debug] [Thread-1 (]: On test.jeans_mfg_data_pipeline.source_unique_raw_raw_orders_order_form_no.9cb592e22d: ROLLBACK
[0m13:46:24.993212 [debug] [Thread-1 (]: On test.jeans_mfg_data_pipeline.source_unique_raw_raw_orders_order_form_no.9cb592e22d: Close
[0m13:46:24.998941 [error] [Thread-1 (]: 6 of 8 FAIL 329 source_unique_raw_raw_orders_order_form_no ..................... [[31mFAIL 329[0m in 0.20s]
[0m13:46:25.004358 [debug] [Thread-1 (]: Finished running node test.jeans_mfg_data_pipeline.source_unique_raw_raw_orders_order_form_no.9cb592e22d
[0m13:46:25.006111 [debug] [Thread-1 (]: Began running node test.jeans_mfg_data_pipeline.source_unique_raw_raw_shipping_logs_order_form_no.efc01c8fbb
[0m13:46:25.007752 [info ] [Thread-1 (]: 7 of 8 START test source_unique_raw_raw_shipping_logs_order_form_no ............ [RUN]
[0m13:46:25.010615 [debug] [Thread-1 (]: Re-using an available connection from the pool (formerly test.jeans_mfg_data_pipeline.source_unique_raw_raw_orders_order_form_no.9cb592e22d, now test.jeans_mfg_data_pipeline.source_unique_raw_raw_shipping_logs_order_form_no.efc01c8fbb)
[0m13:46:25.012865 [debug] [Thread-1 (]: Began compiling node test.jeans_mfg_data_pipeline.source_unique_raw_raw_shipping_logs_order_form_no.efc01c8fbb
[0m13:46:25.028314 [debug] [Thread-1 (]: Writing injected SQL for node "test.jeans_mfg_data_pipeline.source_unique_raw_raw_shipping_logs_order_form_no.efc01c8fbb"
[0m13:46:25.033052 [debug] [Thread-1 (]: Began executing node test.jeans_mfg_data_pipeline.source_unique_raw_raw_shipping_logs_order_form_no.efc01c8fbb
[0m13:46:25.045262 [debug] [Thread-1 (]: Writing runtime sql for node "test.jeans_mfg_data_pipeline.source_unique_raw_raw_shipping_logs_order_form_no.efc01c8fbb"
[0m13:46:25.049064 [debug] [Thread-1 (]: Using postgres connection "test.jeans_mfg_data_pipeline.source_unique_raw_raw_shipping_logs_order_form_no.efc01c8fbb"
[0m13:46:25.052877 [debug] [Thread-1 (]: On test.jeans_mfg_data_pipeline.source_unique_raw_raw_shipping_logs_order_form_no.efc01c8fbb: /* {"app": "dbt", "dbt_version": "1.11.2", "profile_name": "jeans_mfg_data_pipeline", "target_name": "dev", "node_id": "test.jeans_mfg_data_pipeline.source_unique_raw_raw_shipping_logs_order_form_no.efc01c8fbb"} */

    select
      count(*) as failures,
      count(*) != 0 as should_warn,
      count(*) != 0 as should_error
    from (
      
    
  
    
    

select
    order_form_no as unique_field,
    count(*) as n_records

from "jeans_source_db"."public"."raw_shipping_logs"
where order_form_no is not null
group by order_form_no
having count(*) > 1



  
  
      
    ) dbt_internal_test
[0m13:46:25.056531 [debug] [Thread-1 (]: Opening a new connection, currently in state closed
[0m13:46:25.124987 [debug] [Thread-1 (]: SQL status: SELECT 1 in 0.070 seconds
[0m13:46:25.135150 [debug] [Thread-1 (]: On test.jeans_mfg_data_pipeline.source_unique_raw_raw_shipping_logs_order_form_no.efc01c8fbb: ROLLBACK
[0m13:46:25.142880 [debug] [Thread-1 (]: On test.jeans_mfg_data_pipeline.source_unique_raw_raw_shipping_logs_order_form_no.efc01c8fbb: Close
[0m13:46:25.148689 [info ] [Thread-1 (]: 7 of 8 PASS source_unique_raw_raw_shipping_logs_order_form_no .................. [[32mPASS[0m in 0.14s]
[0m13:46:25.155440 [debug] [Thread-1 (]: Finished running node test.jeans_mfg_data_pipeline.source_unique_raw_raw_shipping_logs_order_form_no.efc01c8fbb
[0m13:46:25.159540 [debug] [Thread-1 (]: Began running node test.jeans_mfg_data_pipeline.unique_fct_order_fulfillment_order_form_no.2e1eae2444
[0m13:46:25.163141 [info ] [Thread-1 (]: 8 of 8 START test unique_fct_order_fulfillment_order_form_no ................... [RUN]
[0m13:46:25.167479 [debug] [Thread-1 (]: Re-using an available connection from the pool (formerly test.jeans_mfg_data_pipeline.source_unique_raw_raw_shipping_logs_order_form_no.efc01c8fbb, now test.jeans_mfg_data_pipeline.unique_fct_order_fulfillment_order_form_no.2e1eae2444)
[0m13:46:25.169152 [debug] [Thread-1 (]: Began compiling node test.jeans_mfg_data_pipeline.unique_fct_order_fulfillment_order_form_no.2e1eae2444
[0m13:46:25.180273 [debug] [Thread-1 (]: Writing injected SQL for node "test.jeans_mfg_data_pipeline.unique_fct_order_fulfillment_order_form_no.2e1eae2444"
[0m13:46:25.185346 [debug] [Thread-1 (]: Began executing node test.jeans_mfg_data_pipeline.unique_fct_order_fulfillment_order_form_no.2e1eae2444
[0m13:46:25.198748 [debug] [Thread-1 (]: Writing runtime sql for node "test.jeans_mfg_data_pipeline.unique_fct_order_fulfillment_order_form_no.2e1eae2444"
[0m13:46:25.204913 [debug] [Thread-1 (]: Using postgres connection "test.jeans_mfg_data_pipeline.unique_fct_order_fulfillment_order_form_no.2e1eae2444"
[0m13:46:25.207972 [debug] [Thread-1 (]: On test.jeans_mfg_data_pipeline.unique_fct_order_fulfillment_order_form_no.2e1eae2444: /* {"app": "dbt", "dbt_version": "1.11.2", "profile_name": "jeans_mfg_data_pipeline", "target_name": "dev", "node_id": "test.jeans_mfg_data_pipeline.unique_fct_order_fulfillment_order_form_no.2e1eae2444"} */

    select
      count(*) as failures,
      count(*) != 0 as should_warn,
      count(*) != 0 as should_error
    from (
      
    
  
    
    

select
    order_form_no as unique_field,
    count(*) as n_records

from "jeans_source_db"."marts"."fct_order_fulfillment"
where order_form_no is not null
group by order_form_no
having count(*) > 1



  
  
      
    ) dbt_internal_test
[0m13:46:25.209123 [debug] [Thread-1 (]: Opening a new connection, currently in state closed
[0m13:46:25.259220 [debug] [Thread-1 (]: SQL status: SELECT 1 in 0.050 seconds
[0m13:46:25.266681 [debug] [Thread-1 (]: On test.jeans_mfg_data_pipeline.unique_fct_order_fulfillment_order_form_no.2e1eae2444: ROLLBACK
[0m13:46:25.269455 [debug] [Thread-1 (]: On test.jeans_mfg_data_pipeline.unique_fct_order_fulfillment_order_form_no.2e1eae2444: Close
[0m13:46:25.275088 [error] [Thread-1 (]: 8 of 8 FAIL 310 unique_fct_order_fulfillment_order_form_no ..................... [[31mFAIL 310[0m in 0.11s]
[0m13:46:25.279140 [debug] [Thread-1 (]: Finished running node test.jeans_mfg_data_pipeline.unique_fct_order_fulfillment_order_form_no.2e1eae2444
[0m13:46:25.284646 [debug] [MainThread]: On master: COMMIT
[0m13:46:25.286930 [debug] [MainThread]: Using postgres connection "master"
[0m13:46:25.289451 [debug] [MainThread]: On master: COMMIT
[0m13:46:25.294397 [debug] [MainThread]: Opening a new connection, currently in state closed
[0m13:46:25.356800 [debug] [MainThread]: SQL status: COMMIT in 0.062 seconds
[0m13:46:25.358469 [debug] [MainThread]: On master: Close
[0m13:46:25.359507 [debug] [MainThread]: Connection 'master' was properly closed.
[0m13:46:25.363022 [debug] [MainThread]: Connection 'list_jeans_source_db_staging' was properly closed.
[0m13:46:25.365600 [debug] [MainThread]: Connection 'test.jeans_mfg_data_pipeline.unique_fct_order_fulfillment_order_form_no.2e1eae2444' was properly closed.
[0m13:46:25.369217 [info ] [MainThread]: 
[0m13:46:25.371934 [info ] [MainThread]: Finished running 8 data tests in 0 hours 0 minutes and 2.36 seconds (2.36s).
[0m13:46:25.381449 [debug] [MainThread]: Command end result
[0m13:46:25.563116 [debug] [MainThread]: Wrote artifact WritableManifest to C:\Data Engineering\jeans_mfg_data_pipeline\target\manifest.json
[0m13:46:25.592424 [debug] [MainThread]: Wrote artifact SemanticManifest to C:\Data Engineering\jeans_mfg_data_pipeline\target\semantic_manifest.json
[0m13:46:25.630440 [debug] [MainThread]: Wrote artifact RunExecutionResult to C:\Data Engineering\jeans_mfg_data_pipeline\target\run_results.json
[0m13:46:25.632557 [info ] [MainThread]: 
[0m13:46:25.634661 [info ] [MainThread]: [31mCompleted with 3 errors, 0 partial successes, and 0 warnings:[0m
[0m13:46:25.640587 [info ] [MainThread]: 
[0m13:46:25.643453 [error] [MainThread]: [31mFailure in test accepted_values_fct_order_fulfillment_current_production_stage__False__Cutting__Stitching__Washing__Packing (models\schema.yml)[0m
[0m13:46:25.646294 [error] [MainThread]:   Database Error in test accepted_values_fct_order_fulfillment_current_production_stage__False__Cutting__Stitching__Washing__Packing (models\schema.yml)
  column "cutting" does not exist
  LINE 28:     Cutting,Stitching,Washing,Packing
               ^
  compiled code at target\run\jeans_mfg_data_pipeline\models\schema.yml\accepted_values_fct_order_fulf_752a0b0db2da6d089bcf2b7b1fc3d8a9.sql
[0m13:46:25.649019 [info ] [MainThread]: 
[0m13:46:25.653371 [info ] [MainThread]:   compiled code at target\compiled\jeans_mfg_data_pipeline\models\schema.yml\accepted_values_fct_order_fulf_752a0b0db2da6d089bcf2b7b1fc3d8a9.sql
[0m13:46:25.658490 [info ] [MainThread]: 
[0m13:46:25.675881 [error] [MainThread]: [31mFailure in test source_unique_raw_raw_orders_order_form_no (models\sources.yml)[0m
[0m13:46:25.680261 [error] [MainThread]:   Got 329 results, configured to fail if != 0
[0m13:46:25.682591 [info ] [MainThread]: 
[0m13:46:25.685138 [info ] [MainThread]:   compiled code at target\compiled\jeans_mfg_data_pipeline\models\sources.yml\source_unique_raw_raw_orders_order_form_no.sql
[0m13:46:25.688385 [info ] [MainThread]: 
[0m13:46:25.691779 [error] [MainThread]: [31mFailure in test unique_fct_order_fulfillment_order_form_no (models\schema.yml)[0m
[0m13:46:25.695298 [error] [MainThread]:   Got 310 results, configured to fail if != 0
[0m13:46:25.696360 [info ] [MainThread]: 
[0m13:46:25.700665 [info ] [MainThread]:   compiled code at target\compiled\jeans_mfg_data_pipeline\models\schema.yml\unique_fct_order_fulfillment_order_form_no.sql
[0m13:46:25.703394 [info ] [MainThread]: 
[0m13:46:25.706834 [info ] [MainThread]: Done. PASS=5 WARN=0 ERROR=3 SKIP=0 NO-OP=0 TOTAL=8
[0m13:46:25.711128 [debug] [MainThread]: Command `dbt test` failed at 13:46:25.710039 after 6.65 seconds
[0m13:46:25.713232 [debug] [MainThread]: Sending event: {'category': 'dbt', 'action': 'invocation', 'label': 'end', 'context': [<snowplow_tracker.self_describing_json.SelfDescribingJson object at 0x000001BD6ABC5AD0>, <snowplow_tracker.self_describing_json.SelfDescribingJson object at 0x000001BD6ABC5ED0>, <snowplow_tracker.self_describing_json.SelfDescribingJson object at 0x000001BD70487990>]}
[0m13:46:25.715350 [debug] [MainThread]: Flushing usage events
[0m13:46:27.719384 [debug] [MainThread]: An error was encountered while trying to flush usage events
